areaId,origin,temperature_t,temperature_t_minus_1,temperature_t_minus_2,mean_5y,trend_5y_c_per_year,std_5y,latitude,longitude_sin,longitude_cos,log_area_km2,origin_since_1982
arabian,1986,27.65,27.51,27.36,27.658,-0.091,0.210846,12.45006,0.892737,0.450579,15.248859,4
arctic,1986,-1.6,-1.61,-1.6,-1.614,0.007,0.014967,80.71087,-0.663278,-0.748373,15.460999,4
atlantic-north,1986,20.92,20.94,21.0,21.002,-0.036,0.084475,34.248285,-0.672091,0.740468,17.350575,4
atlantic-south,1986,16.87,16.83,16.87,16.79,0.052,0.083905,-30.052735,-0.283797,0.958885,17.511694,4
baltic,1986,8.05,7.52,8.56,8.316,-0.244,0.474325,56.751155,0.324147,0.946007,12.295761,4
bengal,1986,28.42,28.34,28.31,28.422,-0.029,0.104575,14.952905,0.998516,0.054454,14.60031,4
bering,1986,4.49,4.13,4.37,4.308,0.043,0.150253,58.967385,-0.158169,-0.987412,14.671337,4
black,1986,14.99,14.19,15.05,14.87,-0.101,0.340999,43.712375,0.560251,0.828323,12.953789,4
caribbean,1986,27.47,27.45,27.51,27.596,-0.082,0.16439,15.28978,-0.953381,0.301769,14.854371,4
caspian,1986,14.05,14.02,14.02,14.036,-0.003,0.016248,41.860385,0.771846,0.635809,12.8917,4
coral,1986,26.37,26.38,26.17,26.246,0.086,0.167165,-18.698505,0.380185,-0.92491,15.224138,4
gulf-mexico,1986,25.87,25.88,25.41,25.83,-0.056,0.249399,24.262605,-0.999978,-0.00665,14.25895,4
iho-adriatic-sea,1986,18.16,17.94,17.69,18.028,-0.03,0.192395,42.750975,0.274561,0.96157,11.860389,4
iho-aegean-sea,1986,19.16,19.11,19.06,19.068,0.023,0.131666,38.064275,0.434155,0.900838,12.178673,4
iho-alboran-sea,1986,18.22,18.39,17.96,18.228,-0.005,0.14552,36.00498,-0.059967,0.9982,10.904011,4
iho-andaman-or-burma-sea,1986,28.62,28.6,28.61,28.678,-0.044,0.091739,11.345655,0.995242,-0.097431,13.323568,4
iho-arafura-sea,1986,28.14,27.96,27.84,27.898,0.127,0.263848,-10.39485,0.686759,-0.726885,13.831679,4
iho-baffin-bay,1986,-0.82,-0.5,-0.61,-0.66,-0.016,0.115065,76.206255,-0.960545,0.278125,13.18762,4
iho-banda-sea,1986,28.56,28.49,28.36,28.348,0.138,0.233529,-4.85558,0.793037,-0.609173,13.443201,4
iho-barentsz-sea,1986,1.53,1.86,2.29,1.766,0.06,0.384739,73.955765,0.603995,0.796988,14.172227,4
iho-bass-strait,1986,15.47,15.78,15.66,15.692,-0.055,0.124804,-39.35622,0.559203,-0.82903,11.637695,4
iho-bay-of-biscay,1986,14.63,15.01,14.69,14.85,-0.067,0.161864,45.567995,-0.063151,0.998004,12.067709,4
iho-beaufort-sea,1986,-0.93,-1.26,-1.17,-0.974,-0.113,0.271779,72.07828,-0.657818,-0.753177,12.994443,4
iho-bismarck-sea,1986,29.3,29.41,29.45,29.172,0.152,0.270141,-3.51689,0.531651,-0.846963,12.741831,4
iho-celebes-sea,1986,28.89,28.92,28.72,28.798,0.048,0.089978,4.320085,0.849589,-0.527446,13.027678,4
iho-celtic-sea,1986,12.28,12.69,12.97,12.788,-0.18,0.281311,49.57831,-0.146291,0.989242,12.280984,4
iho-ceram-sea,1986,28.68,28.58,28.49,28.436,0.153,0.241379,-3.22909,0.747368,-0.66441,11.985275,4
iho-chukchi-sea,1986,0.78,-0.06,0.15,0.192,0.11,0.344871,68.851175,-0.125299,-0.992119,12.764697,4
iho-davis-strait,1986,0.83,1.17,0.09,0.47,0.216,0.48,65.055565,-0.846344,0.532637,13.53112,4
iho-east-siberian-sea,1986,-1.05,-1.09,-1.02,-1.018,-0.028,0.049558,72.69595,0.353866,-0.935296,13.372628,4
iho-eastern-china-sea,1986,21.71,21.81,21.7,21.78,-0.016,0.10315,28.689,0.810496,-0.585744,13.538823,4
iho-english-channel,1986,11.75,12.08,12.44,12.28,-0.222,0.325883,49.79585,-0.044076,0.999028,11.310102,4
iho-flores-sea,1986,28.45,28.45,28.35,28.318,0.11,0.207307,-7.10454,0.870955,-0.491364,11.533032,4
iho-great-australian-bight,1986,15.97,16.39,16.14,16.162,-0.006,0.141901,-37.505585,0.733327,-0.679876,14.094371,4
iho-greenland-sea,1986,0.69,0.94,0.98,0.756,0.077,0.214905,73.913585,-0.141862,0.989886,13.994943,4
iho-gulf-of-aden,1986,27.96,28.0,27.71,28.074,-0.11,0.24703,12.781685,0.745063,0.666994,12.469715,4
iho-gulf-of-alaska,1986,7.87,7.45,8.36,7.848,0.041,0.459887,57.908245,-0.562787,-0.826602,12.941426,4
iho-gulf-of-bothnia,1986,6.12,5.83,7.03,6.502,-0.237,0.459713,62.78759,0.334482,0.942402,11.677191,4
iho-gulf-of-california,1986,23.82,23.72,24.08,24.176,-0.209,0.478188,27.3495,-0.931231,-0.364428,12.100261,4
iho-gulf-of-finland,1986,6.49,6.37,6.78,6.644,-0.097,0.181615,61.031815,0.521086,0.853504,10.977348,4
iho-gulf-of-guinea,1986,27.49,27.5,27.88,27.526,0.042,0.191165,2.77271,0.064397,0.997924,13.525242,4
iho-gulf-of-st-lawrence,1986,5.0,5.24,5.36,5.378,-0.149,0.278883,48.66826,-0.878473,0.477793,12.581716,4
iho-gulf-of-thailand,1986,28.65,28.75,28.5,28.774,-0.085,0.192935,9.90349,0.977828,-0.209412,12.593929,4
iho-halmahera-sea,1986,28.93,28.86,28.91,28.786,0.102,0.168594,0.437415,0.774409,-0.632686,11.228075,4
iho-hudson-bay,1986,0.65,0.71,0.85,0.794,-0.056,0.105376,58.60554,-0.997337,0.072937,13.641849,4
iho-hudson-strait,1986,-0.27,-0.24,-0.66,-0.384,0.021,0.171184,61.466505,-0.930268,0.366881,12.213959,4
iho-inner-seas-off-the-west-coast-of-scotland,1986,10.04,10.23,10.47,10.352,-0.13,0.19436,56.46592,-0.121627,0.992576,10.70905,4
iho-ionian-sea,1986,19.57,19.5,19.1,19.398,0.029,0.177696,38.47898,0.322653,0.946517,12.053467,4
iho-irish-sea-and-st-george-s-channel,1986,10.42,10.74,10.95,10.876,-0.187,0.272074,53.43632,-0.079881,0.996804,10.731206,4
iho-japan-sea,1986,12.35,12.81,12.79,12.752,-0.124,0.207692,42.18206,0.706473,-0.70774,13.879648,4
iho-java-sea,1986,28.61,28.68,28.56,28.61,0.038,0.181328,-5.161905,0.925947,-0.377653,13.236044,4
iho-kara-sea,1986,-0.66,-0.07,-0.19,-0.4,0.027,0.229347,73.75758,0.949378,0.314137,13.726479,4
iho-labrador-sea,1986,3.22,3.01,2.42,2.786,0.138,0.303355,53.9349,-0.795011,0.606595,13.677779,4
iho-laccadive-sea,1986,28.39,28.36,28.34,28.552,-0.132,0.233358,7.04053,0.970503,0.241089,13.635995,4
iho-laptev-sea,1986,-0.89,-0.62,-0.74,-0.694,-0.045,0.133357,72.49477,0.718747,-0.695271,13.179195,4
iho-makassar-strait,1986,28.99,28.99,28.93,28.902,0.068,0.110707,-2.133915,0.884652,-0.466253,12.186416,4
iho-malacca-strait,1986,28.93,28.98,28.9,29.036,-0.058,0.150811,4.62758,0.986752,-0.162235,12.176829,4
iho-molukka-sea,1986,28.88,28.88,28.77,28.706,0.124,0.18413,1.29441,0.806409,-0.591359,12.302019,4
iho-mozambique-channel,1986,26.52,26.51,26.35,26.578,-0.05,0.207403,-18.652675,0.646908,0.762568,14.13694,4
iho-norwegian-sea,1986,6.4,6.54,6.51,6.384,0.074,0.146233,68.77561,0.033764,0.99943,14.188602,4
iho-persian-gulf,1986,27.24,26.84,26.55,26.634,0.235,0.382863,27.25814,0.777543,0.62883,12.408351,4
iho-philippine-sea,1986,27.06,27.03,27.05,27.076,-0.009,0.084522,18.90921,0.720574,-0.693378,15.536311,4
iho-sea-of-okhotsk,1986,4.15,3.88,4.29,4.14,-0.034,0.141563,52.970885,0.505452,-0.862855,14.298006,4
iho-skagerrak,1986,8.95,9.18,9.5,9.474,-0.259,0.369464,58.491525,0.17484,0.984597,10.380145,4
iho-solomon-sea,1986,28.74,28.92,28.78,28.638,0.141,0.238696,-8.362475,0.4558,-0.890082,13.512255,4
iho-sulu-sea,1986,28.61,28.57,28.48,28.636,-0.035,0.14094,9.24238,0.860336,-0.509727,12.720177,4
iho-the-coastal-waters-of-southeast-alaska-and-british-columbia,1986,9.42,8.65,9.18,9.132,0.029,0.366791,53.145505,-0.75872,-0.651416,11.748468,4
iho-the-northwestern-passages,1986,-1.15,-0.95,-0.97,-1.03,-0.016,0.072664,72.743745,-0.999893,-0.014615,13.883329,4
iho-timor-sea,1986,28.49,28.4,28.52,28.408,0.073,0.205271,-11.69447,0.798564,-0.60191,12.967616,4
iho-tyrrhenian-sea,1986,18.78,18.59,18.08,18.534,0.021,0.247192,40.88606,0.204983,0.978765,12.28902,4
iho-white-sea,1986,2.84,2.76,2.95,2.86,0.005,0.160873,66.11883,0.588055,0.808821,11.426851,4
iho-yellow-sea,1986,14.22,14.27,14.32,14.382,-0.079,0.169753,37.10378,0.823032,-0.567996,12.917778,4
indian,1986,18.24,18.3,18.21,18.27,-0.003,0.068411,-24.80201,0.985963,0.166965,17.874379,4
med-east,1986,20.86,20.78,20.35,20.68,0.026,0.191729,33.972405,0.388183,0.921582,13.970857,4
med-west,1986,18.69,18.61,17.86,18.484,0.0,0.319475,39.641195,0.108319,0.994116,13.071896,4
north-sea,1986,9.35,9.56,9.83,9.764,-0.191,0.273759,55.991155,0.048807,0.998808,13.17933,4
pacific-north,1986,22.52,22.32,22.38,22.42,-0.004,0.083905,29.13773,-0.512453,-0.858715,17.983864,4
pacific-south,1986,19.56,19.48,19.6,19.618,-0.053,0.099679,-29.29769,-0.812176,-0.583412,18.148866,4
red,1986,28.13,28.03,27.96,27.934,0.088,0.150546,20.302025,0.622928,0.78228,13.012457,4
south-china,1986,27.5,27.57,27.47,27.618,-0.066,0.145245,11.16138,0.913678,-0.406438,15.019307,4
southern,1986,-0.86,-0.79,-0.8,-0.808,-0.008,0.038678,-72.7774,-0.698579,-0.715533,16.901883,4
tasman,1986,16.31,16.34,16.06,16.13,0.087,0.198696,-40.43461,0.311587,-0.950217,15.020206,4
arabian,1987,28.05,27.65,27.51,27.678,0.075,0.240283,12.45006,0.892737,0.450579,15.248859,5
arctic,1987,-1.63,-1.6,-1.61,-1.616,0.002,0.016248,80.71087,-0.663278,-0.748373,15.460999,5
atlantic-north,1987,21.33,20.92,20.94,21.07,0.026,0.154919,34.248285,-0.672091,0.740468,17.350575,5
atlantic-south,1987,16.88,16.87,16.83,16.832,0.034,0.063372,-30.052735,-0.283797,0.958885,17.511694,5
baltic,1987,7.15,8.05,7.52,8.024,-0.389,0.627968,56.751155,0.324147,0.946007,12.295761,5
bengal,1987,28.74,28.42,28.34,28.484,0.037,0.165239,14.952905,0.998516,0.054454,14.60031,5
bering,1987,4.27,4.49,4.13,4.336,-0.018,0.125475,58.967385,-0.158169,-0.987412,14.671337,5
black,1987,13.97,14.99,14.19,14.652,-0.224,0.472796,43.712375,0.560251,0.828323,12.953789,5
caribbean,1987,28.11,27.47,27.45,27.686,0.04,0.266353,15.28978,-0.953381,0.301769,14.854371,5
caspian,1987,14.05,14.05,14.02,14.034,0.007,0.013565,41.860385,0.771846,0.635809,12.8917,5
coral,1987,26.18,26.37,26.38,26.292,-0.016,0.095791,-18.698505,0.380185,-0.92491,15.224138,5
gulf-mexico,1987,25.67,25.87,25.88,25.726,0.02,0.174883,24.262605,-0.999978,-0.00665,14.25895,5
iho-adriatic-sea,1987,18.2,18.16,17.94,18.026,0.059,0.190536,42.750975,0.274561,0.96157,11.860389,5
iho-aegean-sea,1987,18.98,19.16,19.11,19.026,0.042,0.118929,38.064275,0.434155,0.900838,12.178673,5
iho-alboran-sea,1987,18.72,18.22,18.39,18.31,0.118,0.248032,36.00498,-0.059967,0.9982,10.904011,5
iho-andaman-or-burma-sea,1987,29.12,28.62,28.6,28.758,0.057,0.201832,11.345655,0.995242,-0.097431,13.323568,5
iho-arafura-sea,1987,27.97,28.14,27.96,28.008,-0.002,0.113384,-10.39485,0.686759,-0.726885,13.831679,5
iho-baffin-bay,1987,-0.64,-0.82,-0.5,-0.666,0.003,0.113066,76.206255,-0.960545,0.278125,13.18762,5
iho-banda-sea,1987,28.35,28.56,28.49,28.438,0.004,0.079347,-4.85558,0.793037,-0.609173,13.443201,5
iho-barentsz-sea,1987,1.21,1.53,1.86,1.774,-0.23,0.372484,73.955765,0.603995,0.796988,14.172227,5
iho-bass-strait,1987,15.38,15.47,15.78,15.624,-0.109,0.173966,-39.35622,0.559203,-0.82903,11.637695,5
iho-bay-of-biscay,1987,14.95,14.63,15.01,14.836,0.004,0.149077,45.567995,-0.063151,0.998004,12.067709,5
iho-beaufort-sea,1987,-0.22,-0.93,-1.26,-0.922,0.186,0.368858,72.07828,-0.657818,-0.753177,12.994443,5
iho-bismarck-sea,1987,28.86,29.3,29.41,29.186,-0.025,0.251125,-3.51689,0.531651,-0.846963,12.741831,5
iho-celebes-sea,1987,28.84,28.89,28.92,28.814,0.045,0.088904,4.320085,0.849589,-0.527446,13.027678,5
iho-celtic-sea,1987,12.77,12.28,12.69,12.732,-0.105,0.249672,49.57831,-0.146291,0.989242,12.280984,5
iho-ceram-sea,1987,28.37,28.68,28.58,28.514,0.003,0.10707,-3.22909,0.747368,-0.66441,11.985275,5
iho-chukchi-sea,1987,-0.02,0.78,-0.06,0.126,0.103,0.34754,68.851175,-0.125299,-0.992119,12.764697,5
iho-davis-strait,1987,0.8,0.83,1.17,0.548,0.264,0.495354,65.055565,-0.846344,0.532637,13.53112,5
iho-east-siberian-sea,1987,-1.02,-1.05,-1.09,-1.026,-0.017,0.045869,72.69595,0.353866,-0.935296,13.372628,5
iho-eastern-china-sea,1987,21.87,21.71,21.81,21.812,-0.019,0.101272,28.689,0.810496,-0.585744,13.538823,5
iho-english-channel,1987,12.09,11.75,12.08,12.164,-0.143,0.263712,49.79585,-0.044076,0.999028,11.310102,5
iho-flores-sea,1987,28.29,28.45,28.45,28.394,-0.018,0.06375,-7.10454,0.870955,-0.491364,11.533032,5
iho-great-australian-bight,1987,15.77,15.97,16.39,16.1,-0.109,0.213729,-37.505585,0.733327,-0.679876,14.094371,5
iho-greenland-sea,1987,0.72,0.69,0.94,0.824,-0.043,0.116379,73.913585,-0.141862,0.989886,13.994943,5
iho-gulf-of-aden,1987,28.41,27.96,28.0,28.092,0.031,0.266788,12.781685,0.745063,0.666994,12.469715,5
iho-gulf-of-alaska,1987,8.0,7.87,7.45,8.004,-0.117,0.336012,57.908245,-0.562787,-0.826602,12.941426,5
iho-gulf-of-bothnia,1987,5.27,6.12,5.83,6.174,-0.361,0.611575,62.78759,0.334482,0.942402,11.677191,5
iho-gulf-of-california,1987,23.89,23.82,23.72,24.116,-0.262,0.491308,27.3495,-0.931231,-0.364428,12.100261,5
iho-gulf-of-finland,1987,5.78,6.49,6.37,6.452,-0.241,0.378914,61.031815,0.521086,0.853504,10.977348,5
iho-gulf-of-guinea,1987,28.15,27.49,27.5,27.696,0.099,0.274416,2.77271,0.064397,0.997924,13.525242,5
iho-gulf-of-st-lawrence,1987,5.58,5.0,5.24,5.406,-0.09,0.290489,48.66826,-0.878473,0.477793,12.581716,5
iho-gulf-of-thailand,1987,29.23,28.65,28.75,28.834,0.053,0.265224,9.90349,0.977828,-0.209412,12.593929,5
iho-halmahera-sea,1987,28.6,28.93,28.86,28.812,-0.03,0.121227,0.437415,0.774409,-0.632686,11.228075,5
iho-hudson-bay,1987,0.99,0.65,0.71,0.83,-0.012,0.132061,58.60554,-0.997337,0.072937,13.641849,5
iho-hudson-strait,1987,-0.27,-0.27,-0.24,-0.39,0.087,0.166493,61.466505,-0.930268,0.366881,12.213959,5
iho-inner-seas-off-the-west-coast-of-scotland,1987,10.48,10.04,10.23,10.33,-0.033,0.170997,56.46592,-0.121627,0.992576,10.70905,5
iho-ionian-sea,1987,19.4,19.57,19.5,19.372,0.069,0.165578,38.47898,0.322653,0.946517,12.053467,5
iho-irish-sea-and-st-george-s-channel,1987,10.9,10.42,10.74,10.82,-0.091,0.229172,53.43632,-0.079881,0.996804,10.731206,5
iho-japan-sea,1987,12.66,12.35,12.81,12.696,-0.086,0.186075,42.18206,0.706473,-0.70774,13.879648,5
iho-java-sea,1987,28.67,28.61,28.68,28.68,-0.037,0.108995,-5.161905,0.925947,-0.377653,13.236044,5
iho-kara-sea,1987,-0.52,-0.66,-0.07,-0.388,-0.051,0.221034,73.75758,0.949378,0.314137,13.726479,5
iho-labrador-sea,1987,3.22,3.22,3.01,2.872,0.226,0.349708,53.9349,-0.795011,0.606595,13.677779,5
iho-laccadive-sea,1987,29.04,28.39,28.36,28.602,0.037,0.297079,7.04053,0.970503,0.241089,13.635995,5
iho-laptev-sea,1987,-0.84,-0.89,-0.62,-0.716,-0.085,0.145959,72.49477,0.718747,-0.695271,13.179195,5
iho-makassar-strait,1987,28.98,28.99,28.99,28.96,0.02,0.033466,-2.133915,0.884652,-0.466253,12.186416,5
iho-malacca-strait,1987,29.39,28.93,28.98,29.104,0.017,0.207711,4.62758,0.986752,-0.162235,12.176829,5
iho-molukka-sea,1987,28.59,28.88,28.88,28.744,0.009,0.128156,1.29441,0.806409,-0.591359,12.302019,5
iho-mozambique-channel,1987,26.84,26.52,26.51,26.638,-0.009,0.229904,-18.652675,0.646908,0.762568,14.13694,5
iho-norwegian-sea,1987,6.56,6.4,6.54,6.47,0.033,0.085323,68.77561,0.033764,0.99943,14.188602,5
iho-persian-gulf,1987,27.38,27.24,26.84,26.824,0.323,0.462022,27.25814,0.777543,0.62883,12.408351,5
iho-philippine-sea,1987,27.32,27.06,27.03,27.14,0.017,0.117473,18.90921,0.720574,-0.693378,15.536311,5
iho-sea-of-okhotsk,1987,3.76,4.15,3.88,4.064,-0.11,0.207711,52.970885,0.505452,-0.862855,14.298006,5
iho-skagerrak,1987,8.76,8.95,9.18,9.24,-0.265,0.376988,58.491525,0.17484,0.984597,10.380145,5
iho-solomon-sea,1987,28.32,28.74,28.92,28.654,-0.042,0.212753,-8.362475,0.4558,-0.890082,13.512255,5
iho-sulu-sea,1987,28.86,28.61,28.57,28.684,0.005,0.165964,9.24238,0.860336,-0.509727,12.720177,5
iho-the-coastal-waters-of-southeast-alaska-and-british-columbia,1987,9.28,9.42,8.65,9.23,-0.044,0.325454,53.145505,-0.75872,-0.651416,11.748468,5
iho-the-northwestern-passages,1987,-1.05,-1.15,-0.95,-1.038,-0.014,0.072222,72.743745,-0.999893,-0.014615,13.883329,5
iho-timor-sea,1987,28.5,28.49,28.4,28.504,-0.025,0.067112,-11.69447,0.798564,-0.60191,12.967616,5
iho-tyrrhenian-sea,1987,18.7,18.78,18.59,18.53,0.11,0.244295,40.88606,0.204983,0.978765,12.28902,5
iho-white-sea,1987,2.38,2.84,2.76,2.808,-0.157,0.244082,66.11883,0.588055,0.808821,11.426851,5
iho-yellow-sea,1987,14.31,14.22,14.27,14.364,-0.088,0.171651,37.10378,0.823032,-0.567996,12.917778,5
indian,1987,18.47,18.24,18.3,18.322,0.019,0.096208,-24.80201,0.985963,0.166965,17.874379,5
med-east,1987,20.55,20.86,20.78,20.624,0.045,0.180289,33.972405,0.388183,0.921582,13.970857,5
med-west,1987,18.73,18.69,18.61,18.484,0.123,0.319475,39.641195,0.108319,0.994116,13.071896,5
north-sea,1987,9.59,9.35,9.56,9.664,-0.128,0.223034,55.991155,0.048807,0.998808,13.17933,5
pacific-north,1987,22.49,22.52,22.32,22.414,0.04,0.077356,29.13773,-0.512453,-0.858715,17.983864,5
pacific-south,1987,19.76,19.56,19.48,19.634,-0.006,0.113772,-29.29769,-0.812176,-0.583412,18.148866,5
red,1987,28.04,28.13,28.03,27.97,0.087,0.150067,20.302025,0.622928,0.78228,13.012457,5
south-china,1987,28.06,27.5,27.57,27.694,0.041,0.231569,11.16138,0.913678,-0.406438,15.019307,5
southern,1987,-0.81,-0.86,-0.79,-0.802,-0.018,0.03544,-72.7774,-0.698579,-0.715533,16.901883,5
tasman,1987,16.07,16.31,16.34,16.114,0.081,0.19966,-40.43461,0.311587,-0.950217,15.020206,5
arabian,1988,28.09,28.05,27.65,27.732,0.2,0.291094,12.45006,0.892737,0.450579,15.248859,6
arctic,1988,-1.65,-1.63,-1.6,-1.618,-0.012,0.019391,80.71087,-0.663278,-0.748373,15.460999,6
atlantic-north,1988,21.22,21.33,20.92,21.082,0.083,0.163511,34.248285,-0.672091,0.740468,17.350575,6
atlantic-south,1988,16.88,16.88,16.87,16.866,0.007,0.018547,-30.052735,-0.283797,0.958885,17.511694,6
baltic,1988,8.77,7.15,8.05,8.01,0.005,0.610148,56.751155,0.324147,0.946007,12.295761,6
bengal,1988,28.83,28.74,28.42,28.528,0.144,0.214793,14.952905,0.998516,0.054454,14.60031,6
bering,1988,4.09,4.27,4.49,4.27,-0.042,0.148593,58.967385,-0.158169,-0.987412,14.671337,6
black,1988,14.72,13.97,14.99,14.584,-0.088,0.431907,43.712375,0.560251,0.828323,12.953789,6
caribbean,1988,27.88,28.11,27.47,27.684,0.14,0.264847,15.28978,-0.953381,0.301769,14.854371,6
caspian,1988,14.03,14.05,14.05,14.034,0.005,0.013565,41.860385,0.771846,0.635809,12.8917,6
coral,1988,26.61,26.18,26.37,26.342,0.068,0.161171,-18.698505,0.380185,-0.92491,15.224138,6
gulf-mexico,1988,25.4,25.67,25.87,25.646,-0.023,0.21058,24.262605,-0.999978,-0.00665,14.25895,6
iho-adriatic-sea,1988,18.21,18.2,18.16,18.04,0.13,0.200699,42.750975,0.274561,0.96157,11.860389,6
iho-aegean-sea,1988,19.13,18.98,19.16,19.088,0.001,0.063056,38.064275,0.434155,0.900838,12.178673,6
iho-alboran-sea,1988,18.6,18.72,18.22,18.378,0.161,0.270585,36.00498,-0.059967,0.9982,10.904011,6
iho-andaman-or-burma-sea,1988,29.1,29.12,28.62,28.81,0.15,0.245112,11.345655,0.995242,-0.097431,13.323568,6
iho-arafura-sea,1988,28.51,27.97,28.14,28.084,0.135,0.233461,-10.39485,0.686759,-0.726885,13.831679,6
iho-baffin-bay,1988,-0.51,-0.64,-0.82,-0.616,0.006,0.115689,76.206255,-0.960545,0.278125,13.18762,6
iho-banda-sea,1988,28.75,28.35,28.56,28.502,0.064,0.14716,-4.85558,0.793037,-0.609173,13.443201,6
iho-barentsz-sea,1988,1.54,1.21,1.53,1.686,-0.215,0.365327,73.955765,0.603995,0.796988,14.172227,6
iho-bass-strait,1988,16.27,15.38,15.47,15.712,0.082,0.312243,-39.35622,0.559203,-0.82903,11.637695,6
iho-bay-of-biscay,1988,15.12,14.95,14.63,14.88,0.08,0.18868,45.567995,-0.063151,0.998004,12.067709,6
iho-beaufort-sea,1988,-0.64,-0.22,-0.93,-0.844,0.21,0.378872,72.07828,-0.657818,-0.753177,12.994443,6
iho-bismarck-sea,1988,29.45,28.86,29.3,29.294,-0.055,0.223839,-3.51689,0.531651,-0.846963,12.741831,6
iho-celebes-sea,1988,29.22,28.84,28.89,28.918,0.092,0.165699,4.320085,0.849589,-0.527446,13.027678,6
iho-celtic-sea,1988,12.82,12.77,12.28,12.706,-0.022,0.231741,49.57831,-0.146291,0.989242,12.280984,6
iho-ceram-sea,1988,28.98,28.37,28.68,28.62,0.077,0.206978,-3.22909,0.747368,-0.66441,11.985275,6
iho-chukchi-sea,1988,-0.28,-0.02,0.78,0.114,-0.082,0.360089,68.851175,-0.125299,-0.992119,12.764697,6
iho-davis-strait,1988,0.9,0.8,0.83,0.758,0.125,0.358631,65.055565,-0.846344,0.532637,13.53112,6
iho-east-siberian-sea,1988,-0.97,-1.02,-1.05,-1.03,0.017,0.039497,72.69595,0.353866,-0.935296,13.372628,6
iho-eastern-china-sea,1988,22.08,21.87,21.71,21.834,0.082,0.138362,28.689,0.810496,-0.585744,13.538823,6
iho-english-channel,1988,12.44,12.09,11.75,12.16,0.001,0.259307,49.79585,-0.044076,0.999028,11.310102,6
iho-flores-sea,1988,28.56,28.29,28.45,28.42,0.026,0.092952,-7.10454,0.870955,-0.491364,11.533032,6
iho-great-australian-bight,1988,16.35,15.77,15.97,16.124,-0.02,0.23286,-37.505585,0.733327,-0.679876,14.094371,6
iho-greenland-sea,1988,0.39,0.72,0.69,0.744,-0.14,0.211149,73.913585,-0.141862,0.989886,13.994943,6
iho-gulf-of-aden,1988,28.45,28.41,27.96,28.106,0.189,0.282885,12.781685,0.745063,0.666994,12.469715,6
iho-gulf-of-alaska,1988,7.74,8.0,7.87,7.884,-0.069,0.299773,57.908245,-0.562787,-0.826602,12.941426,6
iho-gulf-of-bothnia,1988,6.9,5.27,6.12,6.23,-0.082,0.660697,62.78759,0.334482,0.942402,11.677191,6
iho-gulf-of-california,1988,23.07,23.89,23.82,23.716,-0.185,0.343779,27.3495,-0.931231,-0.364428,12.100261,6
iho-gulf-of-finland,1988,7.08,5.78,6.49,6.5,0.001,0.435936,61.031815,0.521086,0.853504,10.977348,6
iho-gulf-of-guinea,1988,28.06,28.15,27.49,27.816,0.101,0.276159,2.77271,0.064397,0.997924,13.525242,6
iho-gulf-of-st-lawrence,1988,5.43,5.58,5.0,5.322,0.048,0.194977,48.66826,-0.878473,0.477793,12.581716,6
iho-gulf-of-thailand,1988,29.06,29.23,28.65,28.838,0.16,0.268432,9.90349,0.977828,-0.209412,12.593929,6
iho-halmahera-sea,1988,29.19,28.6,28.93,28.898,0.03,0.187979,0.437415,0.774409,-0.632686,11.228075,6
iho-hudson-bay,1988,1.4,0.99,0.65,0.92,0.138,0.267283,58.60554,-0.997337,0.072937,13.641849,6
iho-hudson-strait,1988,-0.12,-0.27,-0.27,-0.312,0.105,0.182581,61.466505,-0.930268,0.366881,12.213959,6
iho-inner-seas-off-the-west-coast-of-scotland,1988,10.53,10.48,10.04,10.35,0.037,0.186655,56.46592,-0.121627,0.992576,10.70905,6
iho-ionian-sea,1988,19.47,19.4,19.57,19.408,0.064,0.163389,38.47898,0.322653,0.946517,12.053467,6
iho-irish-sea-and-st-george-s-channel,1988,11.11,10.9,10.42,10.824,0.048,0.233974,53.43632,-0.079881,0.996804,10.731206,6
iho-japan-sea,1988,13.03,12.66,12.35,12.728,0.033,0.223285,42.18206,0.706473,-0.70774,13.879648,6
iho-java-sea,1988,28.86,28.67,28.61,28.676,0.059,0.101705,-5.161905,0.925947,-0.377653,13.236044,6
iho-kara-sea,1988,-0.39,-0.52,-0.66,-0.366,-0.085,0.214159,73.75758,0.949378,0.314137,13.726479,6
iho-labrador-sea,1988,3.36,3.22,3.22,3.046,0.209,0.332361,53.9349,-0.795011,0.606595,13.677779,6
iho-laccadive-sea,1988,28.96,29.04,28.39,28.618,0.192,0.31333,7.04053,0.970503,0.241089,13.635995,6
iho-laptev-sea,1988,-0.56,-0.84,-0.89,-0.73,0.014,0.125539,72.49477,0.718747,-0.695271,13.179195,6
iho-makassar-strait,1988,29.28,28.98,28.99,29.034,0.069,0.124996,-2.133915,0.884652,-0.466253,12.186416,6
iho-malacca-strait,1988,29.39,29.39,28.93,29.118,0.139,0.223553,4.62758,0.986752,-0.162235,12.176829,6
iho-molukka-sea,1988,29.13,28.59,28.88,28.85,0.043,0.175613,1.29441,0.806409,-0.591359,12.302019,6
iho-mozambique-channel,1988,26.87,26.84,26.52,26.618,0.137,0.202919,-18.652675,0.646908,0.762568,14.13694,6
iho-norwegian-sea,1988,6.61,6.56,6.4,6.524,0.022,0.070029,68.77561,0.033764,0.99943,14.188602,6
iho-persian-gulf,1988,27.22,27.38,27.24,27.046,0.188,0.305915,27.25814,0.777543,0.62883,12.408351,6
iho-philippine-sea,1988,27.58,27.32,27.06,27.208,0.135,0.214234,18.90921,0.720574,-0.693378,15.536311,6
iho-sea-of-okhotsk,1988,4.17,3.76,4.15,4.05,-0.036,0.197484,52.970885,0.505452,-0.862855,14.298006,6
iho-skagerrak,1988,9.93,8.76,8.95,9.264,0.044,0.414468,58.491525,0.17484,0.984597,10.380145,6
iho-solomon-sea,1988,28.97,28.32,28.74,28.746,-0.022,0.229399,-8.362475,0.4558,-0.890082,13.512255,6
iho-sulu-sea,1988,29.16,28.86,28.61,28.736,0.165,0.246625,9.24238,0.860336,-0.509727,12.720177,6
iho-the-coastal-waters-of-southeast-alaska-and-british-columbia,1988,9.02,9.28,9.42,9.11,0.031,0.264424,53.145505,-0.75872,-0.651416,11.748468,6
iho-the-northwestern-passages,1988,-0.81,-1.05,-1.15,-0.986,0.022,0.112712,72.743745,-0.999893,-0.014615,13.883329,6
iho-timor-sea,1988,28.94,28.5,28.49,28.57,0.094,0.189526,-11.69447,0.798564,-0.60191,12.967616,6
iho-tyrrhenian-sea,1988,18.92,18.7,18.78,18.614,0.179,0.287861,40.88606,0.204983,0.978765,12.28902,6
iho-white-sea,1988,3.09,2.38,2.84,2.804,-0.01,0.239215,66.11883,0.588055,0.808821,11.426851,6
iho-yellow-sea,1988,14.5,14.31,14.22,14.324,0.04,0.094784,37.10378,0.823032,-0.567996,12.917778,6
indian,1988,18.46,18.47,18.24,18.336,0.067,0.109289,-24.80201,0.985963,0.166965,17.874379,6
med-east,1988,20.81,20.55,20.86,20.67,0.069,0.192146,33.972405,0.388183,0.921582,13.970857,6
med-west,1988,18.91,18.73,18.69,18.56,0.222,0.363538,39.641195,0.108319,0.994116,13.071896,6
north-sea,1988,10.14,9.59,9.35,9.694,0.065,0.270007,55.991155,0.048807,0.998808,13.17933,6
pacific-north,1988,22.41,22.49,22.52,22.424,0.023,0.072829,29.13773,-0.512453,-0.858715,17.983864,6
pacific-south,1988,19.55,19.76,19.56,19.59,0.018,0.093381,-29.29769,-0.812176,-0.583412,18.148866,6
red,1988,28.26,28.04,28.13,28.084,0.061,0.103267,20.302025,0.622928,0.78228,13.012457,6
south-china,1988,28.04,28.06,27.5,27.728,0.163,0.264983,11.16138,0.913678,-0.406438,15.019307,6
southern,1988,-0.78,-0.81,-0.86,-0.808,0.002,0.027857,-72.7774,-0.698579,-0.715533,16.901883,6
tasman,1988,16.25,16.07,16.31,16.206,0.011,0.11876,-40.43461,0.311587,-0.950217,15.020206,6
arabian,1989,27.64,28.09,28.05,27.788,0.07,0.23583,12.45006,0.892737,0.450579,15.248859,7
arctic,1989,-1.6,-1.65,-1.63,-1.618,-0.003,0.019391,80.71087,-0.663278,-0.748373,15.460999,7
atlantic-north,1989,21.19,21.22,21.33,21.12,0.08,0.162111,34.248285,-0.672091,0.740468,17.350575,7
atlantic-south,1989,16.9,16.88,16.88,16.872,0.015,0.023152,-30.052735,-0.283797,0.958885,17.511694,7
baltic,1989,9.42,8.77,7.15,8.182,0.452,0.82451,56.751155,0.324147,0.946007,12.295761,7
bengal,1989,28.3,28.83,28.74,28.526,0.033,0.21685,14.952905,0.998516,0.054454,14.60031,7
bering,1989,4.38,4.09,4.27,4.272,0.01,0.149987,58.967385,-0.158169,-0.987412,14.671337,7
black,1989,14.74,14.72,13.97,14.522,0.083,0.379652,43.712375,0.560251,0.828323,12.953789,7
caribbean,1989,27.6,27.88,28.11,27.702,0.071,0.255296,15.28978,-0.953381,0.301769,14.854371,7
caspian,1989,14.05,14.03,14.05,14.04,0.004,0.012649,41.860385,0.771846,0.635809,12.8917,7
coral,1989,26.34,26.61,26.18,26.376,0.016,0.137492,-18.698505,0.380185,-0.92491,15.224138,7
gulf-mexico,1989,25.89,25.4,25.67,25.742,-0.045,0.189462,24.262605,-0.999978,-0.00665,14.25895,7
iho-adriatic-sea,1989,17.73,18.21,18.2,18.048,-0.037,0.186912,42.750975,0.274561,0.96157,11.860389,7
iho-aegean-sea,1989,19.0,19.13,18.98,19.076,-0.025,0.072277,38.064275,0.434155,0.900838,12.178673,7
iho-alboran-sea,1989,18.95,18.6,18.72,18.576,0.15,0.253976,36.00498,-0.059967,0.9982,10.904011,7
iho-andaman-or-burma-sea,1989,28.61,29.1,29.12,28.81,0.05,0.245112,11.345655,0.995242,-0.097431,13.323568,7
iho-arafura-sea,1989,28.25,28.51,27.97,28.166,0.095,0.203431,-10.39485,0.686759,-0.726885,13.831679,7
iho-baffin-bay,1989,-0.82,-0.51,-0.64,-0.658,-0.033,0.141195,76.206255,-0.960545,0.278125,13.18762,7
iho-banda-sea,1989,28.74,28.75,28.35,28.578,0.069,0.152237,-4.85558,0.793037,-0.609173,13.443201,7
iho-barentsz-sea,1989,1.77,1.54,1.21,1.582,-0.017,0.226044,73.955765,0.603995,0.796988,14.172227,7
iho-bass-strait,1989,16.27,16.27,15.38,15.834,0.178,0.379926,-39.35622,0.559203,-0.82903,11.637695,7
iho-bay-of-biscay,1989,15.77,15.12,14.95,15.096,0.201,0.374358,45.567995,-0.063151,0.998004,12.067709,7
iho-beaufort-sea,1989,-0.91,-0.64,-0.22,-0.792,0.099,0.347068,72.07828,-0.657818,-0.753177,12.994443,7
iho-bismarck-sea,1989,29.46,29.45,28.86,29.296,0.025,0.225264,-3.51689,0.531651,-0.846963,12.741831,7
iho-celebes-sea,1989,29.05,29.22,28.84,28.984,0.059,0.136909,4.320085,0.849589,-0.527446,13.027678,7
iho-celtic-sea,1989,13.7,12.82,12.77,12.852,0.256,0.464818,49.57831,-0.146291,0.989242,12.280984,7
iho-ceram-sea,1989,28.94,28.98,28.37,28.71,0.102,0.227684,-3.22909,0.747368,-0.66441,11.985275,7
iho-chukchi-sea,1989,0.65,-0.28,-0.02,0.214,0.036,0.420552,68.851175,-0.125299,-0.992119,12.764697,7
iho-davis-strait,1989,0.39,0.9,0.8,0.818,-0.149,0.250711,65.055565,-0.846344,0.532637,13.53112,7
iho-east-siberian-sea,1989,-0.55,-0.97,-1.02,-0.936,0.116,0.196937,72.69595,0.353866,-0.935296,13.372628,7
iho-eastern-china-sea,1989,21.92,22.08,21.87,21.878,0.059,0.122866,28.689,0.810496,-0.585744,13.538823,7
iho-english-channel,1989,13.3,12.44,12.09,12.332,0.313,0.530939,49.79585,-0.044076,0.999028,11.310102,7
iho-flores-sea,1989,28.53,28.56,28.29,28.456,0.027,0.093723,-7.10454,0.870955,-0.491364,11.533032,7
iho-great-australian-bight,1989,16.41,16.35,15.77,16.178,0.042,0.260031,-37.505585,0.733327,-0.679876,14.094371,7
iho-greenland-sea,1989,0.55,0.39,0.72,0.658,-0.108,0.183238,73.913585,-0.141862,0.989886,13.994943,7
iho-gulf-of-aden,1989,28.02,28.45,28.41,28.168,0.053,0.215165,12.781685,0.745063,0.666994,12.469715,7
iho-gulf-of-alaska,1989,7.78,7.74,8.0,7.768,0.053,0.182362,57.908245,-0.562787,-0.826602,12.941426,7
iho-gulf-of-bothnia,1989,7.42,6.9,5.27,6.308,0.396,0.765282,62.78759,0.334482,0.942402,11.677191,7
iho-gulf-of-california,1989,23.52,23.07,23.89,23.604,-0.115,0.294659,27.3495,-0.931231,-0.364428,12.100261,7
iho-gulf-of-finland,1989,7.45,7.08,5.78,6.634,0.275,0.580434,61.031815,0.521086,0.853504,10.977348,7
iho-gulf-of-guinea,1989,27.73,28.06,28.15,27.786,0.103,0.275725,2.77271,0.064397,0.997924,13.525242,7
iho-gulf-of-st-lawrence,1989,5.24,5.43,5.58,5.298,0.043,0.196204,48.66826,-0.878473,0.477793,12.581716,7
iho-gulf-of-thailand,1989,28.73,29.06,29.23,28.884,0.037,0.222315,9.90349,0.977828,-0.209412,12.593929,7
iho-halmahera-sea,1989,29.19,29.19,28.6,28.954,0.092,0.221865,0.437415,0.774409,-0.632686,11.228075,7
iho-hudson-bay,1989,1.01,1.4,0.99,0.952,0.135,0.266563,58.60554,-0.997337,0.072937,13.641849,7
iho-hudson-strait,1989,-0.26,-0.12,-0.27,-0.232,0.011,0.057061,61.466505,-0.930268,0.366881,12.213959,7
iho-inner-seas-off-the-west-coast-of-scotland,1989,10.88,10.53,10.48,10.432,0.179,0.285335,56.46592,-0.121627,0.992576,10.70905,7
iho-ionian-sea,1989,19.16,19.47,19.4,19.42,-0.078,0.140996,38.47898,0.322653,0.946517,12.053467,7
iho-irish-sea-and-st-george-s-channel,1989,11.85,11.11,10.9,11.004,0.291,0.479274,53.43632,-0.079881,0.996804,10.731206,7
iho-japan-sea,1989,13.25,13.03,12.66,12.82,0.156,0.308415,42.18206,0.706473,-0.70774,13.879648,7
iho-java-sea,1989,28.91,28.86,28.67,28.746,0.071,0.117064,-5.161905,0.925947,-0.377653,13.236044,7
iho-kara-sea,1989,-0.53,-0.39,-0.52,-0.434,-0.065,0.201057,73.75758,0.949378,0.314137,13.726479,7
iho-labrador-sea,1989,2.92,3.36,3.22,3.146,-0.004,0.158947,53.9349,-0.795011,0.606595,13.677779,7
iho-laccadive-sea,1989,28.36,28.96,29.04,28.622,0.057,0.309864,7.04053,0.970503,0.241089,13.635995,7
iho-laptev-sea,1989,-0.86,-0.56,-0.84,-0.754,-0.015,0.136176,72.49477,0.718747,-0.695271,13.179195,7
iho-makassar-strait,1989,29.12,29.28,28.98,29.072,0.055,0.116172,-2.133915,0.884652,-0.466253,12.186416,7
iho-malacca-strait,1989,29.0,29.39,29.39,29.138,0.05,0.207017,4.62758,0.986752,-0.162235,12.176829,7
iho-molukka-sea,1989,29.08,29.13,28.59,28.912,0.065,0.190515,1.29441,0.806409,-0.591359,12.302019,7
iho-mozambique-channel,1989,26.53,26.87,26.84,26.654,0.039,0.164511,-18.652675,0.646908,0.762568,14.13694,7
iho-norwegian-sea,1989,6.49,6.61,6.56,6.52,0.011,0.071274,68.77561,0.033764,0.99943,14.188602,7
iho-persian-gulf,1989,26.82,27.22,27.38,27.1,-0.006,0.227332,27.25814,0.777543,0.62883,12.408351,7
iho-philippine-sea,1989,27.25,27.58,27.32,27.248,0.096,0.199138,18.90921,0.720574,-0.693378,15.536311,7
iho-sea-of-okhotsk,1989,4.52,4.17,3.76,4.096,0.13,0.263712,52.970885,0.505452,-0.862855,14.298006,7
iho-skagerrak,1989,10.45,9.93,8.76,9.454,0.352,0.637075,58.491525,0.17484,0.984597,10.380145,7
iho-solomon-sea,1989,29.02,28.97,28.32,28.794,0.043,0.255155,-8.362475,0.4558,-0.890082,13.512255,7
iho-sulu-sea,1989,28.74,29.16,28.86,28.788,0.089,0.21217,9.24238,0.860336,-0.509727,12.720177,7
iho-the-coastal-waters-of-southeast-alaska-and-british-columbia,1989,9.45,9.02,9.28,9.164,0.12,0.29857,53.145505,-0.75872,-0.651416,11.748468,7
iho-the-northwestern-passages,1989,-0.93,-0.81,-1.05,-0.978,0.038,0.114961,72.743745,-0.999893,-0.014615,13.883329,7
iho-timor-sea,1989,28.82,28.94,28.5,28.63,0.129,0.210523,-11.69447,0.798564,-0.60191,12.967616,7
iho-tyrrhenian-sea,1989,18.41,18.92,18.7,18.68,-0.022,0.172627,40.88606,0.204983,0.978765,12.28902,7
iho-white-sea,1989,4.09,3.09,2.38,3.032,0.291,0.575965,66.11883,0.588055,0.808821,11.426851,7
iho-yellow-sea,1989,14.81,14.5,14.31,14.422,0.136,0.215907,37.10378,0.823032,-0.567996,12.917778,7
indian,1989,18.26,18.46,18.47,18.346,0.014,0.099116,-24.80201,0.985963,0.166965,17.874379,7
med-east,1989,20.68,20.81,20.55,20.736,-0.025,0.110018,33.972405,0.388183,0.921582,13.970857,7
med-west,1989,18.83,18.91,18.73,18.754,0.066,0.105376,39.641195,0.108319,0.994116,13.071896,7
north-sea,1989,10.64,10.14,9.59,9.856,0.295,0.471109,55.991155,0.048807,0.998808,13.17933,7
pacific-north,1989,22.5,22.41,22.49,22.448,0.025,0.074135,29.13773,-0.512453,-0.858715,17.983864,7
pacific-south,1989,19.47,19.55,19.76,19.564,-0.003,0.104422,-29.29769,-0.812176,-0.583412,18.148866,7
red,1989,27.92,28.26,28.04,28.076,-0.009,0.113596,20.302025,0.622928,0.78228,13.012457,7
south-china,1989,27.67,28.04,28.06,27.768,0.074,0.236592,11.16138,0.913678,-0.406438,15.019307,7
southern,1989,-0.83,-0.78,-0.81,-0.814,0.0,0.028705,-72.7774,-0.698579,-0.715533,16.901883,7
tasman,1989,16.58,16.25,16.07,16.31,0.042,0.164317,-40.43461,0.311587,-0.950217,15.020206,7
arabian,1990,27.76,27.64,28.09,27.838,-0.019,0.194463,12.45006,0.892737,0.450579,15.248859,8
arctic,1990,-1.56,-1.6,-1.65,-1.608,0.011,0.030594,80.71087,-0.663278,-0.748373,15.460999,8
atlantic-north,1990,21.19,21.19,21.22,21.17,0.04,0.135204,34.248285,-0.672091,0.740468,17.350575,8
atlantic-south,1990,16.9,16.9,16.88,16.886,0.008,0.012,-30.052735,-0.283797,0.958885,17.511694,8
baltic,1990,9.51,9.42,8.77,8.58,0.519,0.886837,56.751155,0.324147,0.946007,12.295761,8
bengal,1990,28.48,28.3,28.83,28.554,-0.032,0.199359,14.952905,0.998516,0.054454,14.60031,8
bering,1990,4.36,4.38,4.09,4.318,-0.015,0.133776,58.967385,-0.158169,-0.987412,14.671337,8
black,1990,14.84,14.74,14.72,14.652,0.047,0.354141,43.712375,0.560251,0.828323,12.953789,8
caribbean,1990,27.76,27.6,27.88,27.764,0.007,0.222045,15.28978,-0.953381,0.301769,14.854371,8
caspian,1990,14.08,14.05,14.03,14.052,0.006,0.016,41.860385,0.771846,0.635809,12.8917,8
coral,1990,26.25,26.34,26.61,26.35,-0.008,0.146287,-18.698505,0.380185,-0.92491,15.224138,8
gulf-mexico,1990,25.93,25.89,25.4,25.752,0.034,0.197626,24.262605,-0.999978,-0.00665,14.25895,8
iho-adriatic-sea,1990,17.91,17.73,18.21,18.042,-0.097,0.190725,42.750975,0.274561,0.96157,11.860389,8
iho-aegean-sea,1990,18.99,19.0,19.13,19.052,-0.032,0.076785,38.064275,0.434155,0.900838,12.178673,8
iho-alboran-sea,1990,19.08,18.95,18.6,18.714,0.195,0.298905,36.00498,-0.059967,0.9982,10.904011,8
iho-andaman-or-burma-sea,1990,28.83,28.61,29.1,28.856,-0.009,0.221865,11.345655,0.995242,-0.097431,13.323568,8
iho-arafura-sea,1990,28.04,28.25,28.51,28.182,0.008,0.189251,-10.39485,0.686759,-0.726885,13.831679,8
iho-baffin-bay,1990,-0.65,-0.82,-0.51,-0.688,0.016,0.118558,76.206255,-0.960545,0.278125,13.18762,8
iho-banda-sea,1990,28.61,28.74,28.75,28.602,0.049,0.145794,-4.85558,0.793037,-0.609173,13.443201,8
iho-barentsz-sea,1990,2.15,1.77,1.54,1.64,0.18,0.311127,73.955765,0.603995,0.796988,14.172227,8
iho-bass-strait,1990,16.14,16.27,16.27,15.906,0.223,0.396616,-39.35622,0.559203,-0.82903,11.637695,8
iho-bay-of-biscay,1990,15.68,15.77,15.12,15.23,0.292,0.434649,45.567995,-0.063151,0.998004,12.067709,8
iho-beaufort-sea,1990,-1.0,-0.91,-0.64,-0.74,-0.083,0.287402,72.07828,-0.657818,-0.753177,12.994443,8
iho-bismarck-sea,1990,29.2,29.46,29.45,29.254,0.04,0.2196,-3.51689,0.531651,-0.846963,12.741831,8
iho-celebes-sea,1990,28.81,29.05,29.22,28.962,0.005,0.153284,4.320085,0.849589,-0.527446,13.027678,8
iho-celtic-sea,1990,13.38,13.7,12.82,12.99,0.313,0.497514,49.57831,-0.146291,0.989242,12.280984,8
iho-ceram-sea,1990,28.67,28.94,28.98,28.728,0.055,0.220127,-3.22909,0.747368,-0.66441,11.985275,8
iho-chukchi-sea,1990,0.43,0.65,-0.28,0.312,-0.003,0.401965,68.851175,-0.125299,-0.992119,12.764697,8
iho-davis-strait,1990,0.59,0.39,0.9,0.702,-0.089,0.187126,65.055565,-0.846344,0.532637,13.53112,8
iho-east-siberian-sea,1990,-0.14,-0.55,-0.97,-0.746,0.229,0.353078,72.69595,0.353866,-0.935296,13.372628,8
iho-eastern-china-sea,1990,22.09,21.92,22.08,21.934,0.081,0.141506,28.689,0.810496,-0.585744,13.538823,8
iho-english-channel,1990,12.92,13.3,12.44,12.5,0.355,0.556884,49.79585,-0.044076,0.999028,11.310102,8
iho-flores-sea,1990,28.72,28.53,28.56,28.51,0.078,0.140712,-7.10454,0.870955,-0.491364,11.533032,8
iho-great-australian-bight,1990,16.44,16.41,16.35,16.188,0.158,0.268805,-37.505585,0.733327,-0.679876,14.094371,8
iho-greenland-sea,1990,0.94,0.55,0.39,0.658,0.033,0.183238,73.913585,-0.141862,0.989886,13.994943,8
iho-gulf-of-aden,1990,28.45,28.02,28.45,28.258,0.059,0.220127,12.781685,0.745063,0.666994,12.469715,8
iho-gulf-of-alaska,1990,7.72,7.78,7.74,7.822,-0.052,0.10284,57.908245,-0.562787,-0.826602,12.941426,8
iho-gulf-of-bothnia,1990,7.4,7.42,6.9,6.622,0.471,0.824534,62.78759,0.334482,0.942402,11.677191,8
iho-gulf-of-california,1990,24.11,23.52,23.07,23.682,0.021,0.359522,27.3495,-0.931231,-0.364428,12.100261,8
iho-gulf-of-finland,1990,7.43,7.45,7.08,6.846,0.355,0.636195,61.031815,0.521086,0.853504,10.977348,8
iho-gulf-of-guinea,1990,27.59,27.73,28.06,27.804,-0.022,0.25889,2.77271,0.064397,0.997924,13.525242,8
iho-gulf-of-st-lawrence,1990,5.15,5.24,5.43,5.28,-0.004,0.204646,48.66826,-0.878473,0.477793,12.581716,8
iho-gulf-of-thailand,1990,29.01,28.73,29.06,28.936,0.022,0.215184,9.90349,0.977828,-0.209412,12.593929,8
iho-halmahera-sea,1990,28.89,29.19,29.19,28.96,0.051,0.219636,0.437415,0.774409,-0.632686,11.228075,8
iho-hudson-bay,1990,0.82,1.01,1.4,0.974,0.036,0.249688,58.60554,-0.997337,0.072937,13.641849,8
iho-hudson-strait,1990,-0.46,-0.26,-0.12,-0.276,-0.037,0.108185,61.466505,-0.930268,0.366881,12.213959,8
iho-inner-seas-off-the-west-coast-of-scotland,1990,10.88,10.88,10.53,10.562,0.208,0.310638,56.46592,-0.121627,0.992576,10.70905,8
iho-ionian-sea,1990,19.5,19.16,19.47,19.42,-0.038,0.140996,38.47898,0.322653,0.946517,12.053467,8
iho-irish-sea-and-st-george-s-channel,1990,11.61,11.85,11.11,11.178,0.333,0.508858,53.43632,-0.079881,0.996804,10.731206,8
iho-japan-sea,1990,13.6,13.25,13.03,12.978,0.309,0.437968,42.18206,0.706473,-0.70774,13.879648,8
iho-java-sea,1990,29.08,28.91,28.86,28.826,0.118,0.169541,-5.161905,0.925947,-0.377653,13.236044,8
iho-kara-sea,1990,-0.58,-0.53,-0.39,-0.536,0.015,0.088227,73.75758,0.949378,0.314137,13.726479,8
iho-labrador-sea,1990,2.72,2.92,3.36,3.088,-0.13,0.233444,53.9349,-0.795011,0.606595,13.677779,8
iho-laccadive-sea,1990,28.64,28.36,28.96,28.678,-0.018,0.281453,7.04053,0.970503,0.241089,13.635995,8
iho-laptev-sea,1990,-0.38,-0.86,-0.56,-0.706,0.1,0.201554,72.49477,0.718747,-0.695271,13.179195,8
iho-makassar-strait,1990,29.11,29.12,29.28,29.096,0.038,0.108922,-2.133915,0.884652,-0.466253,12.186416,8
iho-malacca-strait,1990,29.27,29.0,29.39,29.196,0.029,0.194895,4.62758,0.986752,-0.162235,12.176829,8
iho-molukka-sea,1990,28.83,29.08,29.13,28.902,0.039,0.193225,1.29441,0.806409,-0.591359,12.302019,8
iho-mozambique-channel,1990,26.64,26.53,26.87,26.68,-0.007,0.149265,-18.652675,0.646908,0.762568,14.13694,8
iho-norwegian-sea,1990,7.09,6.49,6.61,6.63,0.131,0.240583,68.77561,0.033764,0.99943,14.188602,8
iho-persian-gulf,1990,26.94,26.82,27.22,27.12,-0.116,0.207075,27.25814,0.777543,0.62883,12.408351,8
iho-philippine-sea,1990,27.07,27.25,27.58,27.256,-0.005,0.190851,18.90921,0.720574,-0.693378,15.536311,8
iho-sea-of-okhotsk,1990,4.57,4.52,4.17,4.234,0.16,0.293435,52.970885,0.505452,-0.862855,14.298006,8
iho-skagerrak,1990,10.51,10.45,9.93,9.72,0.481,0.736967,58.491525,0.17484,0.984597,10.380145,8
iho-solomon-sea,1990,28.68,29.02,28.97,28.746,0.058,0.249447,-8.362475,0.4558,-0.890082,13.512255,8
iho-sulu-sea,1990,28.55,28.74,29.16,28.784,-0.024,0.216389,9.24238,0.860336,-0.509727,12.720177,8
iho-the-coastal-waters-of-southeast-alaska-and-british-columbia,1990,9.42,9.45,9.02,9.318,0.017,0.1603,53.145505,-0.75872,-0.651416,11.748468,8
iho-the-northwestern-passages,1990,-1.07,-0.93,-0.81,-1.002,0.028,0.119063,72.743745,-0.999893,-0.014615,13.883329,8
iho-timor-sea,1990,28.71,28.82,28.94,28.692,0.076,0.176567,-11.69447,0.798564,-0.60191,12.967616,8
iho-tyrrhenian-sea,1990,18.88,18.41,18.92,18.738,-0.009,0.181152,40.88606,0.204983,0.978765,12.28902,8
iho-white-sea,1990,3.48,4.09,3.09,3.176,0.299,0.579952,66.11883,0.588055,0.808821,11.426851,8
iho-yellow-sea,1990,14.82,14.81,14.5,14.532,0.17,0.248145,37.10378,0.823032,-0.567996,12.917778,8
indian,1990,18.31,18.26,18.46,18.348,-0.007,0.098265,-24.80201,0.985963,0.166965,17.874379,8
med-east,1990,20.9,20.68,20.81,20.76,0.021,0.12853,33.972405,0.388183,0.921582,13.970857,8
med-west,1990,19.01,18.83,18.91,18.834,0.074,0.116893,39.641195,0.108319,0.994116,13.071896,8
north-sea,1990,10.72,10.64,10.14,10.088,0.379,0.547628,55.991155,0.048807,0.998808,13.17933,8
pacific-north,1990,22.71,22.5,22.41,22.526,0.039,0.099318,29.13773,-0.512453,-0.858715,17.983864,8
pacific-south,1990,19.59,19.47,19.55,19.586,-0.023,0.095624,-29.29769,-0.812176,-0.583412,18.148866,8
red,1990,27.99,27.92,28.26,28.068,-0.04,0.117881,20.302025,0.622928,0.78228,13.012457,8
south-china,1990,27.74,27.67,28.04,27.802,0.009,0.217108,11.16138,0.913678,-0.406438,15.019307,8
southern,1990,-0.83,-0.83,-0.78,-0.822,0.004,0.026382,-72.7774,-0.698579,-0.715533,16.901883,8
tasman,1990,16.32,16.58,16.25,16.306,0.053,0.16378,-40.43461,0.311587,-0.950217,15.020206,8
arabian,1991,27.79,27.76,27.64,27.866,-0.085,0.174425,12.45006,0.892737,0.450579,15.248859,9
arctic,1991,-1.61,-1.56,-1.6,-1.61,0.013,0.030332,80.71087,-0.663278,-0.748373,15.460999,9
atlantic-north,1991,21.05,21.19,21.19,21.196,-0.059,0.089353,34.248285,-0.672091,0.740468,17.350575,9
atlantic-south,1991,16.79,16.9,16.9,16.87,-0.016,0.040988,-30.052735,-0.283797,0.958885,17.511694,9
baltic,1991,8.87,9.51,9.42,8.744,0.418,0.84866,56.751155,0.324147,0.946007,12.295761,9
bengal,1991,28.5,28.48,28.3,28.57,-0.083,0.190997,14.952905,0.998516,0.054454,14.60031,9
bering,1991,4.42,4.36,4.38,4.304,0.057,0.117745,58.967385,-0.158169,-0.987412,14.671337,9
black,1991,14.44,14.84,14.74,14.542,0.106,0.315366,43.712375,0.560251,0.828323,12.953789,9
caribbean,1991,27.59,27.76,27.6,27.788,-0.116,0.193639,15.28978,-0.953381,0.301769,14.854371,9
caspian,1991,14.08,14.08,14.05,14.058,0.011,0.019391,41.860385,0.771846,0.635809,12.8917,9
coral,1991,26.06,26.25,26.34,26.288,-0.06,0.185192,-18.698505,0.380185,-0.92491,15.224138,9
gulf-mexico,1991,25.95,25.93,25.89,25.768,0.109,0.209418,24.262605,-0.999978,-0.00665,14.25895,9
iho-adriatic-sea,1991,17.67,17.91,17.73,17.944,-0.136,0.227297,42.750975,0.274561,0.96157,11.860389,9
iho-aegean-sea,1991,18.83,18.99,19.0,18.986,-0.044,0.095205,38.064275,0.434155,0.900838,12.178673,9
iho-alboran-sea,1991,18.48,19.08,18.95,18.766,0.0,0.220871,36.00498,-0.059967,0.9982,10.904011,9
iho-andaman-or-burma-sea,1991,28.9,28.83,28.61,28.912,-0.071,0.187979,11.345655,0.995242,-0.097431,13.323568,9
iho-arafura-sea,1991,27.75,28.04,28.25,28.104,-0.091,0.258271,-10.39485,0.686759,-0.726885,13.831679,9
iho-baffin-bay,1991,-0.5,-0.65,-0.82,-0.624,0.014,0.116379,76.206255,-0.960545,0.278125,13.18762,9
iho-banda-sea,1991,28.31,28.61,28.74,28.552,-0.022,0.188298,-4.85558,0.793037,-0.609173,13.443201,9
iho-barentsz-sea,1991,1.89,2.15,1.77,1.712,0.197,0.318898,73.955765,0.603995,0.796988,14.172227,9
iho-bass-strait,1991,15.6,16.14,16.27,15.932,0.031,0.370589,-39.35622,0.559203,-0.82903,11.637695,9
iho-bay-of-biscay,1991,14.9,15.68,15.77,15.284,0.046,0.368489,45.567995,-0.063151,0.998004,12.067709,9
iho-beaufort-sea,1991,-1.16,-1.0,-0.91,-0.786,-0.224,0.32946,72.07828,-0.657818,-0.753177,12.994443,9
iho-bismarck-sea,1991,29.21,29.2,29.46,29.236,0.045,0.218778,-3.51689,0.531651,-0.846963,12.741831,9
iho-celebes-sea,1991,28.71,28.81,29.05,28.926,-0.067,0.184022,4.320085,0.849589,-0.527446,13.027678,9
iho-celtic-sea,1991,12.8,13.38,13.7,13.094,0.062,0.378291,49.57831,-0.146291,0.989242,12.280984,9
iho-ceram-sea,1991,28.28,28.67,28.94,28.648,-0.049,0.285895,-3.22909,0.747368,-0.66441,11.985275,9
iho-chukchi-sea,1991,0.17,0.43,0.65,0.19,0.109,0.326986,68.851175,-0.125299,-0.992119,12.764697,9
iho-davis-strait,1991,0.68,0.59,0.39,0.672,-0.055,0.175886,65.055565,-0.846344,0.532637,13.53112,9
iho-east-siberian-sea,1991,-0.55,-0.14,-0.55,-0.646,0.177,0.322279,72.69595,0.353866,-0.935296,13.372628,9
iho-eastern-china-sea,1991,21.98,22.09,21.92,21.988,0.023,0.086579,28.689,0.810496,-0.585744,13.538823,9
iho-english-channel,1991,12.31,12.92,13.3,12.612,0.092,0.438516,49.79585,-0.044076,0.999028,11.310102,9
iho-flores-sea,1991,28.24,28.72,28.53,28.468,0.006,0.178595,-7.10454,0.870955,-0.491364,11.533032,9
iho-great-australian-bight,1991,16.35,16.44,16.41,16.264,0.125,0.249447,-37.505585,0.733327,-0.679876,14.094371,9
iho-greenland-sea,1991,0.98,0.94,0.55,0.716,0.107,0.225264,73.913585,-0.141862,0.989886,13.994943,9
iho-gulf-of-aden,1991,28.06,28.45,28.02,28.278,-0.07,0.195284,12.781685,0.745063,0.666994,12.469715,9
iho-gulf-of-alaska,1991,7.41,7.72,7.78,7.73,-0.12,0.18868,57.908245,-0.562787,-0.826602,12.941426,9
iho-gulf-of-bothnia,1991,6.94,7.4,7.42,6.786,0.384,0.789167,62.78759,0.334482,0.942402,11.677191,9
iho-gulf-of-california,1991,24.12,24.11,23.52,23.742,0.15,0.40027,27.3495,-0.931231,-0.364428,12.100261,9
iho-gulf-of-finland,1991,7.01,7.43,7.45,6.95,0.281,0.611523,61.031815,0.521086,0.853504,10.977348,9
iho-gulf-of-guinea,1991,27.69,27.59,27.73,27.844,-0.139,0.219782,2.77271,0.064397,0.997924,13.525242,9
iho-gulf-of-st-lawrence,1991,5.3,5.15,5.24,5.34,-0.084,0.150599,48.66826,-0.878473,0.477793,12.581716,9
iho-gulf-of-thailand,1991,28.91,29.01,28.73,28.988,-0.069,0.165457,9.90349,0.977828,-0.209412,12.593929,9
iho-halmahera-sea,1991,28.51,28.89,29.19,28.876,-0.048,0.285489,0.437415,0.774409,-0.632686,11.228075,9
iho-hudson-bay,1991,0.93,0.82,1.01,1.03,-0.07,0.196469,58.60554,-0.997337,0.072937,13.641849,9
iho-hudson-strait,1991,-0.2,-0.46,-0.26,-0.262,-0.02,0.112499,61.466505,-0.930268,0.366881,12.213959,9
iho-inner-seas-off-the-west-coast-of-scotland,1991,10.58,10.88,10.88,10.67,0.055,0.174356,56.46592,-0.121627,0.992576,10.70905,9
iho-ionian-sea,1991,19.06,19.5,19.16,19.318,-0.065,0.175773,38.47898,0.322653,0.946517,12.053467,9
iho-irish-sea-and-st-george-s-channel,1991,11.3,11.61,11.85,11.354,0.13,0.340623,53.43632,-0.079881,0.996804,10.731206,9
iho-japan-sea,1991,13.2,13.6,13.25,13.148,0.165,0.306425,42.18206,0.706473,-0.70774,13.879648,9
iho-java-sea,1991,28.7,29.08,28.91,28.844,0.028,0.149211,-5.161905,0.925947,-0.377653,13.236044,9
iho-kara-sea,1991,-0.48,-0.58,-0.53,-0.5,-0.011,0.063561,73.75758,0.949378,0.314137,13.726479,9
iho-labrador-sea,1991,2.64,2.72,2.92,2.972,-0.18,0.27874,53.9349,-0.795011,0.606595,13.677779,9
iho-laccadive-sea,1991,28.75,28.64,28.36,28.75,-0.09,0.241826,7.04053,0.970503,0.241089,13.635995,9
iho-laptev-sea,1991,-0.34,-0.38,-0.86,-0.596,0.118,0.220327,72.49477,0.718747,-0.695271,13.179195,9
iho-makassar-strait,1991,29.01,29.11,29.12,29.1,-0.011,0.105262,-2.133915,0.884652,-0.466253,12.186416,9
iho-malacca-strait,1991,29.24,29.27,29.0,29.258,-0.042,0.142745,4.62758,0.986752,-0.162235,12.176829,9
iho-molukka-sea,1991,28.49,28.83,29.08,28.824,-0.05,0.255155,1.29441,0.806409,-0.591359,12.302019,9
iho-mozambique-channel,1991,26.74,26.64,26.53,26.724,-0.043,0.12627,-18.652675,0.646908,0.762568,14.13694,9
iho-norwegian-sea,1991,6.78,7.09,6.49,6.706,0.092,0.214532,68.77561,0.033764,0.99943,14.188602,9
iho-persian-gulf,1991,26.27,26.94,26.82,26.926,-0.25,0.383228,27.25814,0.777543,0.62883,12.408351,9
iho-philippine-sea,1991,27.12,27.07,27.25,27.268,-0.091,0.179711,18.90921,0.720574,-0.693378,15.536311,9
iho-sea-of-okhotsk,1991,4.37,4.57,4.52,4.278,0.162,0.294034,52.970885,0.505452,-0.862855,14.298006,9
iho-skagerrak,1991,10.09,10.51,10.45,9.948,0.324,0.632405,58.491525,0.17484,0.984597,10.380145,9
iho-solomon-sea,1991,28.58,28.68,29.02,28.714,0.023,0.258271,-8.362475,0.4558,-0.890082,13.512255,9
iho-sulu-sea,1991,28.56,28.55,28.74,28.774,-0.121,0.225175,9.24238,0.860336,-0.509727,12.720177,9
iho-the-coastal-waters-of-southeast-alaska-and-british-columbia,1991,9.02,9.42,9.45,9.238,-0.012,0.187019,53.145505,-0.75872,-0.651416,11.748468,9
iho-the-northwestern-passages,1991,-0.97,-1.07,-0.93,-0.966,-0.01,0.093295,72.743745,-0.999893,-0.014615,13.883329,9
iho-timor-sea,1991,28.4,28.71,28.82,28.674,-0.043,0.199359,-11.69447,0.798564,-0.60191,12.967616,9
iho-tyrrhenian-sea,1991,18.35,18.88,18.41,18.652,-0.074,0.234896,40.88606,0.204983,0.978765,12.28902,9
iho-white-sea,1991,3.28,3.48,4.09,3.264,0.219,0.555143,66.11883,0.588055,0.808821,11.426851,9
iho-yellow-sea,1991,14.72,14.82,14.81,14.632,0.114,0.197929,37.10378,0.823032,-0.567996,12.917778,9
indian,1991,18.38,18.31,18.26,18.376,-0.033,0.082122,-24.80201,0.985963,0.166965,17.874379,9
med-east,1991,20.51,20.9,20.68,20.69,0.001,0.148728,33.972405,0.388183,0.921582,13.970857,9
med-west,1991,18.45,19.01,18.83,18.786,-0.046,0.191583,39.641195,0.108319,0.994116,13.071896,9
north-sea,1991,10.18,10.72,10.64,10.254,0.176,0.40633,55.991155,0.048807,0.998808,13.17933,9
pacific-north,1991,22.71,22.71,22.5,22.564,0.074,0.123223,29.13773,-0.512453,-0.858715,17.983864,9
pacific-south,1991,19.69,19.59,19.47,19.612,-0.01,0.10245,-29.29769,-0.812176,-0.583412,18.148866,9
red,1991,28.02,27.99,27.92,28.046,-0.031,0.114473,20.302025,0.622928,0.78228,13.012457,9
south-china,1991,27.74,27.74,27.67,27.85,-0.094,0.165409,11.16138,0.913678,-0.406438,15.019307,9
southern,1991,-0.87,-0.83,-0.83,-0.824,-0.017,0.029394,-72.7774,-0.698579,-0.715533,16.901883,9
tasman,1991,15.87,16.32,16.58,16.218,-0.033,0.238948,-40.43461,0.311587,-0.950217,15.020206,9
arabian,1992,27.65,27.79,27.76,27.786,-0.073,0.163046,12.45006,0.892737,0.450579,15.248859,10
arctic,1992,-1.63,-1.61,-1.56,-1.61,0.003,0.030332,80.71087,-0.663278,-0.748373,15.460999,10
atlantic-north,1992,20.96,21.05,21.19,21.122,-0.066,0.10028,34.248285,-0.672091,0.740468,17.350575,10
atlantic-south,1992,16.59,16.79,16.9,16.812,-0.069,0.11822,-30.052735,-0.283797,0.958885,17.511694,10
baltic,1992,9.28,8.87,9.51,9.17,0.047,0.296715,56.751155,0.324147,0.946007,12.295761,10
bengal,1992,28.32,28.5,28.48,28.486,-0.082,0.190116,14.952905,0.998516,0.054454,14.60031,10
bering,1992,4.0,4.42,4.36,4.25,-0.014,0.17088,58.967385,-0.158169,-0.987412,14.671337,10
black,1992,13.95,14.44,14.84,14.538,-0.184,0.322639,43.712375,0.560251,0.828323,12.953789,10
caribbean,1992,27.62,27.59,27.76,27.69,-0.053,0.113137,15.28978,-0.953381,0.301769,14.854371,10
caspian,1992,14.11,14.08,14.08,14.07,0.019,0.027568,41.860385,0.771846,0.635809,12.8917,10
coral,1992,26.08,26.06,26.25,26.268,-0.134,0.200539,-18.698505,0.380185,-0.92491,15.224138,10
gulf-mexico,1992,25.53,25.95,25.93,25.74,0.032,0.229085,24.262605,-0.999978,-0.00665,14.25895,10
iho-adriatic-sea,1992,18.18,17.67,17.91,17.94,-0.012,0.22289,42.750975,0.274561,0.96157,11.860389,10
iho-aegean-sea,1992,18.92,18.83,18.99,18.974,-0.059,0.098914,38.064275,0.434155,0.900838,12.178673,10
iho-alboran-sea,1992,18.33,18.48,19.08,18.688,-0.101,0.283365,36.00498,-0.059967,0.9982,10.904011,10
iho-andaman-or-burma-sea,1992,28.61,28.9,28.83,28.81,-0.069,0.185796,11.345655,0.995242,-0.097431,13.323568,10
iho-arafura-sea,1992,27.96,27.75,28.04,28.102,-0.16,0.259338,-10.39485,0.686759,-0.726885,13.831679,10
iho-baffin-bay,1992,-0.66,-0.5,-0.65,-0.628,0.002,0.117201,76.206255,-0.960545,0.278125,13.18762,10
iho-banda-sea,1992,28.69,28.31,28.61,28.62,-0.055,0.162727,-4.85558,0.793037,-0.609173,13.443201,10
iho-barentsz-sea,1992,1.83,1.89,2.15,1.836,0.07,0.196733,73.955765,0.603995,0.796988,14.172227,10
iho-bass-strait,1992,15.57,15.6,16.14,15.97,-0.207,0.318057,-39.35622,0.559203,-0.82903,11.637695,10
iho-bay-of-biscay,1992,14.92,14.9,15.68,15.278,-0.127,0.37408,45.567995,-0.063151,0.998004,12.067709,10
iho-beaufort-sea,1992,-1.22,-1.16,-1.0,-0.986,-0.141,0.20529,72.07828,-0.657818,-0.753177,12.994443,10
iho-bismarck-sea,1992,28.91,29.21,29.2,29.246,-0.133,0.201851,-3.51689,0.531651,-0.846963,12.741831,10
iho-celebes-sea,1992,28.81,28.71,28.81,28.92,-0.116,0.18719,4.320085,0.849589,-0.527446,13.027678,10
iho-celtic-sea,1992,12.75,12.8,13.38,13.09,-0.104,0.381785,49.57831,-0.146291,0.989242,12.280984,10
iho-ceram-sea,1992,28.57,28.28,28.67,28.688,-0.148,0.256702,-3.22909,0.747368,-0.66441,11.985275,10
iho-chukchi-sea,1992,0.07,0.17,0.43,0.208,0.022,0.317263,68.851175,-0.125299,-0.992119,12.764697,10
iho-davis-strait,1992,0.25,0.68,0.59,0.562,-0.101,0.226221,65.055565,-0.846344,0.532637,13.53112,10
iho-east-siberian-sea,1992,-0.81,-0.55,-0.14,-0.604,0.032,0.281965,72.69595,0.353866,-0.935296,13.372628,10
iho-eastern-china-sea,1992,21.8,21.98,22.09,21.974,-0.05,0.107629,28.689,0.810496,-0.585744,13.538823,10
iho-english-channel,1992,12.43,12.31,12.92,12.68,-0.101,0.373898,49.79585,-0.044076,0.999028,11.310102,10
iho-flores-sea,1992,28.8,28.24,28.72,28.57,0.019,0.192873,-7.10454,0.870955,-0.491364,11.533032,10
iho-great-australian-bight,1992,16.22,16.35,16.44,16.354,-0.032,0.075525,-37.505585,0.733327,-0.679876,14.094371,10
iho-greenland-sea,1992,0.66,0.98,0.94,0.704,0.097,0.226327,73.913585,-0.141862,0.989886,13.994943,10
iho-gulf-of-aden,1992,28.12,28.06,28.45,28.22,-0.062,0.190473,12.781685,0.745063,0.666994,12.469715,10
iho-gulf-of-alaska,1992,7.58,7.41,7.72,7.646,-0.069,0.135882,57.908245,-0.562787,-0.826602,12.941426,10
iho-gulf-of-bothnia,1992,6.92,6.94,7.4,7.116,-0.044,0.240466,62.78759,0.334482,0.942402,11.677191,10
iho-gulf-of-california,1992,24.85,24.12,24.11,23.934,0.416,0.603742,27.3495,-0.931231,-0.364428,12.100261,10
iho-gulf-of-finland,1992,7.13,7.01,7.43,7.22,-0.034,0.183739,61.031815,0.521086,0.853504,10.977348,10
iho-gulf-of-guinea,1992,27.53,27.69,27.59,27.72,-0.11,0.184174,2.77271,0.064397,0.997924,13.525242,10
iho-gulf-of-st-lawrence,1992,5.17,5.3,5.15,5.258,-0.046,0.101074,48.66826,-0.878473,0.477793,12.581716,10
iho-gulf-of-thailand,1992,28.94,28.91,29.01,28.93,-0.006,0.11296,9.90349,0.977828,-0.209412,12.593929,10
iho-halmahera-sea,1992,28.71,28.51,28.89,28.898,-0.164,0.267013,0.437415,0.774409,-0.632686,11.228075,10
iho-hudson-bay,1992,0.42,0.93,0.82,0.916,-0.204,0.315759,58.60554,-0.997337,0.072937,13.641849,10
iho-hudson-strait,1992,-0.64,-0.2,-0.46,-0.336,-0.098,0.189061,61.466505,-0.930268,0.366881,12.213959,10
iho-inner-seas-off-the-west-coast-of-scotland,1992,10.46,10.58,10.88,10.666,-0.044,0.178841,56.46592,-0.121627,0.992576,10.70905,10
iho-ionian-sea,1992,19.31,19.06,19.5,19.3,-0.042,0.170997,38.47898,0.322653,0.946517,12.053467,10
iho-irish-sea-and-st-george-s-channel,1992,11.23,11.3,11.61,11.42,-0.031,0.271146,53.43632,-0.079881,0.996804,10.731206,10
iho-japan-sea,1992,13.03,13.2,13.6,13.222,-0.005,0.208749,42.18206,0.706473,-0.70774,13.879648,10
iho-java-sea,1992,29.13,28.7,29.08,28.936,0.033,0.155255,-5.161905,0.925947,-0.377653,13.236044,10
iho-kara-sea,1992,-0.59,-0.48,-0.58,-0.514,-0.035,0.073376,73.75758,0.949378,0.314137,13.726479,10
iho-labrador-sea,1992,2.66,2.64,2.72,2.86,-0.168,0.268924,53.9349,-0.795011,0.606595,13.677779,10
iho-laccadive-sea,1992,28.45,28.75,28.64,28.632,-0.063,0.21386,7.04053,0.970503,0.241089,13.635995,10
iho-laptev-sea,1992,-0.84,-0.34,-0.38,-0.596,-0.004,0.220327,72.49477,0.718747,-0.695271,13.179195,10
iho-makassar-strait,1992,29.24,29.01,29.11,29.152,-0.019,0.097036,-2.133915,0.884652,-0.466253,12.186416,10
iho-malacca-strait,1992,29.19,29.24,29.27,29.218,-0.016,0.127342,4.62758,0.986752,-0.162235,12.176829,10
iho-molukka-sea,1992,28.74,28.49,28.83,28.854,-0.137,0.233803,1.29441,0.806409,-0.591359,12.302019,10
iho-mozambique-channel,1992,26.83,26.74,26.64,26.722,0.013,0.124483,-18.652675,0.646908,0.762568,14.13694,10
iho-norwegian-sea,1992,6.63,6.78,7.09,6.72,0.033,0.206688,68.77561,0.033764,0.99943,14.188602,10
iho-persian-gulf,1992,25.93,26.27,26.94,26.636,-0.313,0.468982,27.25814,0.777543,0.62883,12.408351,10
iho-philippine-sea,1992,27.02,27.12,27.07,27.208,-0.125,0.201137,18.90921,0.720574,-0.693378,15.536311,10
iho-sea-of-okhotsk,1992,3.97,4.37,4.57,4.32,-0.055,0.223607,52.970885,0.505452,-0.862855,14.298006,10
iho-skagerrak,1992,10.09,10.09,10.51,10.214,-0.004,0.225708,58.491525,0.17484,0.984597,10.380145,10
iho-solomon-sea,1992,28.33,28.58,28.68,28.716,-0.172,0.255233,-8.362475,0.4558,-0.890082,13.512255,10
iho-sulu-sea,1992,28.7,28.56,28.55,28.742,-0.11,0.222027,9.24238,0.860336,-0.509727,12.720177,10
iho-the-coastal-waters-of-southeast-alaska-and-british-columbia,1992,9.39,9.02,9.42,9.26,0.031,0.196876,53.145505,-0.75872,-0.651416,11.748468,10
iho-the-northwestern-passages,1992,-1.04,-0.97,-1.07,-0.964,-0.05,0.091564,72.743745,-0.999893,-0.014615,13.883329,10
iho-timor-sea,1992,28.72,28.4,28.71,28.718,-0.086,0.179377,-11.69447,0.798564,-0.60191,12.967616,10
iho-tyrrhenian-sea,1992,18.72,18.35,18.88,18.656,-0.046,0.235847,40.88606,0.204983,0.978765,12.28902,10
iho-white-sea,1992,3.65,3.28,3.48,3.518,0.031,0.34231,66.11883,0.588055,0.808821,11.426851,10
iho-yellow-sea,1992,14.68,14.72,14.82,14.706,0.027,0.115862,37.10378,0.823032,-0.567996,12.917778,10
indian,1992,18.33,18.38,18.31,18.348,-0.014,0.067941,-24.80201,0.985963,0.166965,17.874379,10
med-east,1992,20.41,20.51,20.9,20.662,-0.097,0.181923,33.972405,0.388183,0.921582,13.970857,10
med-west,1992,18.46,18.45,19.01,18.732,-0.128,0.233272,39.641195,0.108319,0.994116,13.071896,10
north-sea,1992,10.37,10.18,10.72,10.41,-0.0,0.235117,55.991155,0.048807,0.998808,13.17933,10
pacific-north,1992,22.57,22.71,22.71,22.58,0.053,0.117644,29.13773,-0.512453,-0.858715,17.983864,10
pacific-south,1992,19.71,19.69,19.59,19.602,0.054,0.089084,-29.29769,-0.812176,-0.583412,18.148866,10
red,1992,27.72,28.02,27.99,27.982,-0.098,0.173943,20.302025,0.622928,0.78228,13.012457,10
south-china,1992,27.72,27.74,27.74,27.782,-0.057,0.131514,11.16138,0.913678,-0.406438,15.019307,10
southern,1992,-0.75,-0.87,-0.83,-0.812,0.002,0.042143,-72.7774,-0.698579,-0.715533,16.901883,10
tasman,1992,15.82,15.87,16.32,16.168,-0.157,0.286175,-40.43461,0.311587,-0.950217,15.020206,10
arabian,1993,27.73,27.65,27.79,27.714,0.007,0.059532,12.45006,0.892737,0.450579,15.248859,11
arctic,1993,-1.58,-1.63,-1.61,-1.596,-0.003,0.024166,80.71087,-0.663278,-0.748373,15.460999,11
atlantic-north,1993,20.99,20.96,21.05,21.076,-0.063,0.097488,34.248285,-0.672091,0.740468,17.350575,11
atlantic-south,1993,16.91,16.59,16.79,16.818,-0.029,0.122213,-30.052735,-0.283797,0.958885,17.511694,11
baltic,1993,8.61,9.28,8.87,9.138,-0.185,0.343127,56.751155,0.324147,0.946007,12.295761,11
bengal,1993,28.46,28.32,28.5,28.412,0.016,0.084475,14.952905,0.998516,0.054454,14.60031,11
bering,1993,4.51,4.0,4.42,4.334,-0.01,0.174768,58.967385,-0.158169,-0.987412,14.671337,11
black,1993,14.15,13.95,14.44,14.424,-0.207,0.338503,43.712375,0.560251,0.828323,12.953789,11
caribbean,1993,27.72,27.62,27.59,27.658,0.01,0.068819,15.28978,-0.953381,0.301769,14.854371,11
caspian,1993,14.48,14.11,14.08,14.16,0.089,0.161121,41.860385,0.771846,0.635809,12.8917,11
coral,1993,25.84,26.08,26.06,26.114,-0.117,0.172464,-18.698505,0.380185,-0.92491,15.224138,11
gulf-mexico,1993,25.72,25.53,25.95,25.804,-0.074,0.159198,24.262605,-0.999978,-0.00665,14.25895,11
iho-adriatic-sea,1993,18.23,18.18,17.67,17.944,0.127,0.227824,42.750975,0.274561,0.96157,11.860389,11
iho-aegean-sea,1993,19.0,18.92,18.83,18.948,-0.007,0.066151,38.064275,0.434155,0.900838,12.178673,11
iho-alboran-sea,1993,18.26,18.33,18.48,18.62,-0.213,0.332806,36.00498,-0.059967,0.9982,10.904011,11
iho-andaman-or-burma-sea,1993,28.69,28.61,28.9,28.728,-0.006,0.117712,11.345655,0.995242,-0.097431,13.323568,11
iho-arafura-sea,1993,27.73,27.96,27.75,27.946,-0.112,0.193142,-10.39485,0.686759,-0.726885,13.831679,11
iho-baffin-bay,1993,-0.73,-0.66,-0.5,-0.672,0.017,0.105338,76.206255,-0.960545,0.278125,13.18762,11
iho-banda-sea,1993,28.3,28.69,28.31,28.53,-0.08,0.188361,-4.85558,0.793037,-0.609173,13.443201,11
iho-barentsz-sea,1993,1.77,1.83,1.89,1.882,-0.032,0.141195,73.955765,0.603995,0.796988,14.172227,11
iho-bass-strait,1993,15.63,15.57,15.6,15.842,-0.185,0.299827,-39.35622,0.559203,-0.82903,11.637695,11
iho-bay-of-biscay,1993,14.91,14.92,14.9,15.236,-0.248,0.40033,45.567995,-0.063151,0.998004,12.067709,11
iho-beaufort-sea,1993,-0.49,-1.22,-1.16,-0.956,0.062,0.257884,72.07828,-0.657818,-0.753177,12.994443,11
iho-bismarck-sea,1993,28.57,28.91,29.21,29.07,-0.207,0.304697,-3.51689,0.531651,-0.846963,12.741831,11
iho-celebes-sea,1993,28.81,28.81,28.71,28.838,-0.048,0.112854,4.320085,0.849589,-0.527446,13.027678,11
iho-celtic-sea,1993,12.75,12.75,12.8,13.076,-0.253,0.392561,49.57831,-0.146291,0.989242,12.280984,11
iho-ceram-sea,1993,28.23,28.57,28.28,28.538,-0.152,0.261335,-3.22909,0.747368,-0.66441,11.985275,11
iho-chukchi-sea,1993,0.38,0.07,0.17,0.34,-0.09,0.203765,68.851175,-0.125299,-0.992119,12.764697,11
iho-davis-strait,1993,0.45,0.25,0.68,0.472,-0.022,0.150785,65.055565,-0.846344,0.532637,13.53112,11
iho-east-siberian-sea,1993,-0.54,-0.81,-0.55,-0.518,-0.065,0.214793,72.69595,0.353866,-0.935296,13.372628,11
iho-eastern-china-sea,1993,21.96,21.8,21.98,21.95,-0.021,0.093808,28.689,0.810496,-0.585744,13.538823,11
iho-english-channel,1993,12.39,12.43,12.31,12.67,-0.231,0.380789,49.79585,-0.044076,0.999028,11.310102,11
iho-flores-sea,1993,28.55,28.8,28.24,28.568,0.012,0.193018,-7.10454,0.870955,-0.491364,11.533032,11
iho-great-australian-bight,1993,16.23,16.22,16.35,16.33,-0.058,0.090554,-37.505585,0.733327,-0.679876,14.094371,11
iho-greenland-sea,1993,0.7,0.66,0.98,0.766,0.002,0.166325,73.913585,-0.141862,0.989886,13.994943,11
iho-gulf-of-aden,1993,28.18,28.12,28.06,28.166,-0.001,0.152,12.781685,0.745063,0.666994,12.469715,11
iho-gulf-of-alaska,1993,7.92,7.58,7.41,7.682,0.014,0.174402,57.908245,-0.562787,-0.826602,12.941426,11
iho-gulf-of-bothnia,1993,6.34,6.92,6.94,7.004,-0.264,0.395454,62.78759,0.334482,0.942402,11.677191,11
iho-gulf-of-california,1993,24.3,24.85,24.12,24.18,0.23,0.426005,27.3495,-0.931231,-0.364428,12.100261,11
iho-gulf-of-finland,1993,6.85,7.13,7.01,7.174,-0.15,0.234742,61.031815,0.521086,0.853504,10.977348,11
iho-gulf-of-guinea,1993,27.81,27.53,27.69,27.67,0.01,0.099599,2.77271,0.064397,0.997924,13.525242,11
iho-gulf-of-st-lawrence,1993,5.19,5.17,5.3,5.21,-0.008,0.054037,48.66826,-0.878473,0.477793,12.581716,11
iho-gulf-of-thailand,1993,28.93,28.94,28.91,28.904,0.033,0.093295,9.90349,0.977828,-0.209412,12.593929,11
iho-halmahera-sea,1993,28.64,28.71,28.51,28.788,-0.128,0.235491,0.437415,0.774409,-0.632686,11.228075,11
iho-hudson-bay,1993,0.69,0.42,0.93,0.774,-0.104,0.207133,58.60554,-0.997337,0.072937,13.641849,11
iho-hudson-strait,1993,-0.45,-0.64,-0.2,-0.402,-0.056,0.157022,61.466505,-0.930268,0.366881,12.213959,11
iho-inner-seas-off-the-west-coast-of-scotland,1993,10.04,10.46,10.58,10.568,-0.21,0.311538,56.46592,-0.121627,0.992576,10.70905,11
iho-ionian-sea,1993,19.46,19.31,19.06,19.298,0.041,0.169044,38.47898,0.322653,0.946517,12.053467,11
iho-irish-sea-and-st-george-s-channel,1993,10.89,11.23,11.3,11.376,-0.23,0.32946,53.43632,-0.079881,0.996804,10.731206,11
iho-japan-sea,1993,12.98,13.03,13.2,13.212,-0.111,0.218669,42.18206,0.706473,-0.70774,13.879648,11
iho-java-sea,1993,28.75,29.13,28.7,28.914,-0.027,0.171418,-5.161905,0.925947,-0.377653,13.236044,11
iho-kara-sea,1993,-0.27,-0.59,-0.48,-0.49,0.051,0.11679,73.75758,0.949378,0.314137,13.726479,11
iho-labrador-sea,1993,2.76,2.66,2.64,2.74,-0.038,0.099599,53.9349,-0.795011,0.606595,13.677779,11
iho-laccadive-sea,1993,28.44,28.45,28.75,28.528,-0.003,0.144139,7.04053,0.970503,0.241089,13.635995,11
iho-laptev-sea,1993,-0.82,-0.84,-0.34,-0.648,-0.038,0.23583,72.49477,0.718747,-0.695271,13.179195,11
iho-makassar-strait,1993,29.16,29.24,29.01,29.128,0.021,0.074673,-2.133915,0.884652,-0.466253,12.186416,11
iho-malacca-strait,1993,29.15,29.19,29.24,29.17,0.022,0.094446,4.62758,0.986752,-0.162235,12.176829,11
iho-molukka-sea,1993,28.59,28.74,28.49,28.746,-0.107,0.204216,1.29441,0.806409,-0.591359,12.302019,11
iho-mozambique-channel,1993,26.63,26.83,26.74,26.674,0.039,0.102489,-18.652675,0.646908,0.762568,14.13694,11
iho-norwegian-sea,1993,6.47,6.63,6.78,6.692,-0.05,0.22807,68.77561,0.033764,0.99943,14.188602,11
iho-persian-gulf,1993,26.61,25.93,26.27,26.514,-0.143,0.370113,27.25814,0.777543,0.62883,12.408351,11
iho-philippine-sea,1993,27.05,27.02,27.12,27.102,-0.045,0.080846,18.90921,0.720574,-0.693378,15.536311,11
iho-sea-of-okhotsk,1993,4.21,3.97,4.37,4.328,-0.122,0.21876,52.970885,0.505452,-0.862855,14.298006,11
iho-skagerrak,1993,9.21,10.09,10.09,10.07,-0.29,0.464414,58.491525,0.17484,0.984597,10.380145,11
iho-solomon-sea,1993,27.92,28.33,28.58,28.506,-0.255,0.367238,-8.362475,0.4558,-0.890082,13.512255,11
iho-sulu-sea,1993,28.71,28.7,28.56,28.652,0.009,0.080349,9.24238,0.860336,-0.509727,12.720177,11
iho-the-coastal-waters-of-southeast-alaska-and-british-columbia,1993,9.38,9.39,9.02,9.332,-0.017,0.157911,53.145505,-0.75872,-0.651416,11.748468,11
iho-the-northwestern-passages,1993,-0.9,-1.04,-0.97,-0.982,0.009,0.064312,72.743745,-0.999893,-0.014615,13.883329,11
iho-timor-sea,1993,28.38,28.72,28.4,28.606,-0.087,0.180621,-11.69447,0.798564,-0.60191,12.967616,11
iho-tyrrhenian-sea,1993,18.65,18.72,18.35,18.602,0.032,0.196916,40.88606,0.204983,0.978765,12.28902,11
iho-white-sea,1993,3.09,3.65,3.28,3.518,-0.183,0.34231,66.11883,0.588055,0.808821,11.426851,11
iho-yellow-sea,1993,14.83,14.68,14.72,14.772,-0.01,0.060465,37.10378,0.823032,-0.567996,12.917778,11
indian,1993,18.27,18.33,18.38,18.31,0.004,0.043359,-24.80201,0.985963,0.166965,17.874379,11
med-east,1993,20.73,20.41,20.51,20.646,-0.039,0.171418,33.972405,0.388183,0.921582,13.970857,11
med-west,1993,18.48,18.46,18.45,18.646,-0.125,0.23105,39.641195,0.108319,0.994116,13.071896,11
north-sea,1993,9.78,10.37,10.18,10.338,-0.207,0.338963,55.991155,0.048807,0.998808,13.17933,11
pacific-north,1993,22.54,22.57,22.71,22.606,-0.006,0.087772,29.13773,-0.512453,-0.858715,17.983864,11
pacific-south,1993,19.61,19.71,19.69,19.614,0.04,0.085229,-29.29769,-0.812176,-0.583412,18.148866,11
red,1993,28.03,27.72,28.02,27.936,-0.005,0.114647,20.302025,0.622928,0.78228,13.012457,11
south-china,1993,27.73,27.72,27.74,27.72,0.01,0.026077,11.16138,0.913678,-0.406438,15.019307,11
southern,1993,-0.78,-0.75,-0.87,-0.812,0.018,0.042143,-72.7774,-0.698579,-0.715533,16.901883,11
tasman,1993,15.97,15.82,15.87,16.112,-0.172,0.291986,-40.43461,0.311587,-0.950217,15.020206,11
arabian,1994,27.76,27.73,27.65,27.738,-0.006,0.047917,12.45006,0.892737,0.450579,15.248859,12
arctic,1994,-1.63,-1.58,-1.63,-1.602,-0.011,0.027857,80.71087,-0.663278,-0.748373,15.460999,12
atlantic-north,1994,21.04,20.99,20.96,21.046,-0.036,0.079145,34.248285,-0.672091,0.740468,17.350575,12
atlantic-south,1994,16.78,16.91,16.59,16.794,-0.012,0.115343,-30.052735,-0.283797,0.958885,17.511694,12
baltic,1994,8.95,8.61,9.28,9.044,-0.138,0.316329,56.751155,0.324147,0.946007,12.295761,12
bengal,1994,28.36,28.46,28.32,28.424,-0.028,0.07088,14.952905,0.998516,0.054454,14.60031,12
bering,1994,4.38,4.51,4.0,4.334,0.013,0.174768,58.967385,-0.158169,-0.987412,14.671337,12
black,1994,14.97,14.15,13.95,14.47,-0.003,0.390026,43.712375,0.560251,0.828323,12.953789,12
caribbean,1994,27.58,27.72,27.62,27.654,-0.023,0.072553,15.28978,-0.953381,0.301769,14.854371,12
caspian,1994,14.63,14.48,14.11,14.276,0.15,0.232946,41.860385,0.771846,0.635809,12.8917,12
coral,1994,26.0,25.84,26.08,26.046,-0.072,0.132303,-18.698505,0.380185,-0.92491,15.224138,12
gulf-mexico,1994,25.8,25.72,25.53,25.786,-0.049,0.153441,24.262605,-0.999978,-0.00665,14.25895,12
iho-adriatic-sea,1994,18.58,18.23,18.18,18.114,0.19,0.307805,42.750975,0.274561,0.96157,11.860389,12
iho-aegean-sea,1994,19.63,19.0,18.92,19.074,0.145,0.284577,38.064275,0.434155,0.900838,12.178673,12
iho-alboran-sea,1994,18.7,18.26,18.33,18.57,-0.098,0.296243,36.00498,-0.059967,0.9982,10.904011,12
iho-andaman-or-burma-sea,1994,28.53,28.69,28.61,28.712,-0.081,0.136587,11.345655,0.995242,-0.097431,13.323568,12
iho-arafura-sea,1994,27.74,27.73,27.96,27.844,-0.062,0.130015,-10.39485,0.686759,-0.726885,13.831679,12
iho-baffin-bay,1994,-0.46,-0.73,-0.66,-0.6,0.015,0.102567,76.206255,-0.960545,0.278125,13.18762,12
iho-banda-sea,1994,28.13,28.3,28.69,28.408,-0.097,0.209227,-4.85558,0.793037,-0.609173,13.443201,12
iho-barentsz-sea,1994,1.75,1.77,1.83,1.878,-0.092,0.144554,73.955765,0.603995,0.796988,14.172227,12
iho-bass-strait,1994,15.3,15.63,15.57,15.648,-0.165,0.27272,-39.35622,0.559203,-0.82903,11.637695,12
iho-bay-of-biscay,1994,15.22,14.91,14.92,15.126,-0.091,0.301967,45.567995,-0.063151,0.998004,12.067709,12
iho-beaufort-sea,1994,-1.06,-0.49,-1.22,-0.986,0.055,0.259507,72.07828,-0.657818,-0.753177,12.994443,12
iho-bismarck-sea,1994,29.26,28.57,28.91,29.03,-0.052,0.260845,-3.51689,0.531651,-0.846963,12.741831,12
iho-celebes-sea,1994,28.89,28.81,28.81,28.806,0.026,0.057131,4.320085,0.849589,-0.527446,13.027678,12
iho-celtic-sea,1994,12.71,12.75,12.75,12.878,-0.139,0.252618,49.57831,-0.146291,0.989242,12.280984,12
iho-ceram-sea,1994,28.22,28.23,28.57,28.394,-0.095,0.188319,-3.22909,0.747368,-0.66441,11.985275,12
iho-chukchi-sea,1994,-0.18,0.38,0.07,0.174,-0.101,0.220962,68.851175,-0.125299,-0.992119,12.764697,12
iho-davis-strait,1994,0.66,0.45,0.25,0.526,-0.009,0.159825,65.055565,-0.846344,0.532637,13.53112,12
iho-east-siberian-sea,1994,-0.94,-0.54,-0.81,-0.596,-0.159,0.274707,72.69595,0.353866,-0.935296,13.372628,12
iho-eastern-china-sea,1994,22.21,21.96,21.8,22.008,0.022,0.137026,28.689,0.810496,-0.585744,13.538823,12
iho-english-channel,1994,12.54,12.39,12.43,12.518,-0.068,0.214234,49.79585,-0.044076,0.999028,11.310102,12
iho-flores-sea,1994,28.21,28.55,28.8,28.504,-0.071,0.241876,-7.10454,0.870955,-0.491364,11.533032,12
iho-great-australian-bight,1994,16.21,16.23,16.22,16.29,-0.058,0.090554,-37.505585,0.733327,-0.679876,14.094371,12
iho-greenland-sea,1994,0.88,0.7,0.66,0.832,-0.04,0.128748,73.913585,-0.141862,0.989886,13.994943,12
iho-gulf-of-aden,1994,27.86,28.18,28.12,28.134,-0.106,0.191165,12.781685,0.745063,0.666994,12.469715,12
iho-gulf-of-alaska,1994,7.6,7.92,7.58,7.646,0.027,0.16895,57.908245,-0.562787,-0.826602,12.941426,12
iho-gulf-of-bothnia,1994,6.71,6.34,6.92,6.862,-0.198,0.344813,62.78759,0.334482,0.942402,11.677191,12
iho-gulf-of-california,1994,24.38,24.3,24.85,24.352,0.072,0.26977,27.3495,-0.931231,-0.364428,12.100261,12
iho-gulf-of-finland,1994,6.88,6.85,7.13,7.06,-0.126,0.210143,61.031815,0.521086,0.853504,10.977348,12
iho-gulf-of-guinea,1994,27.77,27.81,27.53,27.678,0.048,0.105527,2.77271,0.064397,0.997924,13.525242,12
iho-gulf-of-st-lawrence,1994,5.27,5.19,5.17,5.216,0.013,0.058515,48.66826,-0.878473,0.477793,12.581716,12
iho-gulf-of-thailand,1994,28.76,28.93,28.94,28.91,-0.048,0.082219,9.90349,0.977828,-0.209412,12.593929,12
iho-halmahera-sea,1994,28.7,28.64,28.71,28.69,-0.025,0.122801,0.437415,0.774409,-0.632686,11.228075,12
iho-hudson-bay,1994,0.67,0.69,0.42,0.706,-0.054,0.171184,58.60554,-0.997337,0.072937,13.641849,12
iho-hudson-strait,1994,-0.26,-0.45,-0.64,-0.402,0.015,0.157022,61.466505,-0.930268,0.366881,12.213959,12
iho-inner-seas-off-the-west-coast-of-scotland,1994,10.22,10.04,10.46,10.436,-0.186,0.290489,56.46592,-0.121627,0.992576,10.70905,12
iho-ionian-sea,1994,19.79,19.46,19.31,19.424,0.098,0.239383,38.47898,0.322653,0.946517,12.053467,12
iho-irish-sea-and-st-george-s-channel,1994,11.0,10.89,11.23,11.206,-0.163,0.250966,53.43632,-0.079881,0.996804,10.731206,12
iho-japan-sea,1994,13.52,12.98,13.03,13.266,-0.038,0.252159,42.18206,0.706473,-0.70774,13.879648,12
iho-java-sea,1994,28.46,28.75,29.13,28.824,-0.119,0.250008,-5.161905,0.925947,-0.377653,13.236044,12
iho-kara-sea,1994,-0.36,-0.27,-0.59,-0.456,0.065,0.124676,73.75758,0.949378,0.314137,13.726479,12
iho-labrador-sea,1994,3.12,2.76,2.66,2.78,0.092,0.175271,53.9349,-0.795011,0.606595,13.677779,12
iho-laccadive-sea,1994,28.59,28.44,28.45,28.574,-0.041,0.117405,7.04053,0.970503,0.241089,13.635995,12
iho-laptev-sea,1994,-0.59,-0.82,-0.84,-0.594,-0.09,0.210675,72.49477,0.718747,-0.695271,13.179195,12
iho-makassar-strait,1994,28.91,29.16,29.24,29.086,-0.025,0.115343,-2.133915,0.884652,-0.466253,12.186416,12
iho-malacca-strait,1994,29.06,29.15,29.19,29.182,-0.051,0.073593,4.62758,0.986752,-0.162235,12.176829,12
iho-molukka-sea,1994,28.59,28.59,28.74,28.648,-0.038,0.121062,1.29441,0.806409,-0.591359,12.302019,12
iho-mozambique-channel,1994,26.32,26.63,26.83,26.632,-0.075,0.172209,-18.652675,0.646908,0.762568,14.13694,12
iho-norwegian-sea,1994,6.53,6.47,6.63,6.7,-0.143,0.22145,68.77561,0.033764,0.99943,14.188602,12
iho-persian-gulf,1994,26.79,26.61,25.93,26.508,0.004,0.365316,27.25814,0.777543,0.62883,12.408351,12
iho-philippine-sea,1994,27.21,27.05,27.02,27.094,0.021,0.066513,18.90921,0.720574,-0.693378,15.536311,12
iho-sea-of-okhotsk,1994,4.57,4.21,3.97,4.338,-0.016,0.228245,52.970885,0.505452,-0.862855,14.298006,12
iho-skagerrak,1994,9.86,9.21,10.09,9.952,-0.218,0.426258,58.491525,0.17484,0.984597,10.380145,12
iho-solomon-sea,1994,28.43,27.92,28.33,28.388,-0.116,0.263165,-8.362475,0.4558,-0.890082,13.512255,12
iho-sulu-sea,1994,28.71,28.71,28.7,28.646,0.047,0.074458,9.24238,0.860336,-0.509727,12.720177,12
iho-the-coastal-waters-of-southeast-alaska-and-british-columbia,1994,9.47,9.38,9.39,9.336,0.046,0.161071,53.145505,-0.75872,-0.651416,11.748468,12
iho-the-northwestern-passages,1994,-0.83,-0.9,-1.04,-0.962,0.055,0.088408,72.743745,-0.999893,-0.014615,13.883329,12
iho-timor-sea,1994,28.37,28.38,28.72,28.516,-0.07,0.1628,-11.69447,0.798564,-0.60191,12.967616,12
iho-tyrrhenian-sea,1994,18.98,18.65,18.72,18.716,0.05,0.216758,40.88606,0.204983,0.978765,12.28902,12
iho-white-sea,1994,3.39,3.09,3.65,3.378,-0.037,0.188191,66.11883,0.588055,0.808821,11.426851,12
iho-yellow-sea,1994,15.22,14.83,14.68,14.854,0.091,0.191792,37.10378,0.823032,-0.567996,12.917778,12
indian,1994,18.25,18.27,18.33,18.308,-0.023,0.045782,-24.80201,0.985963,0.166965,17.874379,12
med-east,1994,21.0,20.73,20.41,20.71,0.042,0.223875,33.972405,0.388183,0.921582,13.970857,12
med-west,1994,18.86,18.48,18.46,18.652,-0.027,0.236085,39.641195,0.108319,0.994116,13.071896,12
north-sea,1994,10.23,9.78,10.37,10.256,-0.138,0.30375,55.991155,0.048807,0.998808,13.17933,12
pacific-north,1994,22.7,22.54,22.57,22.646,-0.019,0.074993,29.13773,-0.512453,-0.858715,17.983864,12
pacific-south,1994,19.64,19.61,19.71,19.648,0.002,0.045782,-29.29769,-0.812176,-0.583412,18.148866,12
red,1994,28.3,28.03,27.72,28.012,0.063,0.183891,20.302025,0.622928,0.78228,13.012457,12
south-china,1994,27.68,27.73,27.72,27.722,-0.013,0.022271,11.16138,0.913678,-0.406438,15.019307,12
southern,1994,-0.83,-0.78,-0.75,-0.812,0.009,0.042143,-72.7774,-0.698579,-0.715533,16.901883,12
tasman,1994,15.84,15.97,15.82,15.964,-0.086,0.185321,-40.43461,0.311587,-0.950217,15.020206,12
arabian,1995,27.73,27.76,27.73,27.732,-0.001,0.046648,12.45006,0.892737,0.450579,15.248859,13
arctic,1995,-1.58,-1.63,-1.58,-1.606,0.006,0.02245,80.71087,-0.663278,-0.748373,15.460999,13
atlantic-north,1995,21.39,21.04,20.99,21.086,0.076,0.155512,34.248285,-0.672091,0.740468,17.350575,13
atlantic-south,1995,16.78,16.78,16.91,16.77,0.017,0.102567,-30.052735,-0.283797,0.958885,17.511694,13
baltic,1995,8.85,8.95,8.61,8.912,-0.037,0.216185,56.751155,0.324147,0.946007,12.295761,13
bengal,1995,28.46,28.36,28.46,28.42,-0.004,0.068118,14.952905,0.998516,0.054454,14.60031,13
bering,1995,4.27,4.38,4.51,4.316,0.008,0.175795,58.967385,-0.158169,-0.987412,14.671337,13
black,1995,15.25,14.97,14.15,14.552,0.264,0.489588,43.712375,0.560251,0.828323,12.953789,13
caribbean,1995,27.94,27.58,27.72,27.69,0.066,0.134462,15.28978,-0.953381,0.301769,14.854371,13
caspian,1995,14.75,14.63,14.48,14.41,0.186,0.271219,41.860385,0.771846,0.635809,12.8917,13
coral,1995,26.53,26.0,25.84,26.102,0.086,0.229991,-18.698505,0.380185,-0.92491,15.224138,13
gulf-mexico,1995,25.9,25.8,25.72,25.78,0.017,0.148189,24.262605,-0.999978,-0.00665,14.25895,13
iho-adriatic-sea,1995,18.06,18.58,18.23,18.144,0.118,0.293435,42.750975,0.274561,0.96157,11.860389,13
iho-aegean-sea,1995,19.46,19.63,19.0,19.168,0.197,0.317074,38.064275,0.434155,0.900838,12.178673,13
iho-alboran-sea,1995,18.87,18.7,18.26,18.528,0.115,0.227982,36.00498,-0.059967,0.9982,10.904011,13
iho-andaman-or-burma-sea,1995,28.79,28.53,28.69,28.704,-0.03,0.130476,11.345655,0.995242,-0.097431,13.323568,13
iho-arafura-sea,1995,28.16,27.74,27.73,27.868,0.06,0.169163,-10.39485,0.686759,-0.726885,13.831679,13
iho-baffin-bay,1995,-0.61,-0.46,-0.73,-0.592,-0.002,0.09988,76.206255,-0.960545,0.278125,13.18762,13
iho-banda-sea,1995,28.62,28.13,28.3,28.41,0.006,0.211187,-4.85558,0.793037,-0.609173,13.443201,13
iho-barentsz-sea,1995,2.09,1.75,1.77,1.866,0.032,0.122246,73.955765,0.603995,0.796988,14.172227,13
iho-bass-strait,1995,15.05,15.3,15.63,15.43,-0.137,0.223517,-39.35622,0.559203,-0.82903,11.637695,13
iho-bay-of-biscay,1995,15.43,15.22,14.91,15.076,0.136,0.213972,45.567995,-0.063151,0.998004,12.067709,13
iho-beaufort-sea,1995,-0.45,-1.06,-0.49,-0.876,0.158,0.335655,72.07828,-0.657818,-0.753177,12.994443,13
iho-bismarck-sea,1995,29.6,29.26,28.57,29.11,0.113,0.34762,-3.51689,0.531651,-0.846963,12.741831,13
iho-celebes-sea,1995,29.0,28.89,28.81,28.844,0.066,0.096664,4.320085,0.849589,-0.527446,13.027678,13
iho-celtic-sea,1995,13.57,12.71,12.75,12.916,0.15,0.328244,49.57831,-0.146291,0.989242,12.280984,13
iho-ceram-sea,1995,28.73,28.22,28.23,28.406,0.055,0.206553,-3.22909,0.747368,-0.66441,11.985275,13
iho-chukchi-sea,1995,0.34,-0.18,0.38,0.156,0.009,0.202247,68.851175,-0.125299,-0.992119,12.764697,13
iho-davis-strait,1995,0.74,0.66,0.45,0.556,0.053,0.181615,65.055565,-0.846344,0.532637,13.53112,13
iho-east-siberian-sea,1995,-0.73,-0.94,-0.54,-0.714,-0.049,0.153441,72.69595,0.353866,-0.935296,13.372628,13
iho-eastern-china-sea,1995,21.99,22.21,21.96,21.988,0.043,0.130752,28.689,0.810496,-0.585744,13.538823,13
iho-english-channel,1995,13.16,12.54,12.39,12.566,0.181,0.306111,49.79585,-0.044076,0.999028,11.310102,13
iho-flores-sea,1995,28.51,28.21,28.55,28.462,-0.005,0.217752,-7.10454,0.870955,-0.491364,11.533032,13
iho-great-australian-bight,1995,15.94,16.21,16.23,16.19,-0.083,0.134907,-37.505585,0.733327,-0.679876,14.094371,13
iho-greenland-sea,1995,0.68,0.88,0.7,0.78,-0.038,0.127122,73.913585,-0.141862,0.989886,13.994943,13
iho-gulf-of-aden,1995,28.16,27.86,28.18,28.076,-0.006,0.115516,12.781685,0.745063,0.666994,12.469715,13
iho-gulf-of-alaska,1995,7.57,7.6,7.92,7.616,0.034,0.166445,57.908245,-0.562787,-0.826602,12.941426,13
iho-gulf-of-bothnia,1995,6.69,6.71,6.34,6.72,-0.071,0.216241,62.78759,0.334482,0.942402,11.677191,13
iho-gulf-of-california,1995,24.11,24.38,24.3,24.352,-0.049,0.26977,27.3495,-0.931231,-0.364428,12.100261,13
iho-gulf-of-finland,1995,7.17,6.88,6.85,7.008,0.007,0.128437,61.031815,0.521086,0.853504,10.977348,13
iho-gulf-of-guinea,1995,27.95,27.77,27.81,27.75,0.076,0.138564,2.77271,0.064397,0.997924,13.525242,13
iho-gulf-of-st-lawrence,1995,5.49,5.27,5.19,5.284,0.048,0.113772,48.66826,-0.878473,0.477793,12.581716,13
iho-gulf-of-thailand,1995,28.83,28.76,28.93,28.874,-0.034,0.068877,9.90349,0.977828,-0.209412,12.593929,13
iho-halmahera-sea,1995,29.1,28.7,28.64,28.732,0.117,0.197322,0.437415,0.774409,-0.632686,11.228075,13
iho-hudson-bay,1995,0.93,0.67,0.69,0.728,0.025,0.19041,58.60554,-0.997337,0.072937,13.641849,13
iho-hudson-strait,1995,-0.05,-0.26,-0.45,-0.32,0.068,0.205037,61.466505,-0.930268,0.366881,12.213959,13
iho-inner-seas-off-the-west-coast-of-scotland,1995,10.78,10.22,10.04,10.416,0.016,0.261197,56.46592,-0.121627,0.992576,10.70905,13
iho-ionian-sea,1995,19.47,19.79,19.46,19.418,0.13,0.237773,38.47898,0.322653,0.946517,12.053467,13
iho-irish-sea-and-st-george-s-channel,1995,11.65,11.0,10.89,11.214,0.047,0.264015,53.43632,-0.079881,0.996804,10.731206,13
iho-japan-sea,1995,13.22,13.52,12.98,13.19,0.053,0.189526,42.18206,0.706473,-0.70774,13.879648,13
iho-java-sea,1995,28.82,28.46,28.75,28.772,-0.043,0.216093,-5.161905,0.925947,-0.377653,13.236044,13
iho-kara-sea,1995,0.1,-0.36,-0.27,-0.32,0.139,0.23622,73.75758,0.949378,0.314137,13.726479,13
iho-labrador-sea,1995,3.17,3.12,2.76,2.87,0.152,0.228736,53.9349,-0.795011,0.606595,13.677779,13
iho-laccadive-sea,1995,28.62,28.59,28.44,28.57,-0.012,0.115412,7.04053,0.970503,0.241089,13.635995,13
iho-laptev-sea,1995,-0.16,-0.59,-0.82,-0.55,0.061,0.266383,72.49477,0.718747,-0.695271,13.179195,13
iho-makassar-strait,1995,29.13,28.91,29.16,29.09,-0.009,0.116447,-2.133915,0.884652,-0.466253,12.186416,13
iho-malacca-strait,1995,29.1,29.06,29.15,29.148,-0.041,0.063687,4.62758,0.986752,-0.162235,12.176829,13
iho-molukka-sea,1995,28.93,28.59,28.59,28.668,0.073,0.153414,1.29441,0.806409,-0.591359,12.302019,13
iho-mozambique-channel,1995,26.62,26.32,26.63,26.628,-0.075,0.172209,-18.652675,0.646908,0.762568,14.13694,13
iho-norwegian-sea,1995,6.28,6.53,6.47,6.538,-0.11,0.166301,68.77561,0.033764,0.99943,14.188602,13
iho-persian-gulf,1995,26.88,26.79,26.61,26.496,0.208,0.351659,27.25814,0.777543,0.62883,12.408351,13
iho-philippine-sea,1995,27.33,27.21,27.05,27.146,0.061,0.112889,18.90921,0.720574,-0.693378,15.536311,13
iho-sea-of-okhotsk,1995,4.57,4.57,4.21,4.338,0.1,0.228245,52.970885,0.505452,-0.862855,14.298006,13
iho-skagerrak,1995,10.1,9.86,9.21,9.87,-0.021,0.34217,58.491525,0.17484,0.984597,10.380145,13
iho-solomon-sea,1995,29.04,28.43,27.92,28.46,0.102,0.363373,-8.362475,0.4558,-0.890082,13.512255,13
iho-sulu-sea,1995,28.87,28.71,28.71,28.71,0.063,0.098184,9.24238,0.860336,-0.509727,12.720177,13
iho-the-coastal-waters-of-southeast-alaska-and-british-columbia,1995,9.41,9.47,9.38,9.334,0.086,0.160075,53.145505,-0.75872,-0.651416,11.748468,13
iho-the-northwestern-passages,1995,-0.82,-0.83,-0.9,-0.912,0.051,0.083762,72.743745,-0.999893,-0.014615,13.883329,13
iho-timor-sea,1995,28.6,28.37,28.38,28.494,0.005,0.141082,-11.69447,0.798564,-0.60191,12.967616,13
iho-tyrrhenian-sea,1995,18.44,18.98,18.65,18.628,0.044,0.221576,40.88606,0.204983,0.978765,12.28902,13
iho-white-sea,1995,3.85,3.39,3.09,3.452,0.088,0.269102,66.11883,0.588055,0.808821,11.426851,13
iho-yellow-sea,1995,15.01,15.22,14.83,14.892,0.112,0.19994,37.10378,0.823032,-0.567996,12.917778,13
indian,1995,18.26,18.25,18.27,18.298,-0.032,0.049558,-24.80201,0.985963,0.166965,17.874379,13
med-east,1995,20.84,21.0,20.73,20.698,0.125,0.214793,33.972405,0.388183,0.921582,13.970857,13
med-west,1995,18.66,18.86,18.48,18.582,0.082,0.158795,39.641195,0.108319,0.994116,13.071896,13
north-sea,1995,10.48,10.23,9.78,10.208,0.046,0.238613,55.991155,0.048807,0.998808,13.17933,13
pacific-north,1995,22.59,22.7,22.54,22.622,-0.011,0.069685,29.13773,-0.512453,-0.858715,17.983864,13
pacific-south,1995,19.68,19.64,19.61,19.666,-0.009,0.036111,-29.29769,-0.812176,-0.583412,18.148866,13
red,1995,28.21,28.3,28.03,28.056,0.096,0.199058,20.302025,0.622928,0.78228,13.012457,13
south-china,1995,27.76,27.68,27.73,27.726,0.0,0.026533,11.16138,0.913678,-0.406438,15.019307,13
southern,1995,-0.92,-0.83,-0.78,-0.83,-0.018,0.060992,-72.7774,-0.698579,-0.715533,16.901883,13
tasman,1995,15.89,15.84,15.97,15.878,0.006,0.051923,-40.43461,0.311587,-0.950217,15.020206,13
arabian,1996,27.54,27.73,27.76,27.682,-0.022,0.07985,12.45006,0.892737,0.450579,15.248859,14
arctic,1996,-1.61,-1.58,-1.63,-1.606,0.004,0.02245,80.71087,-0.663278,-0.748373,15.460999,14
atlantic-north,1996,21.21,21.39,21.04,21.118,0.09,0.161171,34.248285,-0.672091,0.740468,17.350575,14
atlantic-south,1996,16.79,16.78,16.78,16.77,0.027,0.102567,-30.052735,-0.283797,0.958885,17.511694,14
baltic,1996,8.16,8.85,8.95,8.77,-0.2,0.373256,56.751155,0.324147,0.946007,12.295761,14
bengal,1996,28.37,28.46,28.36,28.394,0.01,0.056427,14.952905,0.998516,0.054454,14.60031,14
bering,1996,4.79,4.27,4.38,4.39,0.134,0.261151,58.967385,-0.158169,-0.987412,14.671337,14
black,1996,14.88,15.25,14.97,14.64,0.296,0.500959,43.712375,0.560251,0.828323,12.953789,14
caribbean,1996,27.64,27.94,27.58,27.7,0.026,0.128374,15.28978,-0.953381,0.301769,14.854371,14
caspian,1996,14.79,14.75,14.63,14.552,0.163,0.245959,41.860385,0.771846,0.635809,12.8917,14
coral,1996,26.64,26.53,26.0,26.218,0.181,0.31141,-18.698505,0.380185,-0.92491,15.224138,14
gulf-mexico,1996,25.61,25.9,25.8,25.712,0.034,0.131666,24.262605,-0.999978,-0.00665,14.25895,14
iho-adriatic-sea,1996,17.79,18.06,18.58,18.168,-0.095,0.256234,42.750975,0.274561,0.96157,11.860389,14
iho-aegean-sea,1996,19.03,19.46,19.63,19.208,0.068,0.282659,38.064275,0.434155,0.900838,12.178673,14
iho-alboran-sea,1996,18.91,18.87,18.7,18.614,0.177,0.270747,36.00498,-0.059967,0.9982,10.904011,14
iho-andaman-or-burma-sea,1996,28.73,28.79,28.53,28.67,0.034,0.091214,11.345655,0.995242,-0.097431,13.323568,14
iho-arafura-sea,1996,28.41,28.16,27.74,28.0,0.133,0.259152,-10.39485,0.686759,-0.726885,13.831679,14
iho-baffin-bay,1996,-0.96,-0.61,-0.46,-0.684,-0.048,0.164024,76.206255,-0.960545,0.278125,13.18762,14
iho-banda-sea,1996,28.78,28.62,28.13,28.504,0.05,0.247273,-4.85558,0.793037,-0.609173,13.443201,14
iho-barentsz-sea,1996,1.67,2.09,1.75,1.822,0.0,0.143443,73.955765,0.603995,0.796988,14.172227,14
iho-bass-strait,1996,15.08,15.05,15.3,15.326,-0.156,0.240549,-39.35622,0.559203,-0.82903,11.637695,14
iho-bay-of-biscay,1996,15.23,15.43,15.22,15.142,0.114,0.19994,45.567995,-0.063151,0.998004,12.067709,14
iho-beaufort-sea,1996,-1.18,-0.45,-1.06,-0.88,0.012,0.339116,72.07828,-0.657818,-0.753177,12.994443,14
iho-bismarck-sea,1996,29.82,29.6,29.26,29.232,0.285,0.452522,-3.51689,0.531651,-0.846963,12.741831,14
iho-celebes-sea,1996,29.11,29.0,28.89,28.924,0.079,0.116207,4.320085,0.849589,-0.527446,13.027678,14
iho-celtic-sea,1996,13.11,13.57,12.71,12.978,0.154,0.329751,49.57831,-0.146291,0.989242,12.280984,14
iho-ceram-sea,1996,28.84,28.73,28.22,28.518,0.104,0.254197,-3.22909,0.747368,-0.66441,11.985275,14
iho-chukchi-sea,1996,0.49,0.34,-0.18,0.22,0.08,0.243064,68.851175,-0.125299,-0.992119,12.764697,14
iho-davis-strait,1996,0.91,0.74,0.66,0.602,0.161,0.229904,65.055565,-0.846344,0.532637,13.53112,14
iho-east-siberian-sea,1996,-1.18,-0.73,-0.94,-0.84,-0.093,0.213822,72.69595,0.353866,-0.935296,13.372628,14
iho-eastern-china-sea,1996,22.1,21.99,22.21,22.012,0.063,0.137899,28.689,0.810496,-0.585744,13.538823,14
iho-english-channel,1996,12.5,13.16,12.54,12.604,0.091,0.282885,49.79585,-0.044076,0.999028,11.310102,14
iho-flores-sea,1996,28.63,28.51,28.21,28.54,-0.038,0.192666,-7.10454,0.870955,-0.491364,11.533032,14
iho-great-australian-bight,1996,16.11,15.94,16.21,16.142,-0.051,0.1098,-37.505585,0.733327,-0.679876,14.094371,14
iho-greenland-sea,1996,0.71,0.68,0.88,0.726,0.008,0.078892,73.913585,-0.141862,0.989886,13.994943,14
iho-gulf-of-aden,1996,27.95,28.16,27.86,28.054,-0.036,0.126428,12.781685,0.745063,0.666994,12.469715,14
iho-gulf-of-alaska,1996,7.84,7.57,7.6,7.702,0.017,0.147838,57.908245,-0.562787,-0.826602,12.941426,14
iho-gulf-of-bothnia,1996,6.74,6.69,6.71,6.68,-0.001,0.188574,62.78759,0.334482,0.942402,11.677191,14
iho-gulf-of-california,1996,24.46,24.11,24.38,24.42,-0.097,0.244377,27.3495,-0.931231,-0.364428,12.100261,14
iho-gulf-of-finland,1996,6.6,7.17,6.88,6.926,-0.074,0.207519,61.031815,0.521086,0.853504,10.977348,14
iho-gulf-of-guinea,1996,27.6,27.95,27.77,27.732,0.028,0.150519,2.77271,0.064397,0.997924,13.525242,14
iho-gulf-of-st-lawrence,1996,5.58,5.49,5.27,5.34,0.112,0.165167,48.66826,-0.878473,0.477793,12.581716,14
iho-gulf-of-thailand,1996,28.8,28.83,28.76,28.852,-0.038,0.071386,9.90349,0.977828,-0.209412,12.593929,14
iho-halmahera-sea,1996,29.13,29.1,28.7,28.856,0.13,0.213035,0.437415,0.774409,-0.632686,11.228075,14
iho-hudson-bay,1996,0.93,0.93,0.67,0.728,0.126,0.19041,58.60554,-0.997337,0.072937,13.641849,14
iho-hudson-strait,1996,-0.08,-0.05,-0.26,-0.296,0.152,0.223839,61.466505,-0.930268,0.366881,12.213959,14
iho-inner-seas-off-the-west-coast-of-scotland,1996,10.54,10.78,10.22,10.408,0.09,0.256624,56.46592,-0.121627,0.992576,10.70905,14
iho-ionian-sea,1996,19.1,19.47,19.79,19.426,-0.041,0.225973,38.47898,0.322653,0.946517,12.053467,14
iho-irish-sea-and-st-george-s-channel,1996,11.12,11.65,11.0,11.178,0.054,0.262099,53.43632,-0.079881,0.996804,10.731206,14
iho-japan-sea,1996,12.96,13.22,13.52,13.142,0.01,0.210181,42.18206,0.706473,-0.70774,13.879648,14
iho-java-sea,1996,28.92,28.82,28.46,28.816,-0.035,0.219326,-5.161905,0.925947,-0.377653,13.236044,14
iho-kara-sea,1996,-0.6,0.1,-0.36,-0.344,0.035,0.256484,73.75758,0.949378,0.314137,13.726479,14
iho-labrador-sea,1996,3.52,3.17,3.12,3.046,0.213,0.308649,53.9349,-0.795011,0.606595,13.677779,14
iho-laccadive-sea,1996,28.42,28.62,28.59,28.504,0.012,0.08357,7.04053,0.970503,0.241089,13.635995,14
iho-laptev-sea,1996,-0.97,-0.16,-0.59,-0.676,0.04,0.285559,72.49477,0.718747,-0.695271,13.179195,14
iho-makassar-strait,1996,29.19,29.13,28.91,29.126,-0.013,0.113947,-2.133915,0.884652,-0.466253,12.186416,14
iho-malacca-strait,1996,29.03,29.1,29.06,29.106,-0.037,0.058172,4.62758,0.986752,-0.162235,12.176829,14
iho-molukka-sea,1996,29.06,28.93,28.59,28.782,0.098,0.186912,1.29441,0.806409,-0.591359,12.302019,14
iho-mozambique-channel,1996,26.57,26.62,26.32,26.594,-0.053,0.163291,-18.652675,0.646908,0.762568,14.13694,14
iho-norwegian-sea,1996,6.29,6.28,6.53,6.44,-0.087,0.136528,68.77561,0.033764,0.99943,14.188602,14
iho-persian-gulf,1996,26.96,26.88,26.79,26.634,0.233,0.370761,27.25814,0.777543,0.62883,12.408351,14
iho-philippine-sea,1996,27.21,27.33,27.21,27.164,0.066,0.114473,18.90921,0.720574,-0.693378,15.536311,14
iho-sea-of-okhotsk,1996,4.83,4.57,4.57,4.43,0.208,0.303051,52.970885,0.505452,-0.862855,14.298006,14
iho-skagerrak,1996,9.01,10.1,9.86,9.654,-0.127,0.456798,58.491525,0.17484,0.984597,10.380145,14
iho-solomon-sea,1996,29.25,29.04,28.43,28.594,0.296,0.485823,-8.362475,0.4558,-0.890082,13.512255,14
iho-sulu-sea,1996,28.89,28.87,28.71,28.776,0.054,0.085229,9.24238,0.860336,-0.509727,12.720177,14
iho-the-coastal-waters-of-southeast-alaska-and-british-columbia,1996,9.26,9.41,9.47,9.382,-0.023,0.068527,53.145505,-0.75872,-0.651416,11.748468,14
iho-the-northwestern-passages,1996,-0.91,-0.82,-0.83,-0.9,0.034,0.07874,72.743745,-0.999893,-0.014615,13.883329,14
iho-timor-sea,1996,28.78,28.6,28.37,28.57,0.034,0.16947,-11.69447,0.798564,-0.60191,12.967616,14
iho-tyrrhenian-sea,1996,18.43,18.44,18.98,18.644,-0.079,0.203037,40.88606,0.204983,0.978765,12.28902,14
iho-white-sea,1996,3.64,3.85,3.39,3.524,0.074,0.261503,66.11883,0.588055,0.808821,11.426851,14
iho-yellow-sea,1996,15.04,15.01,15.22,14.956,0.09,0.185321,37.10378,0.823032,-0.567996,12.917778,14
indian,1996,18.31,18.26,18.25,18.284,-0.005,0.030725,-24.80201,0.985963,0.166965,17.874379,14
med-east,1996,20.73,20.84,21.0,20.742,0.075,0.193225,33.972405,0.388183,0.921582,13.970857,14
med-west,1996,18.5,18.66,18.86,18.592,0.026,0.151578,39.641195,0.108319,0.994116,13.071896,14
north-sea,1996,9.47,10.48,10.23,10.066,-0.11,0.381502,55.991155,0.048807,0.998808,13.17933,14
pacific-north,1996,22.6,22.59,22.7,22.6,0.011,0.054037,29.13773,-0.512453,-0.858715,17.983864,14
pacific-south,1996,19.69,19.68,19.64,19.666,0.003,0.036111,-29.29769,-0.812176,-0.583412,18.148866,14
red,1996,28.06,28.21,28.3,28.064,0.086,0.198252,20.302025,0.622928,0.78228,13.012457,14
south-china,1996,27.73,27.76,27.68,27.724,0.005,0.025768,11.16138,0.913678,-0.406438,15.019307,14
southern,1996,-0.91,-0.92,-0.83,-0.838,-0.046,0.067941,-72.7774,-0.698579,-0.715533,16.901883,14
tasman,1996,16.06,15.89,15.84,15.916,0.04,0.088679,-40.43461,0.311587,-0.950217,15.020206,14
arabian,1997,27.96,27.54,27.73,27.744,0.024,0.133357,12.45006,0.892737,0.450579,15.248859,15
arctic,1997,-1.58,-1.61,-1.58,-1.596,0.002,0.020591,80.71087,-0.663278,-0.748373,15.460999,15
atlantic-north,1997,21.38,21.21,21.39,21.202,0.095,0.166301,34.248285,-0.672091,0.740468,17.350575,15
atlantic-south,1997,16.69,16.79,16.78,16.79,-0.043,0.070143,-30.052735,-0.283797,0.958885,17.511694,15
baltic,1997,9.17,8.16,8.85,8.748,0.033,0.344697,56.751155,0.324147,0.946007,12.295761,15
bengal,1997,28.59,28.37,28.46,28.448,0.027,0.082801,14.952905,0.998516,0.054454,14.60031,15
bering,1997,4.91,4.79,4.27,4.572,0.121,0.242355,58.967385,-0.158169,-0.987412,14.671337,15
black,1997,14.6,14.88,15.25,14.77,0.081,0.373042,43.712375,0.560251,0.828323,12.953789,15
caribbean,1997,27.77,27.64,27.94,27.73,0.016,0.123612,15.28978,-0.953381,0.301769,14.854371,15
caspian,1997,14.82,14.79,14.75,14.694,0.084,0.124996,41.860385,0.771846,0.635809,12.8917,15
coral,1997,26.15,26.64,26.53,26.232,0.126,0.306425,-18.698505,0.380185,-0.92491,15.224138,15
gulf-mexico,1997,25.88,25.61,25.9,25.782,0.013,0.107033,24.262605,-0.999978,-0.00665,14.25895,15
iho-adriatic-sea,1997,18.08,17.79,18.06,18.148,-0.109,0.258411,42.750975,0.274561,0.96157,11.860389,15
iho-aegean-sea,1997,19.21,19.03,19.46,19.266,-0.018,0.244835,38.064275,0.434155,0.900838,12.178673,15
iho-alboran-sea,1997,19.02,18.91,18.87,18.752,0.173,0.266638,36.00498,-0.059967,0.9982,10.904011,15
iho-andaman-or-burma-sea,1997,28.86,28.73,28.79,28.72,0.054,0.110995,11.345655,0.995242,-0.097431,13.323568,15
iho-arafura-sea,1997,27.79,28.41,28.16,27.966,0.079,0.272954,-10.39485,0.686759,-0.726885,13.831679,15
iho-baffin-bay,1997,-0.61,-0.96,-0.61,-0.674,-0.026,0.166685,76.206255,-0.960545,0.278125,13.18762,15
iho-banda-sea,1997,28.24,28.78,28.62,28.414,0.053,0.24508,-4.85558,0.793037,-0.609173,13.443201,15
iho-barentsz-sea,1997,1.54,1.67,2.09,1.764,-0.054,0.181945,73.955765,0.603995,0.796988,14.172227,15
iho-bass-strait,1997,15.52,15.08,15.05,15.316,-0.044,0.23105,-39.35622,0.559203,-0.82903,11.637695,15
iho-bay-of-biscay,1997,15.73,15.23,15.43,15.304,0.165,0.27023,45.567995,-0.063151,0.998004,12.067709,15
iho-beaufort-sea,1997,-0.78,-1.18,-0.45,-0.792,-0.07,0.293489,72.07828,-0.657818,-0.753177,12.994443,15
iho-bismarck-sea,1997,29.0,29.82,29.6,29.25,0.142,0.440999,-3.51689,0.531651,-0.846963,12.741831,15
iho-celebes-sea,1997,29.02,29.11,29.0,28.966,0.064,0.104805,4.320085,0.849589,-0.527446,13.027678,15
iho-celtic-sea,1997,13.44,13.11,13.57,13.116,0.178,0.349262,49.57831,-0.146291,0.989242,12.280984,15
iho-ceram-sea,1997,28.28,28.84,28.73,28.46,0.072,0.268403,-3.22909,0.747368,-0.66441,11.985275,15
iho-chukchi-sea,1997,0.59,0.49,0.34,0.324,0.109,0.266728,68.851175,-0.125299,-0.992119,12.764697,15
iho-davis-strait,1997,1.12,0.91,0.74,0.776,0.159,0.226857,65.055565,-0.846344,0.532637,13.53112,15
iho-east-siberian-sea,1997,-1.05,-1.18,-0.73,-0.888,-0.126,0.228158,72.69595,0.353866,-0.935296,13.372628,15
iho-eastern-china-sea,1997,22.31,22.1,21.99,22.114,0.059,0.131848,28.689,0.810496,-0.585744,13.538823,15
iho-english-channel,1997,12.9,12.5,13.16,12.698,0.098,0.2875,49.79585,-0.044076,0.999028,11.310102,15
iho-flores-sea,1997,28.4,28.63,28.51,28.46,0.012,0.145327,-7.10454,0.870955,-0.491364,11.533032,15
iho-great-australian-bight,1997,16.39,16.11,15.94,16.176,0.022,0.14827,-37.505585,0.733327,-0.679876,14.094371,15
iho-greenland-sea,1997,0.53,0.71,0.68,0.7,-0.051,0.111176,73.913585,-0.141862,0.989886,13.994943,15
iho-gulf-of-aden,1997,28.39,27.95,28.16,28.108,0.051,0.186483,12.781685,0.745063,0.666994,12.469715,15
iho-gulf-of-alaska,1997,8.47,7.84,7.57,7.88,0.134,0.324284,57.908245,-0.562787,-0.826602,12.941426,15
iho-gulf-of-bothnia,1997,7.01,6.74,6.69,6.698,0.137,0.213298,62.78759,0.334482,0.942402,11.677191,15
iho-gulf-of-california,1997,24.96,24.46,24.11,24.442,0.14,0.283859,27.3495,-0.931231,-0.364428,12.100261,15
iho-gulf-of-finland,1997,7.42,6.6,7.17,6.984,0.086,0.283168,61.031815,0.521086,0.853504,10.977348,15
iho-gulf-of-guinea,1997,27.66,27.6,27.95,27.758,-0.047,0.121885,2.77271,0.064397,0.997924,13.525242,15
iho-gulf-of-st-lawrence,1997,5.33,5.58,5.49,5.372,0.059,0.143164,48.66826,-0.878473,0.477793,12.581716,15
iho-gulf-of-thailand,1997,29.14,28.8,28.83,28.892,0.046,0.136147,9.90349,0.977828,-0.209412,12.593929,15
iho-halmahera-sea,1997,28.67,29.13,29.1,28.848,0.049,0.219034,0.437415,0.774409,-0.632686,11.228075,15
iho-hudson-bay,1997,0.86,0.93,0.93,0.816,0.06,0.114123,58.60554,-0.997337,0.072937,13.641849,15
iho-hudson-strait,1997,-0.13,-0.08,-0.05,-0.194,0.082,0.146779,61.466505,-0.930268,0.366881,12.213959,15
iho-inner-seas-off-the-west-coast-of-scotland,1997,11.08,10.54,10.78,10.532,0.24,0.374508,56.46592,-0.121627,0.992576,10.70905,15
iho-ionian-sea,1997,19.35,19.1,19.47,19.434,-0.091,0.222405,38.47898,0.322653,0.946517,12.053467,15
iho-irish-sea-and-st-george-s-channel,1997,11.62,11.12,11.65,11.256,0.158,0.318031,53.43632,-0.079881,0.996804,10.731206,15
iho-japan-sea,1997,13.53,12.96,13.22,13.242,0.054,0.248548,42.18206,0.706473,-0.70774,13.879648,15
iho-java-sea,1997,28.62,28.92,28.82,28.714,0.02,0.1602,-5.161905,0.925947,-0.377653,13.236044,15
iho-kara-sea,1997,-0.21,-0.6,0.1,-0.268,-0.012,0.226927,73.75758,0.949378,0.314137,13.726479,15
iho-labrador-sea,1997,3.81,3.52,3.17,3.276,0.25,0.359589,53.9349,-0.795011,0.606595,13.677779,15
iho-laccadive-sea,1997,28.99,28.42,28.62,28.612,0.093,0.20488,7.04053,0.970503,0.241089,13.635995,15
iho-laptev-sea,1997,-0.73,-0.97,-0.16,-0.654,-0.02,0.276159,72.49477,0.718747,-0.695271,13.179195,15
iho-makassar-strait,1997,28.99,29.19,29.13,29.076,-0.006,0.107629,-2.133915,0.884652,-0.466253,12.186416,15
iho-malacca-strait,1997,29.31,29.03,29.1,29.13,0.029,0.09859,4.62758,0.986752,-0.162235,12.176829,15
iho-molukka-sea,1997,28.66,29.06,28.93,28.766,0.061,0.193142,1.29441,0.806409,-0.591359,12.302019,15
iho-mozambique-channel,1997,26.57,26.57,26.62,26.542,0.013,0.113737,-18.652675,0.646908,0.762568,14.13694,15
iho-norwegian-sea,1997,6.44,6.29,6.28,6.402,-0.03,0.09988,68.77561,0.033764,0.99943,14.188602,15
iho-persian-gulf,1997,26.68,26.96,26.88,26.784,0.031,0.12753,27.25814,0.777543,0.62883,12.408351,15
iho-philippine-sea,1997,27.2,27.21,27.33,27.2,0.03,0.088994,18.90921,0.720574,-0.693378,15.536311,15
iho-sea-of-okhotsk,1997,4.56,4.83,4.57,4.548,0.096,0.197423,52.970885,0.505452,-0.862855,14.298006,15
iho-skagerrak,1997,10.26,9.01,10.1,9.688,0.125,0.492885,58.491525,0.17484,0.984597,10.380145,15
iho-solomon-sea,1997,28.36,29.25,29.04,28.6,0.17,0.482701,-8.362475,0.4558,-0.890082,13.512255,15
iho-sulu-sea,1997,28.87,28.89,28.87,28.81,0.05,0.081976,9.24238,0.860336,-0.509727,12.720177,15
iho-the-coastal-waters-of-southeast-alaska-and-british-columbia,1997,9.98,9.26,9.41,9.5,0.099,0.24956,53.145505,-0.75872,-0.651416,11.748468,15
iho-the-northwestern-passages,1997,-0.94,-0.91,-0.82,-0.88,-0.016,0.046904,72.743745,-0.999893,-0.014615,13.883329,15
iho-timor-sea,1997,28.37,28.78,28.6,28.5,0.039,0.165288,-11.69447,0.798564,-0.60191,12.967616,15
iho-tyrrhenian-sea,1997,18.75,18.43,18.44,18.65,-0.035,0.205621,40.88606,0.204983,0.978765,12.28902,15
iho-white-sea,1997,3.02,3.64,3.85,3.398,0.011,0.316443,66.11883,0.588055,0.808821,11.426851,15
iho-yellow-sea,1997,15.54,15.04,15.01,15.128,0.124,0.240283,37.10378,0.823032,-0.567996,12.917778,15
indian,1997,18.4,18.31,18.26,18.298,0.032,0.054918,-24.80201,0.985963,0.166965,17.874379,15
med-east,1997,20.89,20.73,20.84,20.838,0.005,0.102255,33.972405,0.388183,0.921582,13.970857,15
med-west,1997,18.95,18.5,18.66,18.69,0.058,0.188468,39.641195,0.108319,0.994116,13.071896,15
north-sea,1997,10.5,9.47,10.48,10.092,0.068,0.405038,55.991155,0.048807,0.998808,13.17933,15
pacific-north,1997,22.79,22.6,22.59,22.644,0.04,0.089577,29.13773,-0.512453,-0.858715,17.983864,15
pacific-south,1997,20.0,19.69,19.68,19.724,0.083,0.14094,-29.29769,-0.812176,-0.583412,18.148866,15
red,1997,27.98,28.06,28.21,28.116,-0.034,0.119766,20.302025,0.622928,0.78228,13.012457,15
south-china,1997,28.0,27.73,27.76,27.78,0.059,0.11296,11.16138,0.913678,-0.406438,15.019307,15
southern,1997,-0.82,-0.91,-0.92,-0.852,-0.016,0.054185,-72.7774,-0.698579,-0.715533,16.901883,15
tasman,1997,16.28,16.06,15.89,16.008,0.084,0.1551,-40.43461,0.311587,-0.950217,15.020206,15
arabian,1998,28.13,27.96,27.54,27.824,0.097,0.20284,12.45006,0.892737,0.450579,15.248859,16
arctic,1998,-1.55,-1.58,-1.61,-1.59,0.016,0.027568,80.71087,-0.663278,-0.748373,15.460999,16
atlantic-north,1998,21.64,21.38,21.21,21.332,0.119,0.20034,34.248285,-0.672091,0.740468,17.350575,16
atlantic-south,1998,16.89,16.69,16.79,16.786,0.013,0.063435,-30.052735,-0.283797,0.958885,17.511694,16
baltic,1998,8.59,9.17,8.16,8.744,-0.04,0.346387,56.751155,0.324147,0.946007,12.295761,16
bengal,1998,28.95,28.59,28.37,28.546,0.131,0.218229,14.952905,0.998516,0.054454,14.60031,16
bering,1998,4.24,4.91,4.79,4.518,0.036,0.277662,58.967385,-0.158169,-0.987412,14.671337,16
black,1998,15.38,14.6,14.88,15.016,0.017,0.276014,43.712375,0.560251,0.828323,12.953789,16
caribbean,1998,28.16,27.77,27.64,27.818,0.099,0.210941,15.28978,-0.953381,0.301769,14.854371,16
caspian,1998,14.82,14.82,14.79,14.762,0.045,0.070824,41.860385,0.771846,0.635809,12.8917,16
coral,1998,27.1,26.15,26.64,26.484,0.182,0.387742,-18.698505,0.380185,-0.92491,15.224138,16
gulf-mexico,1998,25.88,25.88,25.61,25.814,0.014,0.107629,24.262605,-0.999978,-0.00665,14.25895,16
iho-adriatic-sea,1998,18.53,18.08,17.79,18.208,-0.008,0.301689,42.750975,0.274561,0.96157,11.860389,16
iho-aegean-sea,1998,19.95,19.21,19.03,19.456,0.039,0.321347,38.064275,0.434155,0.900838,12.178673,16
iho-alboran-sea,1998,18.78,19.02,18.91,18.856,0.031,0.109654,36.00498,-0.059967,0.9982,10.904011,16
iho-andaman-or-burma-sea,1998,29.23,28.86,28.73,28.828,0.147,0.22912,11.345655,0.995242,-0.097431,13.323568,16
iho-arafura-sea,1998,28.76,27.79,28.41,28.172,0.167,0.383427,-10.39485,0.686759,-0.726885,13.831679,16
iho-baffin-bay,1998,-0.34,-0.61,-0.96,-0.596,0.024,0.208288,76.206255,-0.960545,0.278125,13.18762,16
iho-banda-sea,1998,29.18,28.24,28.78,28.59,0.172,0.379262,-4.85558,0.793037,-0.609173,13.443201,16
iho-barentsz-sea,1998,1.38,1.54,1.67,1.686,-0.129,0.237706,73.955765,0.603995,0.796988,14.172227,16
iho-bass-strait,1998,15.96,15.52,15.08,15.382,0.179,0.335046,-39.35622,0.559203,-0.82903,11.637695,16
iho-bay-of-biscay,1998,15.64,15.73,15.23,15.45,0.114,0.207942,45.567995,-0.063151,0.998004,12.067709,16
iho-beaufort-sea,1998,0.28,-0.78,-1.18,-0.638,0.235,0.523465,72.07828,-0.657818,-0.753177,12.994443,16
iho-bismarck-sea,1998,29.56,29.0,29.82,29.448,-0.0,0.286384,-3.51689,0.531651,-0.846963,12.741831,16
iho-celebes-sea,1998,29.32,29.02,29.11,29.068,0.088,0.144139,4.320085,0.849589,-0.527446,13.027678,16
iho-celtic-sea,1998,13.44,13.44,13.11,13.254,0.133,0.311679,49.57831,-0.146291,0.989242,12.280984,16
iho-ceram-sea,1998,29.29,28.28,28.84,28.672,0.169,0.392805,-3.22909,0.747368,-0.66441,11.985275,16
iho-chukchi-sea,1998,0.12,0.59,0.49,0.272,0.085,0.275928,68.851175,-0.125299,-0.992119,12.764697,16
iho-davis-strait,1998,1.18,1.12,0.91,0.922,0.142,0.203804,65.055565,-0.846344,0.532637,13.53112,16
iho-east-siberian-sea,1998,-1.11,-1.05,-1.18,-1.002,-0.066,0.15715,72.69595,0.353866,-0.935296,13.372628,16
iho-eastern-china-sea,1998,23.01,22.31,22.1,22.324,0.192,0.35931,28.689,0.810496,-0.585744,13.538823,16
iho-english-channel,1998,13.12,12.9,12.5,12.844,0.09,0.279256,49.79585,-0.044076,0.999028,11.310102,16
iho-flores-sea,1998,29.17,28.4,28.63,28.584,0.181,0.323951,-7.10454,0.870955,-0.491364,11.533032,16
iho-great-australian-bight,1998,16.34,16.39,16.11,16.198,0.071,0.16216,-37.505585,0.733327,-0.679876,14.094371,16
iho-greenland-sea,1998,0.85,0.53,0.71,0.73,-0.021,0.126333,73.913585,-0.141862,0.989886,13.994943,16
iho-gulf-of-aden,1998,28.74,28.39,27.95,28.22,0.199,0.317931,12.781685,0.745063,0.666994,12.469715,16
iho-gulf-of-alaska,1998,7.97,8.47,7.84,7.89,0.164,0.326129,57.908245,-0.562787,-0.826602,12.941426,16
iho-gulf-of-bothnia,1998,6.53,7.01,6.74,6.736,-0.004,0.155126,62.78759,0.334482,0.942402,11.677191,16
iho-gulf-of-california,1998,24.32,24.96,24.46,24.446,0.073,0.281965,27.3495,-0.931231,-0.364428,12.100261,16
iho-gulf-of-finland,1998,6.97,7.42,6.6,7.008,0.043,0.275783,61.031815,0.521086,0.853504,10.977348,16
iho-gulf-of-guinea,1998,28.24,27.66,27.6,27.844,0.065,0.23105,2.77271,0.064397,0.997924,13.525242,16
iho-gulf-of-st-lawrence,1998,5.97,5.33,5.58,5.528,0.124,0.247095,48.66826,-0.878473,0.477793,12.581716,16
iho-gulf-of-thailand,1998,29.36,29.14,28.8,28.978,0.151,0.233786,9.90349,0.977828,-0.209412,12.593929,16
iho-halmahera-sea,1998,29.42,28.67,29.13,29.004,0.101,0.283591,0.437415,0.774409,-0.632686,11.228075,16
iho-hudson-bay,1998,1.11,0.86,0.93,0.9,0.081,0.141704,58.60554,-0.997337,0.072937,13.641849,16
iho-hudson-strait,1998,0.44,-0.13,-0.08,-0.016,0.132,0.239048,61.466505,-0.930268,0.366881,12.213959,16
iho-inner-seas-off-the-west-coast-of-scotland,1998,10.97,11.08,10.54,10.718,0.18,0.309218,56.46592,-0.121627,0.992576,10.70905,16
iho-ionian-sea,1998,19.86,19.35,19.1,19.514,0.002,0.281468,38.47898,0.322653,0.946517,12.053467,16
iho-irish-sea-and-st-george-s-channel,1998,11.68,11.62,11.12,11.414,0.133,0.292137,53.43632,-0.079881,0.996804,10.731206,16
iho-japan-sea,1998,14.23,13.53,12.96,13.492,0.173,0.425178,42.18206,0.706473,-0.70774,13.879648,16
iho-java-sea,1998,29.45,28.62,28.92,28.854,0.178,0.337852,-5.161905,0.925947,-0.377653,13.236044,16
iho-kara-sea,1998,-0.76,-0.21,-0.6,-0.366,-0.111,0.300506,73.75758,0.949378,0.314137,13.726479,16
iho-labrador-sea,1998,3.97,3.81,3.52,3.518,0.234,0.337366,53.9349,-0.795011,0.606595,13.677779,16
iho-laccadive-sea,1998,29.1,28.99,28.42,28.744,0.139,0.257418,7.04053,0.970503,0.241089,13.635995,16
iho-laptev-sea,1998,-0.82,-0.73,-0.97,-0.654,-0.103,0.276159,72.49477,0.718747,-0.695271,13.179195,16
iho-makassar-strait,1998,29.48,28.99,29.19,29.14,0.1,0.196774,-2.133915,0.884652,-0.466253,12.186416,16
iho-malacca-strait,1998,29.64,29.31,29.03,29.228,0.137,0.228158,4.62758,0.986752,-0.162235,12.176829,16
iho-molukka-sea,1998,29.35,28.66,29.06,28.918,0.125,0.276072,1.29441,0.806409,-0.591359,12.302019,16
iho-mozambique-channel,1998,26.95,26.57,26.57,26.606,0.121,0.201455,-18.652675,0.646908,0.762568,14.13694,16
iho-norwegian-sea,1998,6.87,6.44,6.29,6.482,0.084,0.215537,68.77561,0.033764,0.99943,14.188602,16
iho-persian-gulf,1998,27.4,26.68,26.96,26.942,0.102,0.247257,27.25814,0.777543,0.62883,12.408351,16
iho-philippine-sea,1998,27.9,27.2,27.21,27.37,0.125,0.269295,18.90921,0.720574,-0.693378,15.536311,16
iho-sea-of-okhotsk,1998,4.49,4.56,4.83,4.604,-0.017,0.116893,52.970885,0.505452,-0.862855,14.298006,16
iho-skagerrak,1998,10.0,10.26,9.01,9.846,0.044,0.437886,58.491525,0.17484,0.984597,10.380145,16
iho-solomon-sea,1998,29.23,28.36,29.25,28.862,0.092,0.388916,-8.362475,0.4558,-0.890082,13.512255,16
iho-sulu-sea,1998,29.32,28.87,28.89,28.932,0.122,0.204587,9.24238,0.860336,-0.509727,12.720177,16
iho-the-coastal-waters-of-southeast-alaska-and-british-columbia,1998,9.84,9.98,9.26,9.592,0.131,0.272132,53.145505,-0.75872,-0.651416,11.748468,16
iho-the-northwestern-passages,1998,-0.49,-0.94,-0.91,-0.798,0.056,0.160674,72.743745,-0.999893,-0.014615,13.883329,16
iho-timor-sea,1998,29.11,28.37,28.78,28.646,0.125,0.278467,-11.69447,0.798564,-0.60191,12.967616,16
iho-tyrrhenian-sea,1998,18.66,18.75,18.43,18.652,-0.033,0.20566,40.88606,0.204983,0.978765,12.28902,16
iho-white-sea,1998,2.91,3.02,3.64,3.362,-0.179,0.357066,66.11883,0.588055,0.808821,11.426851,16
iho-yellow-sea,1998,15.85,15.54,15.04,15.332,0.179,0.320337,37.10378,0.823032,-0.567996,12.917778,16
indian,1998,18.52,18.4,18.31,18.348,0.068,0.101074,-24.80201,0.985963,0.166965,17.874379,16
med-east,1998,21.23,20.89,20.73,20.938,0.051,0.169871,33.972405,0.388183,0.921582,13.970857,16
med-west,1998,18.67,18.95,18.5,18.728,-0.009,0.159173,39.641195,0.108319,0.994116,13.071896,16
north-sea,1998,10.43,10.5,9.47,10.222,0.042,0.38799,55.991155,0.048807,0.998808,13.17933,16
pacific-north,1998,22.55,22.79,22.6,22.646,-0.01,0.087316,29.13773,-0.512453,-0.858715,17.983864,16
pacific-south,1998,19.82,20.0,19.69,19.766,0.068,0.131697,-29.29769,-0.812176,-0.583412,18.148866,16
red,1998,28.29,27.98,28.06,28.168,-0.025,0.127342,20.302025,0.622928,0.78228,13.012457,16
south-china,1998,28.58,28.0,27.73,27.95,0.204,0.333706,11.16138,0.913678,-0.406438,15.019307,16
southern,1998,-0.85,-0.82,-0.91,-0.866,0.006,0.04128,-72.7774,-0.698579,-0.715533,16.901883,16
tasman,1998,16.62,16.28,16.06,16.138,0.195,0.285965,-40.43461,0.311587,-0.950217,15.020206,16
arabian,1999,27.75,28.13,27.96,27.822,0.063,0.203509,12.45006,0.892737,0.450579,15.248859,17
arctic,1999,-1.57,-1.55,-1.58,-1.578,0.008,0.019391,80.71087,-0.663278,-0.748373,15.460999,17
atlantic-north,1999,21.46,21.64,21.38,21.416,0.057,0.138939,34.248285,-0.672091,0.740468,17.350575,17
atlantic-south,1999,16.86,16.89,16.69,16.802,0.026,0.069685,-30.052735,-0.283797,0.958885,17.511694,17
baltic,1999,9.62,8.59,9.17,8.878,0.197,0.497007,56.751155,0.324147,0.946007,12.295761,17
bengal,1999,28.49,28.95,28.59,28.572,0.064,0.201633,14.952905,0.998516,0.054454,14.60031,17
bering,1999,3.87,4.24,4.91,4.416,-0.135,0.383228,58.967385,-0.158169,-0.987412,14.671337,17
black,1999,15.82,15.38,14.6,15.186,0.164,0.419695,43.712375,0.560251,0.828323,12.953789,17
caribbean,1999,27.85,28.16,27.77,27.872,0.034,0.174516,15.28978,-0.953381,0.301769,14.854371,17
caspian,1999,14.93,14.82,14.82,14.822,0.039,0.0598,41.860385,0.771846,0.635809,12.8917,17
coral,1999,26.61,27.1,26.15,26.606,0.062,0.302959,-18.698505,0.380185,-0.92491,15.224138,17
gulf-mexico,1999,25.98,25.88,25.88,25.85,0.043,0.125539,24.262605,-0.999978,-0.00665,14.25895,17
iho-adriatic-sea,1999,18.55,18.53,18.08,18.202,0.172,0.294442,42.750975,0.274561,0.96157,11.860389,17
iho-aegean-sea,1999,20.29,19.95,19.21,19.588,0.258,0.467863,38.064275,0.434155,0.900838,12.178673,17
iho-alboran-sea,1999,18.65,18.78,19.02,18.846,-0.057,0.124676,36.00498,-0.059967,0.9982,10.904011,17
iho-andaman-or-burma-sea,1999,28.85,29.23,28.86,28.892,0.062,0.175317,11.345655,0.995242,-0.097431,13.323568,17
iho-arafura-sea,1999,28.2,28.76,27.79,28.264,0.043,0.318409,-10.39485,0.686759,-0.726885,13.831679,17
iho-baffin-bay,1999,-0.42,-0.34,-0.61,-0.588,0.1,0.214047,76.206255,-0.960545,0.278125,13.18762,17
iho-banda-sea,1999,28.7,29.18,28.24,28.704,0.056,0.301569,-4.85558,0.793037,-0.609173,13.443201,17
iho-barentsz-sea,1999,1.65,1.38,1.54,1.666,-0.117,0.235678,73.955765,0.603995,0.796988,14.172227,17
iho-bass-strait,1999,16.18,15.96,15.52,15.558,0.314,0.455298,-39.35622,0.559203,-0.82903,11.637695,17
iho-bay-of-biscay,1999,15.67,15.64,15.73,15.54,0.089,0.185041,45.567995,-0.063151,0.998004,12.067709,17
iho-beaufort-sea,1999,-0.8,0.28,-0.78,-0.586,0.076,0.49086,72.07828,-0.657818,-0.753177,12.994443,17
iho-bismarck-sea,1999,29.5,29.56,29.0,29.496,-0.046,0.270525,-3.51689,0.531651,-0.846963,12.741831,17
iho-celebes-sea,1999,29.21,29.32,29.02,29.132,0.063,0.1199,4.320085,0.849589,-0.527446,13.027678,17
iho-celtic-sea,1999,13.3,13.44,13.44,13.372,-0.021,0.156384,49.57831,-0.146291,0.989242,12.280984,17
iho-ceram-sea,1999,28.87,29.29,28.28,28.802,0.073,0.323073,-3.22909,0.747368,-0.66441,11.985275,17
iho-chukchi-sea,1999,0.13,0.12,0.59,0.334,-0.079,0.188319,68.851175,-0.125299,-0.992119,12.764697,17
iho-davis-strait,1999,0.71,1.18,1.12,0.932,0.021,0.191562,65.055565,-0.846344,0.532637,13.53112,17
iho-east-siberian-sea,1999,-1.07,-1.11,-1.05,-1.028,-0.061,0.155486,72.69595,0.353866,-0.935296,13.372628,17
iho-eastern-china-sea,1999,22.42,23.01,22.31,22.366,0.177,0.355786,28.689,0.810496,-0.585744,13.538823,17
iho-english-channel,1999,13.1,13.12,12.9,12.956,0.05,0.24508,49.79585,-0.044076,0.999028,11.310102,17
iho-flores-sea,1999,28.64,29.17,28.4,28.67,0.08,0.264953,-7.10454,0.870955,-0.491364,11.533032,17
iho-great-australian-bight,1999,16.47,16.34,16.39,16.25,0.129,0.195857,-37.505585,0.733327,-0.679876,14.094371,17
iho-greenland-sea,1999,1.06,0.85,0.53,0.766,0.09,0.178729,73.913585,-0.141862,0.989886,13.994943,17
iho-gulf-of-aden,1999,28.43,28.74,28.39,28.334,0.133,0.266428,12.781685,0.745063,0.666994,12.469715,17
iho-gulf-of-alaska,1999,7.26,7.97,8.47,7.822,-0.049,0.405334,57.908245,-0.562787,-0.826602,12.941426,17
iho-gulf-of-bothnia,1999,7.66,6.53,7.01,6.926,0.173,0.398226,62.78759,0.334482,0.942402,11.677191,17
iho-gulf-of-california,1999,23.29,24.32,24.96,24.228,-0.178,0.546238,27.3495,-0.931231,-0.364428,12.100261,17
iho-gulf-of-finland,1999,7.84,6.97,7.42,7.2,0.171,0.417564,61.031815,0.521086,0.853504,10.977348,17
iho-gulf-of-guinea,1999,27.94,28.24,27.66,27.878,0.062,0.230165,2.77271,0.064397,0.997924,13.525242,17
iho-gulf-of-st-lawrence,1999,6.06,5.97,5.33,5.686,0.153,0.281752,48.66826,-0.878473,0.477793,12.581716,17
iho-gulf-of-thailand,1999,28.73,29.36,29.14,28.972,0.036,0.239616,9.90349,0.977828,-0.209412,12.593929,17
iho-halmahera-sea,1999,29.15,29.42,28.67,29.094,0.039,0.241048,0.437415,0.774409,-0.632686,11.228075,17
iho-hudson-bay,1999,1.71,1.11,0.86,1.108,0.174,0.312179,58.60554,-0.997337,0.072937,13.641849,17
iho-hudson-strait,1999,0.48,0.44,-0.13,0.132,0.158,0.269325,61.466505,-0.930268,0.366881,12.213959,17
iho-inner-seas-off-the-west-coast-of-scotland,1999,10.75,10.97,11.08,10.824,0.037,0.18704,56.46592,-0.121627,0.992576,10.70905,17
iho-ionian-sea,1999,20.18,19.86,19.35,19.592,0.218,0.382905,38.47898,0.322653,0.946517,12.053467,17
iho-irish-sea-and-st-george-s-channel,1999,11.72,11.68,11.62,11.558,0.07,0.221486,53.43632,-0.079881,0.996804,10.731206,17
iho-japan-sea,1999,13.62,14.23,13.53,13.512,0.207,0.428364,42.18206,0.706473,-0.70774,13.879648,17
iho-java-sea,1999,28.8,29.45,28.62,28.922,0.049,0.281169,-5.161905,0.925947,-0.377653,13.236044,17
iho-kara-sea,1999,-0.7,-0.76,-0.21,-0.434,-0.176,0.328609,73.75758,0.949378,0.314137,13.726479,17
iho-labrador-sea,1999,3.51,3.97,3.81,3.596,0.113,0.275797,53.9349,-0.795011,0.606595,13.677779,17
iho-laccadive-sea,1999,28.57,29.1,28.99,28.74,0.058,0.259923,7.04053,0.970503,0.241089,13.635995,17
iho-laptev-sea,1999,-0.67,-0.82,-0.73,-0.67,-0.087,0.274299,72.49477,0.718747,-0.695271,13.179195,17
iho-makassar-strait,1999,29.2,29.48,28.99,29.198,0.043,0.159675,-2.133915,0.884652,-0.466253,12.186416,17
iho-malacca-strait,1999,29.11,29.64,29.31,29.238,0.063,0.221576,4.62758,0.986752,-0.162235,12.176829,17
iho-molukka-sea,1999,29.14,29.35,28.66,29.028,0.071,0.229033,1.29441,0.806409,-0.591359,12.302019,17
iho-mozambique-channel,1999,26.74,26.95,26.57,26.69,0.062,0.144083,-18.652675,0.646908,0.762568,14.13694,17
iho-norwegian-sea,1999,6.79,6.87,6.44,6.534,0.16,0.249528,68.77561,0.033764,0.99943,14.188602,17
iho-persian-gulf,1999,27.5,27.4,26.68,27.084,0.168,0.314045,27.25814,0.777543,0.62883,12.408351,17
iho-philippine-sea,1999,27.71,27.9,27.2,27.47,0.145,0.28376,18.90921,0.720574,-0.693378,15.536311,17
iho-sea-of-okhotsk,1999,4.23,4.49,4.56,4.536,-0.102,0.191792,52.970885,0.505452,-0.862855,14.298006,17
iho-skagerrak,1999,10.48,10.0,10.26,9.97,0.175,0.506675,58.491525,0.17484,0.984597,10.380145,17
iho-solomon-sea,1999,29.17,29.23,28.36,29.01,0.024,0.333167,-8.362475,0.4558,-0.890082,13.512255,17
iho-sulu-sea,1999,28.82,29.32,28.87,28.954,0.033,0.184456,9.24238,0.860336,-0.509727,12.720177,17
iho-the-coastal-waters-of-southeast-alaska-and-british-columbia,1999,8.94,9.84,9.98,9.486,-0.036,0.38061,53.145505,-0.75872,-0.651416,11.748468,17
iho-the-northwestern-passages,1999,-0.75,-0.49,-0.94,-0.782,0.056,0.160674,72.743745,-0.999893,-0.014615,13.883329,17
iho-timor-sea,1999,28.83,29.11,28.37,28.738,0.079,0.246203,-11.69447,0.798564,-0.60191,12.967616,17
iho-tyrrhenian-sea,1999,18.85,18.66,18.75,18.626,0.105,0.167165,40.88606,0.204983,0.978765,12.28902,17
iho-white-sea,1999,2.82,2.91,3.02,3.248,-0.279,0.416048,66.11883,0.588055,0.808821,11.426851,17
iho-yellow-sea,1999,15.32,15.85,15.54,15.352,0.143,0.31581,37.10378,0.823032,-0.567996,12.917778,17
indian,1999,18.36,18.52,18.4,18.37,0.041,0.088544,-24.80201,0.985963,0.166965,17.874379,17
med-east,1999,21.51,21.23,20.89,21.04,0.184,0.288305,33.972405,0.388183,0.921582,13.970857,17
med-west,1999,18.97,18.67,18.95,18.75,0.079,0.181879,39.641195,0.108319,0.994116,13.071896,17
north-sea,1999,10.65,10.43,10.5,10.306,0.13,0.424387,55.991155,0.048807,0.998808,13.17933,17
pacific-north,1999,22.34,22.55,22.79,22.574,-0.055,0.143471,29.13773,-0.512453,-0.858715,17.983864,17
pacific-south,1999,19.56,19.82,20.0,19.75,-0.011,0.149666,-29.29769,-0.812176,-0.583412,18.148866,17
red,1999,28.66,28.29,27.98,28.24,0.113,0.236559,20.302025,0.622928,0.78228,13.012457,17
south-china,1999,27.96,28.58,28.0,28.006,0.125,0.306046,11.16138,0.913678,-0.406438,15.019307,17
southern,1999,-0.97,-0.85,-0.82,-0.894,-0.004,0.053141,-72.7774,-0.698579,-0.715533,16.901883,17
tasman,1999,16.88,16.62,16.28,16.346,0.254,0.361751,-40.43461,0.311587,-0.950217,15.020206,17
arabian,2000,27.79,27.75,28.13,27.834,0.029,0.199459,12.45006,0.892737,0.450579,15.248859,18
arctic,2000,-1.6,-1.57,-1.55,-1.582,0.003,0.021354,80.71087,-0.663278,-0.748373,15.460999,18
atlantic-north,2000,21.36,21.46,21.64,21.41,0.038,0.14057,34.248285,-0.672091,0.740468,17.350575,18
atlantic-south,2000,16.89,16.86,16.89,16.824,0.037,0.076315,-30.052735,-0.283797,0.958885,17.511694,18
baltic,2000,9.55,9.62,8.59,9.018,0.323,0.563539,56.751155,0.324147,0.946007,12.295761,18
bengal,2000,28.49,28.49,28.95,28.578,0.014,0.198635,14.952905,0.998516,0.054454,14.60031,18
bering,2000,4.17,3.87,4.24,4.396,-0.228,0.392815,58.967385,-0.158169,-0.987412,14.671337,18
black,2000,15.68,15.82,15.38,15.272,0.282,0.465549,43.712375,0.560251,0.828323,12.953789,18
caribbean,2000,27.63,27.85,28.16,27.81,0.006,0.193391,15.28978,-0.953381,0.301769,14.854371,18
caspian,2000,15.01,14.93,14.82,14.874,0.055,0.08309,41.860385,0.771846,0.635809,12.8917,18
coral,2000,26.4,26.61,27.1,26.58,-0.002,0.313751,-18.698505,0.380185,-0.92491,15.224138,18
gulf-mexico,2000,26.08,25.98,25.88,25.886,0.104,0.156665,24.262605,-0.999978,-0.00665,14.25895,18
iho-adriatic-sea,2000,18.78,18.55,18.53,18.346,0.245,0.358809,42.750975,0.274561,0.96157,11.860389,18
iho-aegean-sea,2000,19.76,20.29,19.95,19.648,0.254,0.466836,38.064275,0.434155,0.900838,12.178673,18
iho-alboran-sea,2000,19.11,18.65,18.78,18.894,0.003,0.164511,36.00498,-0.059967,0.9982,10.904011,18
iho-andaman-or-burma-sea,2000,28.83,28.85,29.23,28.9,0.019,0.171348,11.345655,0.995242,-0.097431,13.323568,18
iho-arafura-sea,2000,28.15,28.2,28.76,28.262,-0.011,0.319086,-10.39485,0.686759,-0.726885,13.831679,18
iho-baffin-bay,2000,-0.19,-0.42,-0.34,-0.504,0.173,0.265224,76.206255,-0.960545,0.278125,13.18762,18
iho-banda-sea,2000,28.69,28.7,29.18,28.718,0.028,0.298958,-4.85558,0.793037,-0.609173,13.443201,18
iho-barentsz-sea,2000,2.32,1.65,1.38,1.712,0.141,0.320961,73.955765,0.603995,0.796988,14.172227,18
iho-bass-strait,2000,16.37,16.18,15.96,15.822,0.324,0.46675,-39.35622,0.559203,-0.82903,11.637695,18
iho-bay-of-biscay,2000,15.36,15.67,15.64,15.526,0.02,0.195202,45.567995,-0.063151,0.998004,12.067709,18
iho-beaufort-sea,2000,-1.05,-0.8,0.28,-0.706,0.024,0.515659,72.07828,-0.657818,-0.753177,12.994443,18
iho-bismarck-sea,2000,29.77,29.5,29.56,29.53,0.04,0.291342,-3.51689,0.531651,-0.846963,12.741831,18
iho-celebes-sea,2000,29.18,29.21,29.32,29.168,0.033,0.10028,4.320085,0.849589,-0.527446,13.027678,18
iho-celtic-sea,2000,12.87,13.3,13.44,13.232,-0.062,0.217752,49.57831,-0.146291,0.989242,12.280984,18
iho-ceram-sea,2000,28.87,28.87,29.29,28.83,0.065,0.321683,-3.22909,0.747368,-0.66441,11.985275,18
iho-chukchi-sea,2000,0.13,0.13,0.12,0.292,-0.118,0.204978,68.851175,-0.125299,-0.992119,12.764697,18
iho-davis-strait,2000,0.88,0.71,1.18,0.96,-0.047,0.170529,65.055565,-0.846344,0.532637,13.53112,18
iho-east-siberian-sea,2000,-0.86,-1.07,-1.11,-1.054,0.062,0.106696,72.69595,0.353866,-0.935296,13.372628,18
iho-eastern-china-sea,2000,22.4,22.42,23.01,22.448,0.071,0.303012,28.689,0.810496,-0.585744,13.538823,18
iho-english-channel,2000,12.54,13.1,13.12,12.832,0.028,0.266413,49.79585,-0.044076,0.999028,11.310102,18
iho-flores-sea,2000,28.45,28.64,29.17,28.658,-0.012,0.273159,-7.10454,0.870955,-0.491364,11.533032,18
iho-great-australian-bight,2000,16.55,16.47,16.34,16.372,0.096,0.149184,-37.505585,0.733327,-0.679876,14.094371,18
iho-greenland-sea,2000,0.97,1.06,0.85,0.824,0.105,0.188213,73.913585,-0.141862,0.989886,13.994943,18
iho-gulf-of-aden,2000,28.44,28.43,28.74,28.39,0.102,0.253061,12.781685,0.745063,0.666994,12.469715,18
iho-gulf-of-alaska,2000,7.62,7.26,7.97,7.832,-0.165,0.39957,57.908245,-0.562787,-0.826602,12.941426,18
iho-gulf-of-bothnia,2000,7.27,7.66,6.53,7.042,0.171,0.397059,62.78759,0.334482,0.942402,11.677191,18
iho-gulf-of-california,2000,23.43,23.29,24.32,24.092,-0.373,0.635969,27.3495,-0.931231,-0.364428,12.100261,18
iho-gulf-of-finland,2000,7.53,7.84,6.97,7.272,0.228,0.436779,61.031815,0.521086,0.853504,10.977348,18
iho-gulf-of-guinea,2000,27.9,27.94,28.24,27.868,0.088,0.227895,2.77271,0.064397,0.997924,13.525242,18
iho-gulf-of-st-lawrence,2000,6.03,6.06,5.97,5.794,0.163,0.289316,48.66826,-0.878473,0.477793,12.581716,18
iho-gulf-of-thailand,2000,28.7,28.73,29.36,28.946,-0.061,0.259815,9.90349,0.977828,-0.209412,12.593929,18
iho-halmahera-sea,2000,29.2,29.15,29.42,29.114,0.062,0.244835,0.437415,0.774409,-0.632686,11.228075,18
iho-hudson-bay,2000,1.18,1.71,1.11,1.158,0.135,0.299426,58.60554,-0.997337,0.072937,13.641849,18
iho-hudson-strait,2000,0.11,0.48,0.44,0.164,0.099,0.25492,61.466505,-0.930268,0.366881,12.213959,18
iho-inner-seas-off-the-west-coast-of-scotland,2000,10.7,10.75,10.97,10.808,-0.001,0.193432,56.46592,-0.121627,0.992576,10.70905,18
iho-ionian-sea,2000,19.98,20.18,19.86,19.694,0.259,0.404158,38.47898,0.322653,0.946517,12.053467,18
iho-irish-sea-and-st-george-s-channel,2000,11.54,11.72,11.68,11.536,0.094,0.216666,53.43632,-0.079881,0.996804,10.731206,18
iho-japan-sea,2000,13.63,13.62,14.23,13.594,0.143,0.403118,42.18206,0.706473,-0.70774,13.879648,18
iho-java-sea,2000,28.65,28.8,29.45,28.888,-0.036,0.301025,-5.161905,0.925947,-0.377653,13.236044,18
iho-kara-sea,2000,-0.16,-0.7,-0.76,-0.486,0.039,0.251523,73.75758,0.949378,0.314137,13.726479,18
iho-labrador-sea,2000,3.44,3.51,3.97,3.65,-0.046,0.204255,53.9349,-0.795011,0.606595,13.677779,18
iho-laccadive-sea,2000,28.62,28.57,29.1,28.74,-0.002,0.259923,7.04053,0.970503,0.241089,13.635995,18
iho-laptev-sea,2000,-0.56,-0.67,-0.82,-0.75,0.088,0.138708,72.49477,0.718747,-0.695271,13.179195,18
iho-makassar-strait,2000,29.04,29.2,29.48,29.18,-0.009,0.170997,-2.133915,0.884652,-0.466253,12.186416,18
iho-malacca-strait,2000,29.1,29.11,29.64,29.238,-0.006,0.221576,4.62758,0.986752,-0.162235,12.176829,18
iho-molukka-sea,2000,29.17,29.14,29.35,29.076,0.07,0.228613,1.29441,0.806409,-0.591359,12.302019,18
iho-mozambique-channel,2000,26.59,26.74,26.95,26.684,0.021,0.147458,-18.652675,0.646908,0.762568,14.13694,18
iho-norwegian-sea,2000,6.72,6.79,6.87,6.622,0.121,0.220309,68.77561,0.033764,0.99943,14.188602,18
iho-persian-gulf,2000,26.83,27.5,27.4,27.074,0.056,0.321098,27.25814,0.777543,0.62883,12.408351,18
iho-philippine-sea,2000,27.51,27.71,27.9,27.506,0.111,0.274998,18.90921,0.720574,-0.693378,15.536311,18
iho-sea-of-okhotsk,2000,4.26,4.23,4.49,4.474,-0.147,0.218961,52.970885,0.505452,-0.862855,14.298006,18
iho-skagerrak,2000,10.38,10.48,10.0,10.026,0.296,0.532751,58.491525,0.17484,0.984597,10.380145,18
iho-solomon-sea,2000,29.24,29.17,29.23,29.05,0.079,0.346121,-8.362475,0.4558,-0.890082,13.512255,18
iho-sulu-sea,2000,28.8,28.82,29.32,28.94,-0.023,0.192769,9.24238,0.860336,-0.509727,12.720177,18
iho-the-coastal-waters-of-southeast-alaska-and-british-columbia,2000,9.36,8.94,9.84,9.476,-0.084,0.383124,53.145505,-0.75872,-0.651416,11.748468,18
iho-the-northwestern-passages,2000,-0.84,-0.75,-0.49,-0.786,0.033,0.161815,72.743745,-0.999893,-0.014615,13.883329,18
iho-timor-sea,2000,28.67,28.83,29.11,28.752,0.024,0.239867,-11.69447,0.798564,-0.60191,12.967616,18
iho-tyrrhenian-sea,2000,18.96,18.85,18.66,18.73,0.116,0.180333,40.88606,0.204983,0.978765,12.28902,18
iho-white-sea,2000,3.75,2.82,2.91,3.228,0.002,0.388093,66.11883,0.588055,0.808821,11.426851,18
iho-yellow-sea,2000,15.17,15.32,15.85,15.384,0.004,0.286259,37.10378,0.823032,-0.567996,12.917778,18
indian,2000,18.37,18.36,18.52,18.392,0.008,0.070257,-24.80201,0.985963,0.166965,17.874379,18
med-east,2000,21.17,21.51,21.23,21.106,0.15,0.272294,33.972405,0.388183,0.921582,13.970857,18
med-west,2000,18.83,18.97,18.67,18.784,0.068,0.177719,39.641195,0.108319,0.994116,13.071896,18
north-sea,2000,10.39,10.65,10.43,10.288,0.199,0.418493,55.991155,0.048807,0.998808,13.17933,18
pacific-north,2000,22.51,22.34,22.55,22.558,-0.063,0.145245,29.13773,-0.512453,-0.858715,17.983864,18
pacific-south,2000,19.6,19.56,19.82,19.734,-0.062,0.1602,-29.29769,-0.812176,-0.583412,18.148866,18
red,2000,28.36,28.66,28.29,28.27,0.128,0.240333,20.302025,0.622928,0.78228,13.012457,18
south-china,2000,27.88,27.96,28.58,28.03,0.026,0.290103,11.16138,0.913678,-0.406438,15.019307,18
southern,2000,-0.97,-0.97,-0.85,-0.904,-0.027,0.061188,-72.7774,-0.698579,-0.715533,16.901883,18
tasman,2000,16.53,16.88,16.62,16.474,0.154,0.282248,-40.43461,0.311587,-0.950217,15.020206,18
arabian,2001,27.87,27.79,27.75,27.9,-0.052,0.135647,12.45006,0.892737,0.450579,15.248859,19
arctic,2001,-1.6,-1.6,-1.57,-1.58,-0.009,0.018974,80.71087,-0.663278,-0.748373,15.460999,19
atlantic-north,2001,21.47,21.36,21.46,21.462,-0.01,0.098874,34.248285,-0.672091,0.740468,17.350575,19
atlantic-south,2001,16.89,16.89,16.86,16.844,0.04,0.077872,-30.052735,-0.283797,0.958885,17.511694,19
baltic,2001,9.45,9.55,9.62,9.276,0.152,0.375638,56.751155,0.324147,0.946007,12.295761,19
bengal,2001,28.73,28.49,28.49,28.65,-0.018,0.173897,14.952905,0.998516,0.054454,14.60031,19
bering,2001,4.32,4.17,3.87,4.302,-0.125,0.339965,58.967385,-0.158169,-0.987412,14.671337,19
black,2001,15.68,15.68,15.82,15.432,0.246,0.440109,43.712375,0.560251,0.828323,12.953789,19
caribbean,2001,27.74,27.63,27.85,27.83,-0.059,0.179444,15.28978,-0.953381,0.301769,14.854371,19
caspian,2001,15.06,15.01,14.93,14.928,0.067,0.097447,41.860385,0.771846,0.635809,12.8917,19
coral,2001,26.64,26.4,26.61,26.58,0.028,0.313751,-18.698505,0.380185,-0.92491,15.224138,19
gulf-mexico,2001,26.0,26.08,25.98,25.964,0.044,0.076315,24.262605,-0.999978,-0.00665,14.25895,19
iho-adriatic-sea,2001,18.64,18.78,18.55,18.516,0.137,0.235168,42.750975,0.274561,0.96157,11.860389,19
iho-aegean-sea,2001,20.05,19.76,20.29,19.852,0.149,0.36367,38.064275,0.434155,0.900838,12.178673,19
iho-alboran-sea,2001,19.11,19.11,18.65,18.934,0.051,0.186397,36.00498,-0.059967,0.9982,10.904011,19
iho-andaman-or-burma-sea,2001,29.08,28.83,28.85,28.97,0.004,0.158619,11.345655,0.995242,-0.097431,13.323568,19
iho-arafura-sea,2001,28.13,28.15,28.2,28.206,0.007,0.312704,-10.39485,0.686759,-0.726885,13.831679,19
iho-baffin-bay,2001,-0.17,-0.19,-0.42,-0.346,0.103,0.161567,76.206255,-0.960545,0.278125,13.18762,19
iho-banda-sea,2001,28.74,28.69,28.7,28.71,0.051,0.297725,-4.85558,0.793037,-0.609173,13.443201,19
iho-barentsz-sea,2001,2.31,2.32,1.65,1.84,0.248,0.39724,73.955765,0.603995,0.796988,14.172227,19
iho-bass-strait,2001,16.51,16.37,16.18,16.108,0.239,0.347298,-39.35622,0.559203,-0.82903,11.637695,19
iho-bay-of-biscay,2001,15.51,15.36,15.67,15.582,-0.072,0.132272,45.567995,-0.063151,0.998004,12.067709,19
iho-beaufort-sea,2001,-1.02,-1.05,-0.8,-0.674,-0.181,0.489555,72.07828,-0.657818,-0.753177,12.994443,19
iho-bismarck-sea,2001,29.62,29.77,29.5,29.49,0.145,0.260921,-3.51689,0.531651,-0.846963,12.741831,19
iho-celebes-sea,2001,29.19,29.18,29.21,29.184,0.02,0.096042,4.320085,0.849589,-0.527446,13.027678,19
iho-celtic-sea,2001,13.21,12.87,13.3,13.252,-0.103,0.210086,49.57831,-0.146291,0.989242,12.280984,19
iho-ceram-sea,2001,28.87,28.87,28.87,28.836,0.076,0.322093,-3.22909,0.747368,-0.66441,11.985275,19
iho-chukchi-sea,2001,-0.04,0.13,0.13,0.186,-0.125,0.212094,68.851175,-0.125299,-0.992119,12.764697,19
iho-davis-strait,2001,1.48,0.88,0.71,1.074,0.042,0.263939,65.055565,-0.846344,0.532637,13.53112,19
iho-east-siberian-sea,2001,-1.01,-0.86,-1.07,-1.02,0.033,0.086255,72.69595,0.353866,-0.935296,13.372628,19
iho-eastern-china-sea,2001,22.64,22.4,22.42,22.556,0.005,0.251603,28.689,0.810496,-0.585744,13.538823,19
iho-english-channel,2001,12.82,12.54,13.1,12.896,-0.074,0.211811,49.79585,-0.044076,0.999028,11.310102,19
iho-flores-sea,2001,28.63,28.45,28.64,28.658,-0.026,0.273159,-7.10454,0.870955,-0.491364,11.533032,19
iho-great-australian-bight,2001,16.47,16.55,16.47,16.444,0.037,0.072553,-37.505585,0.733327,-0.679876,14.094371,19
iho-greenland-sea,2001,0.98,0.97,1.06,0.878,0.102,0.186483,73.913585,-0.141862,0.989886,13.994943,19
iho-gulf-of-aden,2001,28.22,28.44,28.43,28.444,-0.064,0.167881,12.781685,0.745063,0.666994,12.469715,19
iho-gulf-of-alaska,2001,7.81,7.62,7.26,7.826,-0.167,0.39963,57.908245,-0.562787,-0.826602,12.941426,19
iho-gulf-of-bothnia,2001,7.59,7.27,7.66,7.212,0.19,0.413008,62.78759,0.334482,0.942402,11.677191,19
iho-gulf-of-california,2001,23.23,23.43,23.29,23.846,-0.435,0.682249,27.3495,-0.931231,-0.364428,12.100261,19
iho-gulf-of-finland,2001,7.47,7.53,7.84,7.446,0.066,0.279328,61.031815,0.521086,0.853504,10.977348,19
iho-gulf-of-guinea,2001,27.75,27.9,27.94,27.898,-0.016,0.198635,2.77271,0.064397,0.997924,13.525242,19
iho-gulf-of-st-lawrence,2001,6.0,6.03,6.06,5.878,0.14,0.275637,48.66826,-0.878473,0.477793,12.581716,19
iho-gulf-of-thailand,2001,28.94,28.7,28.73,28.974,-0.106,0.249928,9.90349,0.977828,-0.209412,12.593929,19
iho-halmahera-sea,2001,29.12,29.2,29.15,29.112,0.068,0.244737,0.437415,0.774409,-0.632686,11.228075,19
iho-hudson-bay,2001,1.26,1.18,1.71,1.224,0.087,0.27746,58.60554,-0.997337,0.072937,13.641849,19
iho-hudson-strait,2001,0.15,0.11,0.48,0.21,0.023,0.225832,61.466505,-0.930268,0.366881,12.213959,19
iho-inner-seas-off-the-west-coast-of-scotland,2001,10.84,10.7,10.75,10.868,-0.075,0.1402,56.46592,-0.121627,0.992576,10.70905,19
iho-ionian-sea,2001,20.09,19.98,20.18,19.892,0.16,0.291438,38.47898,0.322653,0.946517,12.053467,19
iho-irish-sea-and-st-george-s-channel,2001,11.36,11.54,11.72,11.584,-0.066,0.127373,53.43632,-0.079881,0.996804,10.731206,19
iho-japan-sea,2001,13.76,13.63,13.62,13.754,-0.014,0.249046,42.18206,0.706473,-0.70774,13.879648,19
iho-java-sea,2001,28.88,28.65,28.8,28.88,-0.028,0.300599,-5.161905,0.925947,-0.377653,13.236044,19
iho-kara-sea,2001,0.08,-0.16,-0.7,-0.35,0.118,0.325945,73.75758,0.949378,0.314137,13.726479,19
iho-labrador-sea,2001,3.7,3.44,3.51,3.686,-0.075,0.193763,53.9349,-0.795011,0.606595,13.677779,19
iho-laccadive-sea,2001,28.81,28.62,28.57,28.818,-0.084,0.20488,7.04053,0.970503,0.241089,13.635995,19
iho-laptev-sea,2001,-0.81,-0.56,-0.67,-0.718,0.01,0.096208,72.49477,0.718747,-0.695271,13.179195,19
iho-makassar-strait,2001,29.22,29.04,29.2,29.186,0.002,0.171767,-2.133915,0.884652,-0.466253,12.186416,19
iho-malacca-strait,2001,29.26,29.1,29.11,29.284,-0.064,0.19602,4.62758,0.986752,-0.162235,12.176829,19
iho-molukka-sea,2001,29.11,29.17,29.14,29.086,0.072,0.228788,1.29441,0.806409,-0.591359,12.302019,19
iho-mozambique-channel,2001,26.82,26.59,26.74,26.734,0.014,0.142632,-18.652675,0.646908,0.762568,14.13694,19
iho-norwegian-sea,2001,6.74,6.72,6.79,6.712,0.045,0.14552,68.77561,0.033764,0.99943,14.188602,19
iho-persian-gulf,2001,27.53,26.83,27.5,27.188,0.113,0.359299,27.25814,0.777543,0.62883,12.408351,19
iho-philippine-sea,2001,27.71,27.51,27.71,27.606,0.063,0.237537,18.90921,0.720574,-0.693378,15.536311,19
iho-sea-of-okhotsk,2001,3.73,4.26,4.23,4.254,-0.189,0.291383,52.970885,0.505452,-0.862855,14.298006,19
iho-skagerrak,2001,10.19,10.38,10.48,10.262,0.024,0.164487,58.491525,0.17484,0.984597,10.380145,19
iho-solomon-sea,2001,29.08,29.24,29.17,29.016,0.145,0.332902,-8.362475,0.4558,-0.890082,13.512255,19
iho-sulu-sea,2001,28.89,28.8,28.82,28.94,-0.048,0.192769,9.24238,0.860336,-0.509727,12.720177,19
iho-the-coastal-waters-of-southeast-alaska-and-british-columbia,2001,9.08,9.36,8.94,9.44,-0.228,0.409292,53.145505,-0.75872,-0.651416,11.748468,19
iho-the-northwestern-passages,2001,-0.82,-0.84,-0.75,-0.768,-0.011,0.15171,72.743745,-0.999893,-0.014615,13.883329,19
iho-timor-sea,2001,28.69,28.67,28.83,28.734,0.02,0.240466,-11.69447,0.798564,-0.60191,12.967616,19
iho-tyrrhenian-sea,2001,18.91,18.96,18.85,18.826,0.062,0.108554,40.88606,0.204983,0.978765,12.28902,19
iho-white-sea,2001,3.31,3.75,2.82,3.162,0.142,0.337129,66.11883,0.588055,0.808821,11.426851,19
iho-yellow-sea,2001,14.95,15.17,15.32,15.366,-0.186,0.309231,37.10378,0.823032,-0.567996,12.917778,19
indian,2001,18.43,18.37,18.36,18.416,-0.009,0.05748,-24.80201,0.985963,0.166965,17.874379,19
med-east,2001,21.37,21.17,21.51,21.234,0.09,0.208384,33.972405,0.388183,0.921582,13.970857,19
med-west,2001,18.8,18.83,18.97,18.844,-0.014,0.109105,39.641195,0.108319,0.994116,13.071896,19
north-sea,2001,10.53,10.39,10.65,10.5,0.002,0.089889,55.991155,0.048807,0.998808,13.17933,19
pacific-north,2001,22.56,22.51,22.34,22.55,-0.05,0.143805,29.13773,-0.512453,-0.858715,17.983864,19
pacific-south,2001,19.78,19.6,19.56,19.752,-0.066,0.159298,-29.29769,-0.812176,-0.583412,18.148866,19
red,2001,28.57,28.36,28.66,28.372,0.125,0.237773,20.302025,0.622928,0.78228,13.012457,19
south-china,2001,28.12,27.88,27.96,28.108,-0.046,0.248387,11.16138,0.913678,-0.406438,15.019307,19
southern,2001,-0.9,-0.97,-0.97,-0.902,-0.028,0.061123,-72.7774,-0.698579,-0.715533,16.901883,19
tasman,2001,16.82,16.53,16.88,16.626,0.099,0.214998,-40.43461,0.311587,-0.950217,15.020206,19
arabian,2002,28.02,27.87,27.79,27.912,-0.01,0.142885,12.45006,0.892737,0.450579,15.248859,20
arctic,2002,-1.58,-1.6,-1.6,-1.58,-0.009,0.018974,80.71087,-0.663278,-0.748373,15.460999,20
atlantic-north,2002,21.41,21.47,21.36,21.468,-0.045,0.09453,34.248285,-0.672091,0.740468,17.350575,20
atlantic-south,2002,16.82,16.89,16.89,16.87,-0.011,0.027568,-30.052735,-0.283797,0.958885,17.511694,20
baltic,2002,9.88,9.45,9.55,9.418,0.241,0.437785,56.751155,0.324147,0.946007,12.295761,20
bengal,2002,28.74,28.73,28.49,28.68,-0.018,0.173897,14.952905,0.998516,0.054454,14.60031,20
bering,2002,4.64,4.32,4.17,4.248,0.125,0.248145,58.967385,-0.158169,-0.987412,14.671337,20
black,2002,15.78,15.68,15.68,15.668,0.066,0.154195,43.712375,0.560251,0.828323,12.953789,20
caribbean,2002,27.82,27.74,27.63,27.84,-0.079,0.1772,15.28978,-0.953381,0.301769,14.854371,20
caspian,2002,15.1,15.06,15.01,14.984,0.069,0.09972,41.860385,0.771846,0.635809,12.8917,20
coral,2002,26.63,26.64,26.4,26.676,-0.091,0.229661,-18.698505,0.380185,-0.92491,15.224138,20
gulf-mexico,2002,26.12,26.0,26.08,26.012,0.05,0.083522,24.262605,-0.999978,-0.00665,14.25895,20
iho-adriatic-sea,2002,18.48,18.64,18.78,18.596,-0.001,0.105565,42.750975,0.274561,0.96157,11.860389,20
iho-aegean-sea,2002,20.02,20.05,19.76,20.014,-0.01,0.17095,38.064275,0.434155,0.900838,12.178673,20
iho-alboran-sea,2002,18.7,19.11,19.11,18.87,0.03,0.2003,36.00498,-0.059967,0.9982,10.904011,20
iho-andaman-or-burma-sea,2002,29.01,29.08,28.83,29.0,-0.021,0.148862,11.345655,0.995242,-0.097431,13.323568,20
iho-arafura-sea,2002,28.3,28.13,28.15,28.308,-0.099,0.233529,-10.39485,0.686759,-0.726885,13.831679,20
iho-baffin-bay,2002,-0.12,-0.17,-0.19,-0.248,0.069,0.113031,76.206255,-0.960545,0.278125,13.18762,20
iho-banda-sea,2002,28.71,28.74,28.69,28.804,-0.09,0.188743,-4.85558,0.793037,-0.609173,13.443201,20
iho-barentsz-sea,2002,2.02,2.31,2.32,1.936,0.194,0.370222,73.955765,0.603995,0.796988,14.172227,20
iho-bass-strait,2002,15.98,16.51,16.37,16.2,0.037,0.215128,-39.35622,0.559203,-0.82903,11.637695,20
iho-bay-of-biscay,2002,15.34,15.51,15.36,15.504,-0.076,0.136909,45.567995,-0.063151,0.998004,12.067709,20
iho-beaufort-sea,2002,-1.03,-1.02,-1.05,-0.724,-0.284,0.510161,72.07828,-0.657818,-0.753177,12.994443,20
iho-bismarck-sea,2002,29.4,29.62,29.77,29.57,-0.02,0.123612,-3.51689,0.531651,-0.846963,12.741831,20
iho-celebes-sea,2002,29.05,29.19,29.18,29.19,-0.056,0.086023,4.320085,0.849589,-0.527446,13.027678,20
iho-celtic-sea,2002,13.28,13.21,12.87,13.22,-0.041,0.190263,49.57831,-0.146291,0.989242,12.280984,20
iho-ceram-sea,2002,28.73,28.87,28.87,28.926,-0.112,0.189905,-3.22909,0.747368,-0.66441,11.985275,20
iho-chukchi-sea,2002,0.56,-0.04,0.13,0.18,0.071,0.200699,68.851175,-0.125299,-0.992119,12.764697,20
iho-davis-strait,2002,1.19,1.48,0.88,1.088,0.079,0.267836,65.055565,-0.846344,0.532637,13.53112,20
iho-east-siberian-sea,2002,-0.62,-1.01,-0.86,-0.934,0.104,0.178505,72.69595,0.353866,-0.935296,13.372628,20
iho-eastern-china-sea,2002,22.23,22.64,22.4,22.54,-0.134,0.268701,28.689,0.810496,-0.585744,13.538823,20
iho-english-channel,2002,12.97,12.82,12.54,12.91,-0.058,0.213916,49.79585,-0.044076,0.999028,11.310102,20
iho-flores-sea,2002,28.74,28.63,28.45,28.726,-0.087,0.240882,-7.10454,0.870955,-0.491364,11.533032,20
iho-great-australian-bight,2002,16.15,16.47,16.55,16.396,-0.038,0.140228,-37.505585,0.733327,-0.679876,14.094371,20
iho-greenland-sea,2002,1.34,0.98,0.97,1.04,0.09,0.164317,73.913585,-0.141862,0.989886,13.994943,20
iho-gulf-of-aden,2002,28.71,28.22,28.44,28.508,-0.027,0.194052,12.781685,0.745063,0.666994,12.469715,20
iho-gulf-of-alaska,2002,7.98,7.81,7.62,7.728,0.057,0.268134,57.908245,-0.562787,-0.826602,12.941426,20
iho-gulf-of-bothnia,2002,7.88,7.59,7.27,7.386,0.263,0.470515,62.78759,0.334482,0.942402,11.677191,20
iho-gulf-of-california,2002,23.97,23.23,23.43,23.648,-0.076,0.425601,27.3495,-0.931231,-0.364428,12.100261,20
iho-gulf-of-finland,2002,7.77,7.47,7.53,7.516,0.123,0.306568,61.031815,0.521086,0.853504,10.977348,20
iho-gulf-of-guinea,2002,27.95,27.75,27.9,27.956,-0.077,0.159072,2.77271,0.064397,0.997924,13.525242,20
iho-gulf-of-st-lawrence,2002,5.49,6.0,6.03,5.91,-0.102,0.212132,48.66826,-0.878473,0.477793,12.581716,20
iho-gulf-of-thailand,2002,29.01,28.94,28.7,28.948,-0.049,0.237773,9.90349,0.977828,-0.209412,12.593929,20
iho-halmahera-sea,2002,28.98,29.12,29.2,29.174,-0.091,0.143052,0.437415,0.774409,-0.632686,11.228075,20
iho-hudson-bay,2002,0.9,1.26,1.18,1.232,-0.087,0.267238,58.60554,-0.997337,0.072937,13.641849,20
iho-hudson-strait,2002,0.01,0.15,0.11,0.238,-0.119,0.187339,61.466505,-0.930268,0.366881,12.213959,20
iho-inner-seas-off-the-west-coast-of-scotland,2002,11.09,10.84,10.7,10.87,0.033,0.143248,56.46592,-0.121627,0.992576,10.70905,20
iho-ionian-sea,2002,19.81,20.09,19.98,19.984,-0.019,0.138072,38.47898,0.322653,0.946517,12.053467,20
iho-irish-sea-and-st-george-s-channel,2002,11.88,11.36,11.54,11.636,0.004,0.175454,53.43632,-0.079881,0.996804,10.731206,20
iho-japan-sea,2002,13.45,13.76,13.63,13.738,-0.142,0.264983,42.18206,0.706473,-0.70774,13.879648,20
iho-java-sea,2002,28.99,28.88,28.65,28.954,-0.084,0.271632,-5.161905,0.925947,-0.377653,13.236044,20
iho-kara-sea,2002,-0.39,0.08,-0.16,-0.386,0.152,0.318346,73.75758,0.949378,0.314137,13.726479,20
iho-labrador-sea,2002,3.35,3.7,3.44,3.594,-0.105,0.220418,53.9349,-0.795011,0.606595,13.677779,20
iho-laccadive-sea,2002,28.87,28.81,28.62,28.794,-0.022,0.1898,7.04053,0.970503,0.241089,13.635995,20
iho-laptev-sea,2002,-0.55,-0.81,-0.56,-0.682,0.04,0.116516,72.49477,0.718747,-0.695271,13.179195,20
iho-makassar-strait,2002,29.16,29.22,29.04,29.22,-0.062,0.144222,-2.133915,0.884652,-0.466253,12.186416,20
iho-malacca-strait,2002,29.37,29.26,29.1,29.296,-0.039,0.199058,4.62758,0.986752,-0.162235,12.176829,20
iho-molukka-sea,2002,28.95,29.11,29.17,29.144,-0.083,0.128,1.29441,0.806409,-0.591359,12.302019,20
iho-mozambique-channel,2002,26.78,26.82,26.59,26.776,-0.026,0.116722,-18.652675,0.646908,0.762568,14.13694,20
iho-norwegian-sea,2002,7.27,6.74,6.72,6.878,0.075,0.202721,68.77561,0.033764,0.99943,14.188602,20
iho-persian-gulf,2002,27.14,27.53,26.83,27.28,-0.049,0.263591,27.25814,0.777543,0.62883,12.408351,20
iho-philippine-sea,2002,27.39,27.71,27.51,27.644,-0.102,0.177042,18.90921,0.720574,-0.693378,15.536311,20
iho-sea-of-okhotsk,2002,4.14,3.73,4.26,4.17,-0.12,0.248435,52.970885,0.505452,-0.862855,14.298006,20
iho-skagerrak,2002,10.67,10.19,10.38,10.344,0.105,0.231569,58.491525,0.17484,0.984597,10.380145,20
iho-solomon-sea,2002,28.98,29.08,29.24,29.14,-0.059,0.098184,-8.362475,0.4558,-0.890082,13.512255,20
iho-sulu-sea,2002,28.75,28.89,28.8,28.916,-0.107,0.20694,9.24238,0.860336,-0.509727,12.720177,20
iho-the-coastal-waters-of-southeast-alaska-and-british-columbia,2002,9.49,9.08,9.36,9.342,-0.056,0.31638,53.145505,-0.75872,-0.651416,11.748468,20
iho-the-northwestern-passages,2002,-0.89,-0.82,-0.84,-0.758,-0.087,0.141336,72.743745,-0.999893,-0.014615,13.883329,20
iho-timor-sea,2002,28.91,28.69,28.67,28.842,-0.054,0.160798,-11.69447,0.798564,-0.60191,12.967616,20
iho-tyrrhenian-sea,2002,18.65,18.91,18.96,18.806,0.004,0.128156,40.88606,0.204983,0.978765,12.28902,20
iho-white-sea,2002,2.84,3.31,3.75,3.126,0.035,0.359255,66.11883,0.588055,0.808821,11.426851,20
iho-yellow-sea,2002,14.72,14.95,15.17,15.202,-0.263,0.382277,37.10378,0.823032,-0.567996,12.917778,20
indian,2002,18.42,18.43,18.37,18.42,-0.013,0.056921,-24.80201,0.985963,0.166965,17.874379,20
med-east,2002,21.3,21.37,21.17,21.316,0.0,0.117915,33.972405,0.388183,0.921582,13.970857,20
med-west,2002,18.62,18.8,18.83,18.778,-0.027,0.123839,39.641195,0.108319,0.994116,13.071896,20
north-sea,2002,11.05,10.53,10.39,10.61,0.112,0.237655,55.991155,0.048807,0.998808,13.17933,20
pacific-north,2002,22.64,22.56,22.51,22.52,0.04,0.099398,29.13773,-0.512453,-0.858715,17.983864,20
pacific-south,2002,19.87,19.78,19.6,19.726,0.032,0.123223,-29.29769,-0.812176,-0.583412,18.148866,20
red,2002,28.56,28.57,28.36,28.488,0.045,0.139341,20.302025,0.622928,0.78228,13.012457,20
south-china,2002,28.05,28.12,27.88,28.118,-0.09,0.244818,11.16138,0.913678,-0.406438,15.019307,20
southern,2002,-0.84,-0.9,-0.97,-0.906,0.009,0.056071,-72.7774,-0.698579,-0.715533,16.901883,20
tasman,2002,16.44,16.82,16.53,16.658,-0.042,0.167857,-40.43461,0.311587,-0.950217,15.020206,20
arabian,2003,28.14,28.02,27.87,27.914,0.101,0.145959,12.45006,0.892737,0.450579,15.248859,21
arctic,2003,-1.59,-1.58,-1.6,-1.588,-0.002,0.011662,80.71087,-0.663278,-0.748373,15.460999,21
atlantic-north,2003,21.59,21.41,21.47,21.458,0.031,0.076785,34.248285,-0.672091,0.740468,17.350575,21
atlantic-south,2003,16.92,16.82,16.89,16.876,0.005,0.033823,-30.052735,-0.283797,0.958885,17.511694,21
baltic,2003,8.98,9.88,9.45,9.496,-0.095,0.294659,56.751155,0.324147,0.946007,12.295761,21
bengal,2003,28.71,28.74,28.73,28.632,0.069,0.116344,14.952905,0.998516,0.054454,14.60031,21
bering,2003,5.09,4.64,4.32,4.418,0.291,0.417679,58.967385,-0.158169,-0.987412,14.671337,21
black,2003,15.07,15.78,15.68,15.606,-0.14,0.273613,43.712375,0.560251,0.828323,12.953789,21
caribbean,2003,28.05,27.82,27.74,27.818,0.059,0.138766,15.28978,-0.953381,0.301769,14.854371,21
caspian,2003,15.16,15.1,15.06,15.052,0.055,0.078333,41.860385,0.771846,0.635809,12.8917,21
coral,2003,26.55,26.63,26.64,26.566,0.011,0.088679,-18.698505,0.380185,-0.92491,15.224138,21
gulf-mexico,2003,25.96,26.12,26.0,26.028,0.0,0.061449,24.262605,-0.999978,-0.00665,14.25895,21
iho-adriatic-sea,2003,18.84,18.48,18.64,18.658,0.028,0.13541,42.750975,0.274561,0.96157,11.860389,21
iho-aegean-sea,2003,19.92,20.02,20.05,20.008,-0.048,0.173597,38.064275,0.434155,0.900838,12.178673,21
iho-alboran-sea,2003,19.38,18.7,19.11,18.99,0.105,0.275899,36.00498,-0.059967,0.9982,10.904011,21
iho-andaman-or-burma-sea,2003,29.02,29.01,29.08,28.958,0.052,0.099479,11.345655,0.995242,-0.097431,13.323568,21
iho-arafura-sea,2003,28.41,28.3,28.13,28.238,0.057,0.104192,-10.39485,0.686759,-0.726885,13.831679,21
iho-baffin-bay,2003,-0.07,-0.12,-0.17,-0.194,0.077,0.120433,76.206255,-0.960545,0.278125,13.18762,21
iho-banda-sea,2003,28.71,28.71,28.74,28.71,0.004,0.016733,-4.85558,0.793037,-0.609173,13.443201,21
iho-barentsz-sea,2003,1.71,2.02,2.31,2.002,-0.018,0.284774,73.955765,0.603995,0.796988,14.172227,21
iho-bass-strait,2003,15.9,15.98,16.51,16.188,-0.095,0.229382,-39.35622,0.559203,-0.82903,11.637695,21
iho-bay-of-biscay,2003,15.97,15.34,15.51,15.57,0.058,0.232637,45.567995,-0.063151,0.998004,12.067709,21
iho-beaufort-sea,2003,-0.98,-1.03,-1.02,-0.976,-0.034,0.090907,72.07828,-0.657818,-0.753177,12.994443,21
iho-bismarck-sea,2003,29.62,29.4,29.62,29.582,-0.013,0.124964,-3.51689,0.531651,-0.846963,12.741831,21
iho-celebes-sea,2003,28.96,29.05,29.19,29.118,-0.063,0.097036,4.320085,0.849589,-0.527446,13.027678,21
iho-celtic-sea,2003,13.66,13.28,13.21,13.264,0.113,0.251603,49.57831,-0.146291,0.989242,12.280984,21
iho-ceram-sea,2003,28.77,28.73,28.87,28.822,-0.034,0.060133,-3.22909,0.747368,-0.66441,11.985275,21
iho-chukchi-sea,2003,0.49,0.56,-0.04,0.254,0.115,0.230877,68.851175,-0.125299,-0.992119,12.764697,21
iho-davis-strait,2003,1.83,1.19,1.48,1.218,0.255,0.40405,65.055565,-0.846344,0.532637,13.53112,21
iho-east-siberian-sea,2003,-1.12,-0.62,-1.01,-0.936,0.014,0.18051,72.69595,0.353866,-0.935296,13.372628,21
iho-eastern-china-sea,2003,22.27,22.23,22.64,22.392,-0.047,0.143861,28.689,0.810496,-0.585744,13.538823,21
iho-english-channel,2003,13.14,12.97,12.82,12.914,0.051,0.217954,49.79585,-0.044076,0.999028,11.310102,21
iho-flores-sea,2003,28.64,28.74,28.63,28.62,0.029,0.094021,-7.10454,0.870955,-0.491364,11.533032,21
iho-great-australian-bight,2003,16.22,16.15,16.47,16.372,-0.09,0.157022,-37.505585,0.733327,-0.679876,14.094371,21
iho-greenland-sea,2003,1.53,1.34,0.98,1.176,0.131,0.222045,73.913585,-0.141862,0.989886,13.994943,21
iho-gulf-of-aden,2003,28.48,28.71,28.22,28.456,0.037,0.156026,12.781685,0.745063,0.666994,12.469715,21
iho-gulf-of-alaska,2003,8.54,7.98,7.81,7.842,0.292,0.42315,57.908245,-0.562787,-0.826602,12.941426,21
iho-gulf-of-bothnia,2003,7.3,7.88,7.59,7.54,-0.011,0.229347,62.78759,0.334482,0.942402,11.677191,21
iho-gulf-of-california,2003,24.08,23.97,23.23,23.6,0.212,0.354739,27.3495,-0.931231,-0.364428,12.100261,21
iho-gulf-of-finland,2003,6.89,7.77,7.47,7.5,-0.166,0.33538,61.031815,0.521086,0.853504,10.977348,21
iho-gulf-of-guinea,2003,28.2,27.95,27.75,27.948,0.057,0.144969,2.77271,0.064397,0.997924,13.525242,21
iho-gulf-of-st-lawrence,2003,5.82,5.49,6.0,5.88,-0.102,0.212132,48.66826,-0.878473,0.477793,12.581716,21
iho-gulf-of-thailand,2003,29.17,29.01,28.94,28.91,0.119,0.176068,9.90349,0.977828,-0.209412,12.593929,21
iho-halmahera-sea,2003,28.98,28.98,29.12,29.086,-0.056,0.090244,0.437415,0.774409,-0.632686,11.228075,21
iho-hudson-bay,2003,1.16,0.9,1.26,1.242,-0.138,0.263393,58.60554,-0.997337,0.072937,13.641849,21
iho-hudson-strait,2003,0.07,0.01,0.15,0.164,-0.092,0.164633,61.466505,-0.930268,0.366881,12.213959,21
iho-inner-seas-off-the-west-coast-of-scotland,2003,11.29,11.09,10.84,10.934,0.147,0.222944,56.46592,-0.121627,0.992576,10.70905,21
iho-ionian-sea,2003,20.34,19.81,20.09,20.08,0.015,0.179221,38.47898,0.322653,0.946517,12.053467,21
iho-irish-sea-and-st-george-s-channel,2003,11.96,11.88,11.36,11.692,0.082,0.219672,53.43632,-0.079881,0.996804,10.731206,21
iho-japan-sea,2003,13.5,13.45,13.76,13.592,-0.042,0.108701,42.18206,0.706473,-0.70774,13.879648,21
iho-java-sea,2003,28.92,28.99,28.88,28.848,0.058,0.116516,-5.161905,0.925947,-0.377653,13.236044,21
iho-kara-sea,2003,-0.6,-0.39,0.08,-0.354,-0.003,0.285489,73.75758,0.949378,0.314137,13.726479,21
iho-labrador-sea,2003,4.05,3.35,3.7,3.61,0.099,0.248274,53.9349,-0.795011,0.606595,13.677779,21
iho-laccadive-sea,2003,28.98,28.87,28.81,28.77,0.107,0.153753,7.04053,0.970503,0.241089,13.635995,21
iho-laptev-sea,2003,-0.76,-0.55,-0.81,-0.67,-0.017,0.104115,72.49477,0.718747,-0.695271,13.179195,21
iho-makassar-strait,2003,29.21,29.16,29.22,29.166,0.014,0.066212,-2.133915,0.884652,-0.466253,12.186416,21
iho-malacca-strait,2003,29.43,29.37,29.26,29.254,0.091,0.133357,4.62758,0.986752,-0.162235,12.176829,21
iho-molukka-sea,2003,28.89,28.95,29.11,29.052,-0.072,0.111068,1.29441,0.806409,-0.591359,12.302019,21
iho-mozambique-channel,2003,26.71,26.78,26.82,26.728,0.013,0.078333,-18.652675,0.646908,0.762568,14.13694,21
iho-norwegian-sea,2003,7.37,7.27,6.74,6.978,0.171,0.28195,68.77561,0.033764,0.99943,14.188602,21
iho-persian-gulf,2003,26.97,27.14,27.53,27.194,-0.075,0.280043,27.25814,0.777543,0.62883,12.408351,21
iho-philippine-sea,2003,27.48,27.39,27.71,27.56,-0.058,0.128686,18.90921,0.720574,-0.693378,15.536311,21
iho-sea-of-okhotsk,2003,4.29,4.14,3.73,4.13,-0.0,0.206204,52.970885,0.505452,-0.862855,14.298006,21
iho-skagerrak,2003,10.44,10.67,10.19,10.432,0.021,0.1551,58.491525,0.17484,0.984597,10.380145,21
iho-solomon-sea,2003,29.03,28.98,29.08,29.1,-0.054,0.094021,-8.362475,0.4558,-0.890082,13.512255,21
iho-sulu-sea,2003,28.76,28.75,28.89,28.804,-0.017,0.05004,9.24238,0.860336,-0.509727,12.720177,21
iho-the-coastal-waters-of-southeast-alaska-and-british-columbia,2003,9.89,9.49,9.08,9.352,0.203,0.332349,53.145505,-0.75872,-0.651416,11.748468,21
iho-the-northwestern-passages,2003,-0.85,-0.89,-0.82,-0.83,-0.025,0.046043,72.743745,-0.999893,-0.014615,13.883329,21
iho-timor-sea,2003,28.93,28.91,28.69,28.806,0.044,0.10837,-11.69447,0.798564,-0.60191,12.967616,21
iho-tyrrhenian-sea,2003,19.39,18.65,18.91,18.952,0.077,0.243014,40.88606,0.204983,0.978765,12.28902,21
iho-white-sea,2003,3.25,2.84,3.31,3.194,-0.005,0.343779,66.11883,0.588055,0.808821,11.426851,21
iho-yellow-sea,2003,14.48,14.72,14.95,14.928,-0.213,0.302218,37.10378,0.823032,-0.567996,12.917778,21
indian,2003,18.41,18.42,18.43,18.398,0.015,0.027857,-24.80201,0.985963,0.166965,17.874379,21
med-east,2003,21.47,21.3,21.37,21.364,0.005,0.121918,33.972405,0.388183,0.921582,13.970857,21
med-west,2003,19.46,18.62,18.8,18.936,0.077,0.284717,39.641195,0.108319,0.994116,13.071896,21
north-sea,2003,11.12,11.05,10.53,10.748,0.16,0.288056,55.991155,0.048807,0.998808,13.17933,21
pacific-north,2003,22.7,22.64,22.56,22.55,0.085,0.123612,29.13773,-0.512453,-0.858715,17.983864,21
pacific-south,2003,19.78,19.87,19.78,19.718,0.071,0.118051,-29.29769,-0.812176,-0.583412,18.148866,21
red,2003,28.57,28.56,28.57,28.544,0.002,0.098914,20.302025,0.622928,0.78228,13.012457,21
south-china,2003,28.01,28.05,28.12,28.004,0.027,0.081142,11.16138,0.913678,-0.406438,15.019307,21
southern,2003,-0.85,-0.84,-0.9,-0.906,0.037,0.056071,-72.7774,-0.698579,-0.715533,16.901883,21
tasman,2003,16.25,16.44,16.82,16.584,-0.135,0.236017,-40.43461,0.311587,-0.950217,15.020206,21
arabian,2004,27.85,28.14,28.02,27.934,0.039,0.127844,12.45006,0.892737,0.450579,15.248859,22
arctic,2004,-1.54,-1.59,-1.58,-1.582,0.013,0.022271,80.71087,-0.663278,-0.748373,15.460999,22
atlantic-north,2004,21.58,21.59,21.41,21.482,0.056,0.091082,34.248285,-0.672091,0.740468,17.350575,22
atlantic-south,2004,16.82,16.92,16.82,16.868,-0.011,0.040694,-30.052735,-0.283797,0.958885,17.511694,22
baltic,2004,9.2,8.98,9.88,9.412,-0.117,0.306946,56.751155,0.324147,0.946007,12.295761,22
bengal,2004,28.58,28.71,28.74,28.65,0.016,0.09859,14.952905,0.998516,0.054454,14.60031,22
bering,2004,4.75,5.09,4.64,4.594,0.193,0.324752,58.967385,-0.158169,-0.987412,14.671337,22
black,2004,15.03,15.07,15.78,15.448,-0.191,0.327255,43.712375,0.560251,0.828323,12.953789,22
caribbean,2004,27.95,28.05,27.82,27.838,0.095,0.148782,15.28978,-0.953381,0.301769,14.854371,22
caspian,2004,15.2,15.16,15.1,15.106,0.048,0.068,41.860385,0.771846,0.635809,12.8917,22
coral,2004,26.49,26.55,26.63,26.542,0.009,0.089755,-18.698505,0.380185,-0.92491,15.224138,22
gulf-mexico,2004,26.09,25.96,26.12,26.05,-0.002,0.06,24.262605,-0.999978,-0.00665,14.25895,22
iho-adriatic-sea,2004,18.4,18.84,18.48,18.628,-0.056,0.16857,42.750975,0.274561,0.96157,11.860389,22
iho-aegean-sea,2004,19.68,19.92,20.02,19.886,-0.029,0.144444,38.064275,0.434155,0.900838,12.178673,22
iho-alboran-sea,2004,18.96,19.38,18.7,19.052,-0.003,0.222117,36.00498,-0.059967,0.9982,10.904011,22
iho-andaman-or-burma-sea,2004,28.99,29.02,29.01,28.986,0.026,0.08357,11.345655,0.995242,-0.097431,13.323568,22
iho-arafura-sea,2004,28.09,28.41,28.3,28.216,0.016,0.120266,-10.39485,0.686759,-0.726885,13.831679,22
iho-baffin-bay,2004,-0.36,-0.07,-0.12,-0.182,-0.024,0.098265,76.206255,-0.960545,0.278125,13.18762,22
iho-banda-sea,2004,28.57,28.71,28.71,28.684,-0.027,0.059195,-4.85558,0.793037,-0.609173,13.443201,22
iho-barentsz-sea,2004,2.26,1.71,2.02,2.124,-0.072,0.233974,73.955765,0.603995,0.796988,14.172227,22
iho-bass-strait,2004,15.51,15.9,15.98,16.054,-0.233,0.355786,-39.35622,0.559203,-0.82903,11.637695,22
iho-bay-of-biscay,2004,15.37,15.97,15.34,15.51,0.048,0.237739,45.567995,-0.063151,0.998004,12.067709,22
iho-beaufort-sea,2004,-0.7,-0.98,-1.03,-0.956,0.074,0.130015,72.07828,-0.657818,-0.753177,12.994443,22
iho-bismarck-sea,2004,29.45,29.62,29.4,29.572,-0.064,0.132876,-3.51689,0.531651,-0.846963,12.741831,22
iho-celebes-sea,2004,28.91,28.96,29.05,29.058,-0.077,0.113031,4.320085,0.849589,-0.527446,13.027678,22
iho-celtic-sea,2004,13.35,13.66,13.28,13.274,0.141,0.253819,49.57831,-0.146291,0.989242,12.280984,22
iho-ceram-sea,2004,28.56,28.77,28.73,28.76,-0.072,0.114193,-3.22909,0.747368,-0.66441,11.985275,22
iho-chukchi-sea,2004,0.81,0.49,0.56,0.39,0.189,0.305876,68.851175,-0.125299,-0.992119,12.764697,22
iho-davis-strait,2004,1.66,1.83,1.19,1.408,0.191,0.33855,65.055565,-0.846344,0.532637,13.53112,22
iho-east-siberian-sea,2004,-0.94,-1.12,-0.62,-0.91,-0.027,0.168285,72.69595,0.353866,-0.935296,13.372628,22
iho-eastern-china-sea,2004,22.3,22.27,22.23,22.368,-0.057,0.14716,28.689,0.810496,-0.585744,13.538823,22
iho-english-channel,2004,12.93,13.14,12.97,12.88,0.11,0.198696,49.79585,-0.044076,0.999028,11.310102,22
iho-flores-sea,2004,28.47,28.64,28.74,28.586,0.005,0.110018,-7.10454,0.870955,-0.491364,11.533032,22
iho-great-australian-bight,2004,16.22,16.22,16.15,16.322,-0.091,0.157658,-37.505585,0.733327,-0.679876,14.094371,22
iho-greenland-sea,2004,1.52,1.53,1.34,1.268,0.165,0.248628,73.913585,-0.141862,0.989886,13.994943,22
iho-gulf-of-aden,2004,28.31,28.48,28.71,28.432,0.0,0.167021,12.781685,0.745063,0.666994,12.469715,22
iho-gulf-of-alaska,2004,8.27,8.54,7.98,8.044,0.203,0.327329,57.908245,-0.562787,-0.826602,12.941426,22
iho-gulf-of-bothnia,2004,7.23,7.3,7.88,7.454,-0.037,0.248081,62.78759,0.334482,0.942402,11.677191,22
iho-gulf-of-california,2004,24.21,24.08,23.97,23.784,0.241,0.383646,27.3495,-0.931231,-0.364428,12.100261,22
iho-gulf-of-finland,2004,7.37,6.89,7.77,7.406,-0.09,0.289662,61.031815,0.521086,0.853504,10.977348,22
iho-gulf-of-guinea,2004,28.03,28.2,27.95,27.966,0.071,0.148405,2.77271,0.064397,0.997924,13.525242,22
iho-gulf-of-st-lawrence,2004,5.93,5.82,5.49,5.854,-0.038,0.195816,48.66826,-0.878473,0.477793,12.581716,22
iho-gulf-of-thailand,2004,28.84,29.17,29.01,28.932,0.051,0.158164,9.90349,0.977828,-0.209412,12.593929,22
iho-halmahera-sea,2004,28.91,28.98,28.98,29.038,-0.072,0.105906,0.437415,0.774409,-0.632686,11.228075,22
iho-hudson-bay,2004,0.85,1.16,0.9,1.07,-0.076,0.163463,58.60554,-0.997337,0.072937,13.641849,22
iho-hudson-strait,2004,0.18,0.07,0.01,0.104,0.006,0.059867,61.466505,-0.930268,0.366881,12.213959,22
iho-inner-seas-off-the-west-coast-of-scotland,2004,11.28,11.29,11.09,11.04,0.161,0.235881,56.46592,-0.121627,0.992576,10.70905,22
iho-ionian-sea,2004,19.57,20.34,19.81,19.958,-0.057,0.259338,38.47898,0.322653,0.946517,12.053467,22
iho-irish-sea-and-st-george-s-channel,2004,11.89,11.96,11.88,11.726,0.13,0.23406,53.43632,-0.079881,0.996804,10.731206,22
iho-japan-sea,2004,13.72,13.5,13.45,13.612,-0.008,0.120565,42.18206,0.706473,-0.70774,13.879648,22
iho-java-sea,2004,28.73,28.92,28.99,28.834,0.02,0.125316,-5.161905,0.925947,-0.377653,13.236044,22
iho-kara-sea,2004,-0.18,-0.6,-0.39,-0.25,-0.072,0.229783,73.75758,0.949378,0.314137,13.726479,22
iho-labrador-sea,2004,4.16,4.05,3.35,3.74,0.179,0.32131,53.9349,-0.795011,0.606595,13.677779,22
iho-laccadive-sea,2004,28.77,28.98,28.87,28.81,0.047,0.118491,7.04053,0.970503,0.241089,13.635995,22
iho-laptev-sea,2004,-0.94,-0.76,-0.55,-0.724,-0.071,0.150013,72.49477,0.718747,-0.695271,13.179195,22
iho-makassar-strait,2004,29.01,29.21,29.16,29.128,-0.007,0.08704,-2.133915,0.884652,-0.466253,12.186416,22
iho-malacca-strait,2004,29.34,29.43,29.37,29.3,0.065,0.114018,4.62758,0.986752,-0.162235,12.176829,22
iho-molukka-sea,2004,28.87,28.89,28.95,28.998,-0.082,0.120399,1.29441,0.806409,-0.591359,12.302019,22
iho-mozambique-channel,2004,26.82,26.71,26.78,26.744,0.035,0.086856,-18.652675,0.646908,0.762568,14.13694,22
iho-norwegian-sea,2004,7.39,7.37,7.27,7.098,0.197,0.303275,68.77561,0.033764,0.99943,14.188602,22
iho-persian-gulf,2004,26.88,26.97,27.14,27.07,-0.046,0.253061,27.25814,0.777543,0.62883,12.408351,22
iho-philippine-sea,2004,27.39,27.48,27.39,27.496,-0.047,0.117235,18.90921,0.720574,-0.693378,15.536311,22
iho-sea-of-okhotsk,2004,4.6,4.29,4.14,4.204,0.124,0.281468,52.970885,0.505452,-0.862855,14.298006,22
iho-skagerrak,2004,10.53,10.44,10.67,10.442,0.055,0.159424,58.491525,0.17484,0.984597,10.380145,22
iho-solomon-sea,2004,28.71,29.03,28.98,29.008,-0.111,0.172673,-8.362475,0.4558,-0.890082,13.512255,22
iho-sulu-sea,2004,28.62,28.76,28.75,28.764,-0.049,0.087316,9.24238,0.860336,-0.509727,12.720177,22
iho-the-coastal-waters-of-southeast-alaska-and-british-columbia,2004,10.03,9.89,9.49,9.57,0.215,0.347736,53.145505,-0.75872,-0.651416,11.748468,22
iho-the-northwestern-passages,2004,-0.96,-0.85,-0.89,-0.872,-0.027,0.049558,72.743745,-0.999893,-0.014615,13.883329,22
iho-timor-sea,2004,28.53,28.93,28.91,28.746,-0.004,0.152525,-11.69447,0.798564,-0.60191,12.967616,22
iho-tyrrhenian-sea,2004,18.78,19.39,18.65,18.938,0.012,0.250392,40.88606,0.204983,0.978765,12.28902,22
iho-white-sea,2004,3.99,3.25,2.84,3.428,0.042,0.402711,66.11883,0.588055,0.808821,11.426851,22
iho-yellow-sea,2004,15.15,14.48,14.72,14.894,-0.051,0.263257,37.10378,0.823032,-0.567996,12.917778,22
indian,2004,18.35,18.41,18.42,18.396,-0.006,0.030725,-24.80201,0.985963,0.166965,17.874379,22
med-east,2004,20.96,21.47,21.3,21.254,-0.032,0.176477,33.972405,0.388183,0.921582,13.970857,22
med-west,2004,18.82,19.46,18.62,18.906,0.064,0.287444,39.641195,0.108319,0.994116,13.071896,22
north-sea,2004,10.78,11.12,11.05,10.774,0.137,0.283873,55.991155,0.048807,0.998808,13.17933,22
pacific-north,2004,22.81,22.7,22.64,22.644,0.074,0.105565,29.13773,-0.512453,-0.858715,17.983864,22
pacific-south,2004,19.82,19.78,19.87,19.77,0.044,0.091214,-29.29769,-0.812176,-0.583412,18.148866,22
red,2004,28.27,28.57,28.56,28.466,-0.018,0.126586,20.302025,0.622928,0.78228,13.012457,22
south-china,2004,27.72,28.01,28.05,27.956,-0.043,0.141506,11.16138,0.913678,-0.406438,15.019307,22
southern,2004,-0.87,-0.85,-0.84,-0.886,0.025,0.046733,-72.7774,-0.698579,-0.715533,16.901883,22
tasman,2004,16.14,16.25,16.44,16.436,-0.135,0.236017,-40.43461,0.311587,-0.950217,15.020206,22
arabian,2005,27.86,27.85,28.14,27.948,-0.019,0.114438,12.45006,0.892737,0.450579,15.248859,23
arctic,2005,-1.54,-1.54,-1.59,-1.57,0.016,0.025298,80.71087,-0.663278,-0.748373,15.460999,23
atlantic-north,2005,21.7,21.58,21.59,21.55,0.063,0.100995,34.248285,-0.672091,0.740468,17.350575,23
atlantic-south,2005,16.84,16.82,16.92,16.858,-0.01,0.0402,-30.052735,-0.283797,0.958885,17.511694,23
baltic,2005,9.77,9.2,8.98,9.456,-0.004,0.337793,56.751155,0.324147,0.946007,12.295761,23
bengal,2005,28.68,28.58,28.71,28.688,-0.026,0.057758,14.952905,0.998516,0.054454,14.60031,23
bering,2005,4.7,4.75,5.09,4.7,0.087,0.246008,58.967385,-0.158169,-0.987412,14.671337,23
black,2005,15.12,15.03,15.07,15.336,-0.187,0.324506,43.712375,0.560251,0.828323,12.953789,23
caribbean,2005,28.25,27.95,28.05,27.962,0.115,0.179042,15.28978,-0.953381,0.301769,14.854371,23
caspian,2005,15.26,15.2,15.16,15.156,0.05,0.07088,41.860385,0.771846,0.635809,12.8917,23
coral,2005,26.58,26.49,26.55,26.578,-0.026,0.054918,-18.698505,0.380185,-0.92491,15.224138,23
gulf-mexico,2005,26.03,26.09,25.96,26.04,0.003,0.05831,24.262605,-0.999978,-0.00665,14.25895,23
iho-adriatic-sea,2005,18.33,18.4,18.84,18.538,-0.07,0.18291,42.750975,0.274561,0.96157,11.860389,23
iho-aegean-sea,2005,19.68,19.68,19.92,19.87,-0.108,0.160997,38.064275,0.434155,0.900838,12.178673,23
iho-alboran-sea,2005,18.75,18.96,19.38,18.98,-0.046,0.248435,36.00498,-0.059967,0.9982,10.904011,23
iho-andaman-or-burma-sea,2005,28.97,28.99,29.02,29.014,-0.024,0.037202,11.345655,0.995242,-0.097431,13.323568,23
iho-arafura-sea,2005,28.27,28.09,28.41,28.24,0.007,0.116619,-10.39485,0.686759,-0.726885,13.831679,23
iho-baffin-bay,2005,-0.29,-0.36,-0.07,-0.202,-0.048,0.107592,76.206255,-0.960545,0.278125,13.18762,23
iho-banda-sea,2005,28.81,28.57,28.71,28.708,0.0,0.078077,-4.85558,0.793037,-0.609173,13.443201,23
iho-barentsz-sea,2005,2.44,2.26,1.71,2.148,0.05,0.257791,73.955765,0.603995,0.796988,14.172227,23
iho-bass-strait,2005,15.98,15.51,15.9,15.976,-0.153,0.318785,-39.35622,0.559203,-0.82903,11.637695,23
iho-bay-of-biscay,2005,15.52,15.37,15.97,15.542,0.005,0.225867,45.567995,-0.063151,0.998004,12.067709,23
iho-beaufort-sea,2005,-0.65,-0.7,-0.98,-0.876,0.107,0.165723,72.07828,-0.657818,-0.753177,12.994443,23
iho-bismarck-sea,2005,29.53,29.45,29.62,29.524,-0.013,0.088679,-3.51689,0.531651,-0.846963,12.741831,23
iho-celebes-sea,2005,29.09,28.91,28.96,29.04,-0.034,0.098387,4.320085,0.849589,-0.527446,13.027678,23
iho-celtic-sea,2005,13.54,13.35,13.66,13.408,0.073,0.16726,49.57831,-0.146291,0.989242,12.280984,23
iho-ceram-sea,2005,28.8,28.56,28.77,28.746,-0.031,0.103653,-3.22909,0.747368,-0.66441,11.985275,23
iho-chukchi-sea,2005,0.79,0.81,0.49,0.522,0.191,0.307597,68.851175,-0.125299,-0.992119,12.764697,23
iho-davis-strait,2005,1.68,1.66,1.83,1.568,0.087,0.219217,65.055565,-0.846344,0.532637,13.53112,23
iho-east-siberian-sea,2005,-0.87,-0.94,-1.12,-0.912,-0.004,0.167738,72.69595,0.353866,-0.935296,13.372628,23
iho-eastern-china-sea,2005,22.13,22.3,22.27,22.314,-0.095,0.172812,28.689,0.810496,-0.585744,13.538823,23
iho-english-channel,2005,13.04,12.93,13.14,12.98,0.04,0.107145,49.79585,-0.044076,0.999028,11.310102,23
iho-flores-sea,2005,28.9,28.47,28.64,28.676,0.027,0.141506,-7.10454,0.870955,-0.491364,11.533032,23
iho-great-australian-bight,2005,16.16,16.22,16.22,16.244,-0.055,0.116722,-37.505585,0.733327,-0.679876,14.094371,23
iho-greenland-sea,2005,1.13,1.52,1.53,1.3,0.048,0.216426,73.913585,-0.141862,0.989886,13.994943,23
iho-gulf-of-aden,2005,28.61,28.31,28.48,28.466,0.038,0.181835,12.781685,0.745063,0.666994,12.469715,23
iho-gulf-of-alaska,2005,8.44,8.27,8.54,8.208,0.155,0.275056,57.908245,-0.562787,-0.826602,12.941426,23
iho-gulf-of-bothnia,2005,7.85,7.23,7.3,7.57,-0.013,0.269592,62.78759,0.334482,0.942402,11.677191,23
iho-gulf-of-california,2005,23.94,24.21,24.08,23.886,0.166,0.341444,27.3495,-0.931231,-0.364428,12.100261,23
iho-gulf-of-finland,2005,8.01,7.37,6.89,7.502,0.068,0.380232,61.031815,0.521086,0.853504,10.977348,23
iho-gulf-of-guinea,2005,27.97,28.03,28.2,27.98,0.052,0.144776,2.77271,0.064397,0.997924,13.525242,23
iho-gulf-of-st-lawrence,2005,6.14,5.93,5.82,5.876,0.072,0.219144,48.66826,-0.878473,0.477793,12.581716,23
iho-gulf-of-thailand,2005,29.03,28.84,29.17,28.998,0.001,0.108701,9.90349,0.977828,-0.209412,12.593929,23
iho-halmahera-sea,2005,29.02,28.91,28.98,29.002,-0.027,0.068819,0.437415,0.774409,-0.632686,11.228075,23
iho-hudson-bay,2005,1.77,0.85,1.16,1.188,0.097,0.329205,58.60554,-0.997337,0.072937,13.641849,23
iho-hudson-strait,2005,0.13,0.18,0.07,0.108,0.013,0.060795,61.466505,-0.930268,0.366881,12.213959,23
iho-inner-seas-off-the-west-coast-of-scotland,2005,11.01,11.28,11.29,11.102,0.053,0.169871,56.46592,-0.121627,0.992576,10.70905,23
iho-ionian-sea,2005,19.55,19.57,20.34,19.872,-0.132,0.305051,38.47898,0.322653,0.946517,12.053467,23
iho-irish-sea-and-st-george-s-channel,2005,11.68,11.89,11.96,11.754,0.065,0.217954,53.43632,-0.079881,0.996804,10.731206,23
iho-japan-sea,2005,13.49,13.72,13.5,13.584,-0.027,0.129089,42.18206,0.706473,-0.70774,13.879648,23
iho-java-sea,2005,29.21,28.73,28.92,28.946,0.04,0.157048,-5.161905,0.925947,-0.377653,13.236044,23
iho-kara-sea,2005,-0.02,-0.18,-0.6,-0.222,0.001,0.246933,73.75758,0.949378,0.314137,13.726479,23
iho-labrador-sea,2005,4.21,4.16,4.05,3.894,0.183,0.325122,53.9349,-0.795011,0.606595,13.677779,23
iho-laccadive-sea,2005,28.68,28.77,28.98,28.822,-0.036,0.10028,7.04053,0.970503,0.241089,13.635995,23
iho-laptev-sea,2005,-0.58,-0.94,-0.76,-0.728,0.007,0.145794,72.49477,0.718747,-0.695271,13.179195,23
iho-makassar-strait,2005,29.38,29.01,29.21,29.196,0.017,0.11876,-2.133915,0.884652,-0.466253,12.186416,23
iho-malacca-strait,2005,29.41,29.34,29.43,29.362,0.027,0.0598,4.62758,0.986752,-0.162235,12.176829,23
iho-molukka-sea,2005,29.01,28.87,28.89,28.966,-0.028,0.087086,1.29441,0.806409,-0.591359,12.302019,23
iho-mozambique-channel,2005,26.94,26.82,26.71,26.814,0.028,0.074726,-18.652675,0.646908,0.762568,14.13694,23
iho-norwegian-sea,2005,7.04,7.39,7.37,7.162,0.072,0.2449,68.77561,0.033764,0.99943,14.188602,23
iho-persian-gulf,2005,27.04,26.88,26.97,27.112,-0.124,0.22569,27.25814,0.777543,0.62883,12.408351,23
iho-philippine-sea,2005,27.41,27.39,27.48,27.476,-0.06,0.121589,18.90921,0.720574,-0.693378,15.536311,23
iho-sea-of-okhotsk,2005,4.89,4.6,4.29,4.33,0.278,0.39603,52.970885,0.505452,-0.862855,14.298006,23
iho-skagerrak,2005,10.55,10.53,10.44,10.476,0.058,0.160698,58.491525,0.17484,0.984597,10.380145,23
iho-solomon-sea,2005,29.01,28.71,29.03,28.962,-0.041,0.130138,-8.362475,0.4558,-0.890082,13.512255,23
iho-sulu-sea,2005,28.82,28.62,28.76,28.768,-0.027,0.089308,9.24238,0.860336,-0.509727,12.720177,23
iho-the-coastal-waters-of-southeast-alaska-and-british-columbia,2005,9.97,10.03,9.89,9.692,0.232,0.359466,53.145505,-0.75872,-0.651416,11.748468,23
iho-the-northwestern-passages,2005,-0.79,-0.96,-0.85,-0.862,-0.001,0.059127,72.743745,-0.999893,-0.014615,13.883329,23
iho-timor-sea,2005,28.87,28.53,28.93,28.786,-0.002,0.153571,-11.69447,0.798564,-0.60191,12.967616,23
iho-tyrrhenian-sea,2005,18.82,18.78,19.39,18.91,-0.005,0.254165,40.88606,0.204983,0.978765,12.28902,23
iho-white-sea,2005,4.2,3.99,3.25,3.518,0.293,0.50253,66.11883,0.588055,0.808821,11.426851,23
iho-yellow-sea,2005,14.5,15.15,14.48,14.76,-0.047,0.259152,37.10378,0.823032,-0.567996,12.917778,23
indian,2005,18.32,18.35,18.41,18.386,-0.029,0.043174,-24.80201,0.985963,0.166965,17.874379,23
med-east,2005,21.09,20.96,21.47,21.238,-0.09,0.186698,33.972405,0.388183,0.921582,13.970857,23
med-west,2005,18.9,18.82,19.46,18.92,0.04,0.285096,39.641195,0.108319,0.994116,13.071896,23
north-sea,2005,10.58,10.78,11.12,10.812,-0.017,0.239115,55.991155,0.048807,0.998808,13.17933,23
pacific-north,2005,22.73,22.81,22.7,22.688,0.051,0.084238,29.13773,-0.512453,-0.858715,17.983864,23
pacific-south,2005,19.76,19.82,19.78,19.802,-0.009,0.039192,-29.29769,-0.812176,-0.583412,18.148866,23
red,2005,28.48,28.27,28.57,28.49,-0.047,0.115065,20.302025,0.622928,0.78228,13.012457,23
south-china,2005,27.82,27.72,28.01,27.944,-0.093,0.149746,11.16138,0.913678,-0.406438,15.019307,23
southern,2005,-0.88,-0.87,-0.85,-0.868,0.001,0.021354,-72.7774,-0.698579,-0.715533,16.901883,23
tasman,2005,16.5,16.14,16.25,16.43,-0.094,0.233923,-40.43461,0.311587,-0.950217,15.020206,23
arabian,2006,27.96,27.86,27.85,27.966,-0.04,0.107629,12.45006,0.892737,0.450579,15.248859,24
arctic,2006,-1.56,-1.54,-1.54,-1.562,0.009,0.020396,80.71087,-0.663278,-0.748373,15.460999,24
atlantic-north,2006,21.66,21.7,21.58,21.588,0.061,0.099479,34.248285,-0.672091,0.740468,17.350575,24
atlantic-south,2006,16.93,16.84,16.82,16.866,0.014,0.048826,-30.052735,-0.283797,0.958885,17.511694,24
baltic,2006,9.66,9.77,9.2,9.498,0.035,0.347356,56.751155,0.324147,0.946007,12.295761,24
bengal,2006,28.62,28.68,28.58,28.666,-0.027,0.058515,14.952905,0.998516,0.054454,14.60031,24
bering,2006,4.43,4.7,4.75,4.722,-0.081,0.21386,58.967385,-0.158169,-0.987412,14.671337,24
black,2006,15.11,15.12,15.03,15.222,-0.129,0.280813,43.712375,0.560251,0.828323,12.953789,24
caribbean,2006,28.02,28.25,27.95,28.018,0.06,0.140485,15.28978,-0.953381,0.301769,14.854371,24
caspian,2006,15.36,15.26,15.2,15.216,0.062,0.088904,41.860385,0.771846,0.635809,12.8917,24
coral,2006,26.36,26.58,26.49,26.522,-0.051,0.092822,-18.698505,0.380185,-0.92491,15.224138,24
gulf-mexico,2006,26.18,26.03,26.09,26.076,0.019,0.075525,24.262605,-0.999978,-0.00665,14.25895,24
iho-adriatic-sea,2006,18.51,18.33,18.4,18.512,-0.045,0.175659,42.750975,0.274561,0.96157,11.860389,24
iho-aegean-sea,2006,19.62,19.68,19.68,19.784,-0.104,0.156665,38.064275,0.434155,0.900838,12.178673,24
iho-alboran-sea,2006,19.2,18.75,18.96,18.998,0.037,0.260185,36.00498,-0.059967,0.9982,10.904011,24
iho-andaman-or-burma-sea,2006,28.9,28.97,28.99,28.978,-0.027,0.042615,11.345655,0.995242,-0.097431,13.323568,24
iho-arafura-sea,2006,27.94,28.27,28.09,28.202,-0.086,0.166541,-10.39485,0.686759,-0.726885,13.831679,24
iho-baffin-bay,2006,-0.08,-0.29,-0.36,-0.184,-0.014,0.118423,76.206255,-0.960545,0.278125,13.18762,24
iho-banda-sea,2006,28.43,28.81,28.57,28.646,-0.046,0.132303,-4.85558,0.793037,-0.609173,13.443201,24
iho-barentsz-sea,2006,2.6,2.44,2.26,2.206,0.189,0.314172,73.955765,0.603995,0.796988,14.172227,24
iho-bass-strait,2006,15.52,15.98,15.51,15.778,-0.084,0.216739,-39.35622,0.559203,-0.82903,11.637695,24
iho-bay-of-biscay,2006,15.97,15.52,15.37,15.634,0.081,0.281041,45.567995,-0.063151,0.998004,12.067709,24
iho-beaufort-sea,2006,-0.72,-0.65,-0.7,-0.816,0.095,0.156793,72.07828,-0.657818,-0.753177,12.994443,24
iho-bismarck-sea,2006,29.48,29.53,29.45,29.496,0.007,0.074993,-3.51689,0.531651,-0.846963,12.741831,24
iho-celebes-sea,2006,29.05,29.09,28.91,29.012,0.013,0.066453,4.320085,0.849589,-0.527446,13.027678,24
iho-celtic-sea,2006,13.64,13.54,13.35,13.494,0.06,0.15331,49.57831,-0.146291,0.989242,12.280984,24
iho-ceram-sea,2006,28.53,28.8,28.56,28.678,-0.037,0.111247,-3.22909,0.747368,-0.66441,11.985275,24
iho-chukchi-sea,2006,0.26,0.79,0.81,0.582,-0.03,0.203902,68.851175,-0.125299,-0.992119,12.764697,24
iho-davis-strait,2006,1.83,1.68,1.66,1.638,0.113,0.235236,65.055565,-0.846344,0.532637,13.53112,24
iho-east-siberian-sea,2006,-0.95,-0.87,-0.94,-0.9,-0.041,0.162358,72.69595,0.353866,-0.935296,13.372628,24
iho-eastern-china-sea,2006,22.5,22.13,22.3,22.286,0.04,0.121425,28.689,0.810496,-0.585744,13.538823,24
iho-english-channel,2006,13.21,13.04,12.93,13.058,0.038,0.104192,49.79585,-0.044076,0.999028,11.310102,24
iho-flores-sea,2006,28.36,28.9,28.47,28.622,-0.05,0.191458,-7.10454,0.870955,-0.491364,11.533032,24
iho-great-australian-bight,2006,16.15,16.16,16.22,16.18,-0.006,0.032863,-37.505585,0.733327,-0.679876,14.094371,24
iho-greenland-sea,2006,1.29,1.13,1.52,1.362,-0.05,0.15012,73.913585,-0.141862,0.989886,13.994943,24
iho-gulf-of-aden,2006,28.35,28.61,28.31,28.492,-0.059,0.151578,12.781685,0.745063,0.666994,12.469715,24
iho-gulf-of-alaska,2006,7.56,8.44,8.27,8.158,-0.094,0.354198,57.908245,-0.562787,-0.826602,12.941426,24
iho-gulf-of-bothnia,2006,7.91,7.85,7.23,7.634,0.061,0.302695,62.78759,0.334482,0.942402,11.677191,24
iho-gulf-of-california,2006,24.12,23.94,24.21,24.064,0.016,0.098914,27.3495,-0.931231,-0.364428,12.100261,24
iho-gulf-of-finland,2006,7.63,8.01,7.37,7.534,0.084,0.382915,61.031815,0.521086,0.853504,10.977348,24
iho-gulf-of-guinea,2006,28.05,27.97,28.03,28.04,-0.003,0.088091,2.77271,0.064397,0.997924,13.525242,24
iho-gulf-of-st-lawrence,2006,6.45,6.14,5.93,5.966,0.224,0.320537,48.66826,-0.878473,0.477793,12.581716,24
iho-gulf-of-thailand,2006,29.0,29.03,28.84,29.01,-0.016,0.104881,9.90349,0.977828,-0.209412,12.593929,24
iho-halmahera-sea,2006,28.91,29.02,28.91,28.96,-0.01,0.043359,0.437415,0.774409,-0.632686,11.228075,24
iho-hudson-bay,2006,1.68,1.77,0.85,1.272,0.217,0.385611,58.60554,-0.997337,0.072937,13.641849,24
iho-hudson-strait,2006,0.45,0.13,0.18,0.168,0.094,0.152105,61.466505,-0.930268,0.366881,12.213959,24
iho-inner-seas-off-the-west-coast-of-scotland,2006,11.2,11.01,11.28,11.174,-0.006,0.108922,56.46592,-0.121627,0.992576,10.70905,24
iho-ionian-sea,2006,19.93,19.55,19.57,19.84,-0.055,0.288444,38.47898,0.322653,0.946517,12.053467,24
iho-irish-sea-and-st-george-s-channel,2006,11.86,11.68,11.89,11.854,-0.032,0.093295,53.43632,-0.079881,0.996804,10.731206,24
iho-japan-sea,2006,13.33,13.49,13.72,13.498,-0.025,0.126396,42.18206,0.706473,-0.70774,13.879648,24
iho-java-sea,2006,28.79,29.21,28.73,28.928,-0.011,0.168333,-5.161905,0.925947,-0.377653,13.236044,24
iho-kara-sea,2006,-0.1,-0.02,-0.18,-0.258,0.116,0.210751,73.75758,0.949378,0.314137,13.726479,24
iho-labrador-sea,2006,4.36,4.21,4.16,4.026,0.218,0.352398,53.9349,-0.795011,0.606595,13.677779,24
iho-laccadive-sea,2006,28.78,28.68,28.77,28.816,-0.048,0.101705,7.04053,0.970503,0.241089,13.635995,24
iho-laptev-sea,2006,-0.63,-0.58,-0.94,-0.692,0.002,0.143304,72.49477,0.718747,-0.695271,13.179195,24
iho-makassar-strait,2006,29.08,29.38,29.01,29.168,0.001,0.126079,-2.133915,0.884652,-0.466253,12.186416,24
iho-malacca-strait,2006,29.34,29.41,29.34,29.378,-0.008,0.036551,4.62758,0.986752,-0.162235,12.176829,24
iho-molukka-sea,2006,28.89,29.01,28.87,28.922,0.0,0.051536,1.29441,0.806409,-0.591359,12.302019,24
iho-mozambique-channel,2006,26.83,26.94,26.82,26.816,0.033,0.074993,-18.652675,0.646908,0.762568,14.13694,24
iho-norwegian-sea,2006,7.25,7.04,7.39,7.264,-0.037,0.124515,68.77561,0.033764,0.99943,14.188602,24
iho-persian-gulf,2006,27.41,27.04,26.88,27.088,0.061,0.182143,27.25814,0.777543,0.62883,12.408351,24
iho-philippine-sea,2006,27.51,27.41,27.39,27.436,0.017,0.049639,18.90921,0.720574,-0.693378,15.536311,24
iho-sea-of-okhotsk,2006,4.6,4.89,4.6,4.504,0.152,0.262952,52.970885,0.505452,-0.862855,14.298006,24
iho-skagerrak,2006,10.84,10.55,10.53,10.606,0.045,0.138072,58.491525,0.17484,0.984597,10.380145,24
iho-solomon-sea,2006,28.84,29.01,28.71,28.914,-0.03,0.121754,-8.362475,0.4558,-0.890082,13.512255,24
iho-sulu-sea,2006,28.89,28.82,28.62,28.768,0.034,0.089308,9.24238,0.860336,-0.509727,12.720177,24
iho-the-coastal-waters-of-southeast-alaska-and-british-columbia,2006,9.33,9.97,10.03,9.742,-0.024,0.279313,53.145505,-0.75872,-0.651416,11.748468,24
iho-the-northwestern-passages,2006,-0.59,-0.79,-0.96,-0.816,0.066,0.125793,72.743745,-0.999893,-0.014615,13.883329,24
iho-timor-sea,2006,28.37,28.87,28.53,28.722,-0.114,0.228596,-11.69447,0.798564,-0.60191,12.967616,24
iho-tyrrhenian-sea,2006,19.1,18.82,18.78,18.948,0.033,0.265285,40.88606,0.204983,0.978765,12.28902,24
iho-white-sea,2006,4.44,4.2,3.99,3.744,0.415,0.602349,66.11883,0.588055,0.808821,11.426851,24
iho-yellow-sea,2006,14.69,14.5,15.15,14.708,-0.004,0.24128,37.10378,0.823032,-0.567996,12.917778,24
indian,2006,18.36,18.32,18.35,18.372,-0.021,0.03763,-24.80201,0.985963,0.166965,17.874379,24
med-east,2006,21.38,21.09,20.96,21.24,-0.022,0.188149,33.972405,0.388183,0.921582,13.970857,24
med-west,2006,19.21,18.9,18.82,19.002,0.062,0.297483,39.641195,0.108319,0.994116,13.071896,24
north-sea,2006,11.07,10.58,10.78,10.92,-0.05,0.207171,55.991155,0.048807,0.998808,13.17933,24
pacific-north,2006,22.63,22.73,22.81,22.702,0.001,0.065544,29.13773,-0.512453,-0.858715,17.983864,24
pacific-south,2006,19.82,19.76,19.82,19.81,-0.012,0.037947,-29.29769,-0.812176,-0.583412,18.148866,24
red,2006,28.52,28.48,28.27,28.48,-0.017,0.109727,20.302025,0.622928,0.78228,13.012457,24
south-china,2006,27.95,27.82,27.72,27.91,-0.039,0.122801,11.16138,0.913678,-0.406438,15.019307,24
southern,2006,-0.85,-0.88,-0.87,-0.858,-0.005,0.014697,-72.7774,-0.698579,-0.715533,16.901883,24
tasman,2006,16.24,16.5,16.14,16.314,-0.015,0.134402,-40.43461,0.311587,-0.950217,15.020206,24
arabian,2007,28.04,27.96,27.86,27.97,-0.009,0.109909,12.45006,0.892737,0.450579,15.248859,25
arctic,2007,-1.41,-1.56,-1.54,-1.528,0.034,0.061774,80.71087,-0.663278,-0.748373,15.460999,25
atlantic-north,2007,21.57,21.66,21.7,21.62,0.004,0.05099,34.248285,-0.672091,0.740468,17.350575,25
atlantic-south,2007,16.84,16.93,16.84,16.87,-0.005,0.045607,-30.052735,-0.283797,0.958885,17.511694,25
baltic,2007,9.61,9.66,9.77,9.444,0.172,0.301768,56.751155,0.324147,0.946007,12.295761,25
bengal,2007,28.55,28.62,28.68,28.628,-0.028,0.0598,14.952905,0.998516,0.054454,14.60031,25
bering,2007,4.4,4.43,4.7,4.674,-0.17,0.250647,58.967385,-0.158169,-0.987412,14.671337,25
black,2007,15.52,15.11,15.12,15.17,0.098,0.177876,43.712375,0.560251,0.828323,12.953789,25
caribbean,2007,28.02,28.02,28.25,28.058,0.001,0.101469,15.28978,-0.953381,0.301769,14.854371,25
caspian,2007,15.39,15.36,15.26,15.274,0.062,0.088904,41.860385,0.771846,0.635809,12.8917,25
coral,2007,26.55,26.36,26.58,26.506,-0.013,0.078638,-18.698505,0.380185,-0.92491,15.224138,25
gulf-mexico,2007,25.99,26.18,26.03,26.05,0.015,0.07823,24.262605,-0.999978,-0.00665,14.25895,25
iho-adriatic-sea,2007,18.63,18.51,18.33,18.542,-0.031,0.180377,42.750975,0.274561,0.96157,11.860389,25
iho-aegean-sea,2007,19.82,19.62,19.68,19.744,-0.026,0.109836,38.064275,0.434155,0.900838,12.178673,25
iho-alboran-sea,2007,19.08,19.2,18.75,19.074,-0.036,0.213317,36.00498,-0.059967,0.9982,10.904011,25
iho-andaman-or-burma-sea,2007,29.01,28.9,28.97,28.978,-0.011,0.042615,11.345655,0.995242,-0.097431,13.323568,25
iho-arafura-sea,2007,28.12,27.94,28.27,28.166,-0.073,0.160823,-10.39485,0.686759,-0.726885,13.831679,25
iho-baffin-bay,2007,-0.2,-0.08,-0.29,-0.2,0.002,0.114018,76.206255,-0.960545,0.278125,13.18762,25
iho-banda-sea,2007,28.62,28.43,28.81,28.628,-0.032,0.128437,-4.85558,0.793037,-0.609173,13.443201,25
iho-barentsz-sea,2007,2.63,2.6,2.44,2.328,0.218,0.33594,73.955765,0.603995,0.796988,14.172227,25
iho-bass-strait,2007,16.1,15.52,15.98,15.802,0.041,0.24285,-39.35622,0.559203,-0.82903,11.637695,25
iho-bay-of-biscay,2007,15.72,15.97,15.52,15.71,0.01,0.239583,45.567995,-0.063151,0.998004,12.067709,25
iho-beaufort-sea,2007,-0.17,-0.72,-0.65,-0.644,0.16,0.263257,72.07828,-0.657818,-0.753177,12.994443,25
iho-bismarck-sea,2007,29.62,29.48,29.53,29.54,0.003,0.070143,-3.51689,0.531651,-0.846963,12.741831,25
iho-celebes-sea,2007,29.02,29.05,29.09,29.006,0.026,0.064062,4.320085,0.849589,-0.527446,13.027678,25
iho-celtic-sea,2007,13.72,13.64,13.54,13.582,0.041,0.129677,49.57831,-0.146291,0.989242,12.280984,25
iho-ceram-sea,2007,28.74,28.53,28.8,28.68,-0.009,0.11225,-3.22909,0.747368,-0.66441,11.985275,25
iho-chukchi-sea,2007,1.14,0.26,0.79,0.698,0.075,0.300493,68.851175,-0.125299,-0.992119,12.764697,25
iho-davis-strait,2007,1.47,1.83,1.68,1.694,-0.055,0.133056,65.055565,-0.846344,0.532637,13.53112,25
iho-east-siberian-sea,2007,-0.59,-0.95,-0.87,-0.894,0.105,0.172812,72.69595,0.353866,-0.935296,13.372628,25
iho-eastern-china-sea,2007,22.46,22.5,22.13,22.332,0.058,0.134373,28.689,0.810496,-0.585744,13.538823,25
iho-english-channel,2007,13.59,13.21,13.04,13.182,0.118,0.224802,49.79585,-0.044076,0.999028,11.310102,25
iho-flores-sea,2007,28.54,28.36,28.9,28.582,-0.031,0.183347,-7.10454,0.870955,-0.491364,11.533032,25
iho-great-australian-bight,2007,16.47,16.15,16.16,16.244,0.043,0.116722,-37.505585,0.733327,-0.679876,14.094371,25
iho-greenland-sea,2007,1.14,1.29,1.13,1.322,-0.101,0.175203,73.913585,-0.141862,0.989886,13.994943,25
iho-gulf-of-aden,2007,28.33,28.35,28.61,28.416,-0.026,0.113772,12.781685,0.745063,0.666994,12.469715,25
iho-gulf-of-alaska,2007,7.22,7.56,8.44,8.006,-0.335,0.521521,57.908245,-0.562787,-0.826602,12.941426,25
iho-gulf-of-bothnia,2007,8.03,7.91,7.85,7.664,0.214,0.331638,62.78759,0.334482,0.942402,11.677191,25
iho-gulf-of-california,2007,23.79,24.12,23.94,24.028,-0.067,0.147431,27.3495,-0.931231,-0.364428,12.100261,25
iho-gulf-of-finland,2007,8.05,7.63,8.01,7.59,0.258,0.430813,61.031815,0.521086,0.853504,10.977348,25
iho-gulf-of-guinea,2007,28.08,28.05,27.97,28.066,-0.022,0.076053,2.77271,0.064397,0.997924,13.525242,25
iho-gulf-of-st-lawrence,2007,5.95,6.45,6.14,6.058,0.078,0.221396,48.66826,-0.878473,0.477793,12.581716,25
iho-gulf-of-thailand,2007,29.02,29.0,29.03,29.012,-0.014,0.104957,9.90349,0.977828,-0.209412,12.593929,25
iho-halmahera-sea,2007,29.08,28.91,29.02,28.98,0.02,0.065422,0.437415,0.774409,-0.632686,11.228075,25
iho-hudson-bay,2007,1.19,1.68,1.77,1.33,0.089,0.344964,58.60554,-0.997337,0.072937,13.641849,25
iho-hudson-strait,2007,-0.06,0.45,0.13,0.154,0.001,0.168357,61.466505,-0.930268,0.366881,12.213959,25
iho-inner-seas-off-the-west-coast-of-scotland,2007,11.16,11.2,11.01,11.188,-0.034,0.101469,56.46592,-0.121627,0.992576,10.70905,25
iho-ionian-sea,2007,19.94,19.93,19.55,19.866,-0.044,0.29042,38.47898,0.322653,0.946517,12.053467,25
iho-irish-sea-and-st-george-s-channel,2007,12.03,11.86,11.68,11.884,0.011,0.117745,53.43632,-0.079881,0.996804,10.731206,25
iho-japan-sea,2007,13.73,13.33,13.49,13.554,0.007,0.152132,42.18206,0.706473,-0.70774,13.879648,25
iho-java-sea,2007,28.74,28.79,29.21,28.878,-0.03,0.179265,-5.161905,0.925947,-0.377653,13.236044,25
iho-kara-sea,2007,-0.02,-0.1,-0.02,-0.184,0.124,0.216296,73.75758,0.949378,0.314137,13.726479,25
iho-labrador-sea,2007,4.04,4.36,4.21,4.164,0.018,0.117405,53.9349,-0.795011,0.606595,13.677779,25
iho-laccadive-sea,2007,28.75,28.78,28.68,28.792,-0.045,0.10028,7.04053,0.970503,0.241089,13.635995,25
iho-laptev-sea,2007,-0.57,-0.63,-0.58,-0.696,0.069,0.139513,72.49477,0.718747,-0.695271,13.179195,25
iho-makassar-strait,2007,29.07,29.08,29.38,29.15,-0.021,0.132212,-2.133915,0.884652,-0.466253,12.186416,25
iho-malacca-strait,2007,29.2,29.34,29.41,29.344,-0.046,0.080647,4.62758,0.986752,-0.162235,12.176829,25
iho-molukka-sea,2007,29.0,28.89,29.01,28.932,0.024,0.060133,1.29441,0.806409,-0.591359,12.302019,25
iho-mozambique-channel,2007,27.01,26.83,26.94,26.862,0.061,0.103808,-18.652675,0.646908,0.762568,14.13694,25
iho-norwegian-sea,2007,7.17,7.25,7.04,7.244,-0.054,0.129861,68.77561,0.033764,0.99943,14.188602,25
iho-persian-gulf,2007,27.05,27.41,27.04,27.07,0.069,0.180555,27.25814,0.777543,0.62883,12.408351,25
iho-philippine-sea,2007,27.55,27.51,27.41,27.468,0.026,0.060133,18.90921,0.720574,-0.693378,15.536311,25
iho-sea-of-okhotsk,2007,4.65,4.6,4.89,4.606,0.072,0.19106,52.970885,0.505452,-0.862855,14.298006,25
iho-skagerrak,2007,10.8,10.84,10.55,10.632,0.103,0.158417,58.491525,0.17484,0.984597,10.380145,25
iho-solomon-sea,2007,29.11,28.84,29.01,28.94,0.029,0.144776,-8.362475,0.4558,-0.890082,13.512255,25
iho-sulu-sea,2007,28.74,28.89,28.82,28.766,0.023,0.0898,9.24238,0.860336,-0.509727,12.720177,25
iho-the-coastal-waters-of-southeast-alaska-and-british-columbia,2007,9.14,9.33,9.97,9.672,-0.22,0.364549,53.145505,-0.75872,-0.651416,11.748468,25
iho-the-northwestern-passages,2007,-0.58,-0.59,-0.79,-0.754,0.091,0.148405,72.743745,-0.999893,-0.014615,13.883329,25
iho-timor-sea,2007,28.62,28.37,28.87,28.664,-0.078,0.209533,-11.69447,0.798564,-0.60191,12.967616,25
iho-tyrrhenian-sea,2007,18.94,19.1,18.82,19.006,-0.058,0.221955,40.88606,0.204983,0.978765,12.28902,25
iho-white-sea,2007,4.11,4.44,4.2,3.998,0.217,0.402065,66.11883,0.588055,0.808821,11.426851,25
iho-yellow-sea,2007,14.96,14.69,14.5,14.756,0.05,0.261885,37.10378,0.823032,-0.567996,12.917778,25
indian,2007,18.41,18.36,18.32,18.37,0.001,0.035214,-24.80201,0.985963,0.166965,17.874379,25
med-east,2007,21.34,21.38,21.09,21.248,0.016,0.191353,33.972405,0.388183,0.921582,13.970857,25
med-west,2007,18.8,19.21,18.9,19.038,-0.093,0.257247,39.641195,0.108319,0.994116,13.071896,25
north-sea,2007,11.02,11.07,10.58,10.914,0.009,0.203725,55.991155,0.048807,0.998808,13.17933,25
pacific-north,2007,22.51,22.63,22.73,22.676,-0.056,0.101114,29.13773,-0.512453,-0.858715,17.983864,25
pacific-south,2007,19.62,19.82,19.76,19.76,-0.032,0.073756,-29.29769,-0.812176,-0.583412,18.148866,25
red,2007,28.25,28.52,28.48,28.418,-0.039,0.132272,20.302025,0.622928,0.78228,13.012457,25
south-china,2007,27.92,27.95,27.82,27.884,0.005,0.102489,11.16138,0.913678,-0.406438,15.019307,25
southern,2007,-0.96,-0.85,-0.88,-0.882,-0.02,0.040694,-72.7774,-0.698579,-0.715533,16.901883,25
tasman,2007,16.46,16.24,16.5,16.318,0.052,0.138333,-40.43461,0.311587,-0.950217,15.020206,25
arabian,2008,27.78,28.04,27.96,27.898,0.004,0.091302,12.45006,0.892737,0.450579,15.248859,26
arctic,2008,-1.49,-1.41,-1.56,-1.508,0.023,0.054185,80.71087,-0.663278,-0.748373,15.460999,26
atlantic-north,2008,21.62,21.57,21.66,21.626,-0.005,0.048826,34.248285,-0.672091,0.740468,17.350575,26
atlantic-south,2008,16.89,16.84,16.93,16.864,0.014,0.040299,-30.052735,-0.283797,0.958885,17.511694,26
baltic,2008,10.1,9.61,9.66,9.668,0.164,0.289648,56.751155,0.324147,0.946007,12.295761,26
bengal,2008,28.57,28.55,28.62,28.6,-0.015,0.046043,14.952905,0.998516,0.054454,14.60031,26
bering,2008,4.26,4.4,4.43,4.508,-0.128,0.186912,58.967385,-0.158169,-0.987412,14.671337,26
black,2008,15.6,15.52,15.11,15.276,0.154,0.235338,43.712375,0.560251,0.828323,12.953789,26
caribbean,2008,27.86,28.02,28.02,28.02,-0.041,0.129151,15.28978,-0.953381,0.301769,14.854371,26
caspian,2008,15.42,15.39,15.36,15.326,0.057,0.082849,41.860385,0.771846,0.635809,12.8917,26
coral,2008,26.57,26.55,26.36,26.51,0.013,0.08124,-18.698505,0.380185,-0.92491,15.224138,26
gulf-mexico,2008,25.91,25.99,26.18,26.04,-0.04,0.091214,24.262605,-0.999978,-0.00665,14.25895,26
iho-adriatic-sea,2008,18.39,18.63,18.51,18.452,0.028,0.106283,42.750975,0.274561,0.96157,11.860389,26
iho-aegean-sea,2008,19.54,19.82,19.62,19.668,-0.014,0.091739,38.064275,0.434155,0.900838,12.178673,26
iho-alboran-sea,2008,18.94,19.08,19.2,18.986,0.029,0.150413,36.00498,-0.059967,0.9982,10.904011,26
iho-andaman-or-burma-sea,2008,28.72,29.01,28.9,28.918,-0.05,0.105717,11.345655,0.995242,-0.097431,13.323568,26
iho-arafura-sea,2008,28.19,28.12,27.94,28.122,0.005,0.110164,-10.39485,0.686759,-0.726885,13.831679,26
iho-baffin-bay,2008,-0.17,-0.2,-0.08,-0.22,0.047,0.096954,76.206255,-0.960545,0.278125,13.18762,26
iho-banda-sea,2008,28.56,28.62,28.43,28.598,-0.021,0.123191,-4.85558,0.793037,-0.609173,13.443201,26
iho-barentsz-sea,2008,2.39,2.63,2.6,2.464,0.045,0.136909,73.955765,0.603995,0.796988,14.172227,26
iho-bass-strait,2008,15.76,16.1,15.52,15.774,0.062,0.237958,-39.35622,0.559203,-0.82903,11.637695,26
iho-bay-of-biscay,2008,15.54,15.72,15.97,15.624,0.054,0.205582,45.567995,-0.063151,0.998004,12.067709,26
iho-beaufort-sea,2008,0.06,-0.17,-0.72,-0.436,0.2,0.320287,72.07828,-0.657818,-0.753177,12.994443,26
iho-bismarck-sea,2008,29.49,29.62,29.48,29.514,0.017,0.058856,-3.51689,0.531651,-0.846963,12.741831,26
iho-celebes-sea,2008,29.02,29.02,29.05,29.018,0.015,0.0598,4.320085,0.849589,-0.527446,13.027678,26
iho-celtic-sea,2008,13.23,13.72,13.64,13.496,-0.006,0.181615,49.57831,-0.146291,0.989242,12.280984,26
iho-ceram-sea,2008,28.79,28.74,28.53,28.684,0.04,0.115689,-3.22909,0.747368,-0.66441,11.985275,26
iho-chukchi-sea,2008,0.37,1.14,0.26,0.674,-0.053,0.320287,68.851175,-0.125299,-0.992119,12.764697,26
iho-davis-strait,2008,1.36,1.47,1.83,1.6,-0.081,0.165771,65.055565,-0.846344,0.532637,13.53112,26
iho-east-siberian-sea,2008,-0.85,-0.59,-0.95,-0.84,0.046,0.130843,72.69595,0.353866,-0.935296,13.372628,26
iho-eastern-china-sea,2008,22.23,22.46,22.5,22.324,0.019,0.138939,28.689,0.810496,-0.585744,13.538823,26
iho-english-channel,2008,12.98,13.59,13.21,13.15,0.065,0.239416,49.79585,-0.044076,0.999028,11.310102,26
iho-flores-sea,2008,28.33,28.54,28.36,28.52,-0.064,0.20445,-7.10454,0.870955,-0.491364,11.533032,26
iho-great-australian-bight,2008,16.46,16.47,16.15,16.292,0.079,0.143304,-37.505585,0.733327,-0.679876,14.094371,26
iho-greenland-sea,2008,1.23,1.14,1.29,1.262,-0.057,0.141901,73.913585,-0.141862,0.989886,13.994943,26
iho-gulf-of-aden,2008,28.1,28.33,28.35,28.34,-0.07,0.162234,12.781685,0.745063,0.666994,12.469715,26
iho-gulf-of-alaska,2008,7.09,7.22,7.56,7.716,-0.358,0.546502,57.908245,-0.562787,-0.826602,12.941426,26
iho-gulf-of-bothnia,2008,8.73,8.03,7.91,7.95,0.318,0.478498,62.78759,0.334482,0.942402,11.677191,26
iho-gulf-of-california,2008,23.66,23.79,24.12,23.944,-0.125,0.203037,27.3495,-0.931231,-0.364428,12.100261,26
iho-gulf-of-finland,2008,8.04,8.05,7.63,7.82,0.138,0.274226,61.031815,0.521086,0.853504,10.977348,26
iho-gulf-of-guinea,2008,28.11,28.08,28.05,28.048,0.027,0.047497,2.77271,0.064397,0.997924,13.525242,26
iho-gulf-of-st-lawrence,2008,6.45,5.95,6.45,6.184,0.085,0.229225,48.66826,-0.878473,0.477793,12.581716,26
iho-gulf-of-thailand,2008,28.74,29.02,29.0,28.926,-0.021,0.115862,9.90349,0.977828,-0.209412,12.593929,26
iho-halmahera-sea,2008,29.12,29.08,28.91,29.008,0.048,0.086116,0.437415,0.774409,-0.632686,11.228075,26
iho-hudson-bay,2008,1.37,1.19,1.68,1.372,0.046,0.334329,58.60554,-0.997337,0.072937,13.641849,26
iho-hudson-strait,2008,0.22,-0.06,0.45,0.184,-0.011,0.164024,61.466505,-0.930268,0.366881,12.213959,26
iho-inner-seas-off-the-west-coast-of-scotland,2008,11.21,11.16,11.2,11.172,0.001,0.089755,56.46592,-0.121627,0.992576,10.70905,26
iho-ionian-sea,2008,19.67,19.94,19.93,19.732,0.059,0.170693,38.47898,0.322653,0.946517,12.053467,26
iho-irish-sea-and-st-george-s-channel,2008,11.86,12.03,11.86,11.864,0.029,0.111463,53.43632,-0.079881,0.996804,10.731206,26
iho-japan-sea,2008,13.74,13.73,13.33,13.602,0.028,0.164851,42.18206,0.706473,-0.70774,13.879648,26
iho-java-sea,2008,28.56,28.74,28.79,28.806,-0.081,0.216389,-5.161905,0.925947,-0.377653,13.236044,26
iho-kara-sea,2008,-0.15,-0.02,-0.1,-0.094,0.006,0.065605,73.75758,0.949378,0.314137,13.726479,26
iho-labrador-sea,2008,4.15,4.04,4.36,4.184,-0.019,0.104038,53.9349,-0.795011,0.606595,13.677779,26
iho-laccadive-sea,2008,28.82,28.75,28.78,28.76,0.017,0.046043,7.04053,0.970503,0.241089,13.635995,26
iho-laptev-sea,2008,-0.67,-0.57,-0.63,-0.678,0.055,0.135853,72.49477,0.718747,-0.695271,13.179195,26
iho-makassar-strait,2008,29.0,29.07,29.08,29.108,-0.033,0.139628,-2.133915,0.884652,-0.466253,12.186416,26
iho-malacca-strait,2008,29.11,29.2,29.34,29.28,-0.067,0.108995,4.62758,0.986752,-0.162235,12.176829,26
iho-molukka-sea,2008,29.02,29.0,28.89,28.958,0.029,0.064312,1.29441,0.806409,-0.591359,12.302019,26
iho-mozambique-channel,2008,26.51,27.01,26.83,26.822,-0.055,0.171278,-18.652675,0.646908,0.762568,14.13694,26
iho-norwegian-sea,2008,7.38,7.17,7.25,7.246,0.011,0.131848,68.77561,0.033764,0.99943,14.188602,26
iho-persian-gulf,2008,26.75,27.05,27.41,27.026,-0.025,0.221684,27.25814,0.777543,0.62883,12.408351,26
iho-philippine-sea,2008,27.63,27.55,27.51,27.498,0.062,0.089084,18.90921,0.720574,-0.693378,15.536311,26
iho-sea-of-okhotsk,2008,5.16,4.65,4.6,4.78,0.088,0.218266,52.970885,0.505452,-0.862855,14.298006,26
iho-skagerrak,2008,10.67,10.8,10.84,10.678,0.053,0.126079,58.491525,0.17484,0.984597,10.380145,26
iho-solomon-sea,2008,29.07,29.11,28.84,28.948,0.082,0.150519,-8.362475,0.4558,-0.890082,13.512255,26
iho-sulu-sea,2008,28.64,28.74,28.89,28.742,-0.004,0.103228,9.24238,0.860336,-0.509727,12.720177,26
iho-the-coastal-waters-of-southeast-alaska-and-british-columbia,2008,8.69,9.14,9.33,9.432,-0.351,0.508582,53.145505,-0.75872,-0.651416,11.748468,26
iho-the-northwestern-passages,2008,-0.66,-0.58,-0.59,-0.716,0.081,0.143192,72.743745,-0.999893,-0.014615,13.883329,26
iho-timor-sea,2008,28.45,28.62,28.37,28.568,-0.041,0.172325,-11.69447,0.798564,-0.60191,12.967616,26
iho-tyrrhenian-sea,2008,18.96,18.94,19.1,18.92,0.048,0.113137,40.88606,0.204983,0.978765,12.28902,26
iho-white-sea,2008,3.86,4.11,4.44,4.12,-0.035,0.196672,66.11883,0.588055,0.808821,11.426851,26
iho-yellow-sea,2008,14.79,14.96,14.69,14.818,-0.026,0.223016,37.10378,0.823032,-0.567996,12.917778,26
indian,2008,18.37,18.41,18.36,18.362,0.013,0.029257,-24.80201,0.985963,0.166965,17.874379,26
med-east,2008,21.3,21.34,21.38,21.214,0.093,0.161691,33.972405,0.388183,0.921582,13.970857,26
med-west,2008,18.78,18.8,19.21,18.902,-0.018,0.159298,39.641195,0.108319,0.994116,13.071896,26
north-sea,2008,10.86,11.02,11.07,10.862,0.06,0.175773,55.991155,0.048807,0.998808,13.17933,26
pacific-north,2008,22.51,22.51,22.63,22.638,-0.082,0.119063,29.13773,-0.512453,-0.858715,17.983864,26
pacific-south,2008,19.65,19.62,19.82,19.734,-0.048,0.084285,-29.29769,-0.812176,-0.583412,18.148866,26
red,2008,28.22,28.25,28.52,28.348,-0.033,0.125762,20.302025,0.622928,0.78228,13.012457,26
south-china,2008,27.75,27.92,27.95,27.832,0.016,0.090642,11.16138,0.913678,-0.406438,15.019307,26
southern,2008,-1.02,-0.96,-0.85,-0.916,-0.038,0.064062,-72.7774,-0.698579,-0.715533,16.901883,26
tasman,2008,16.31,16.46,16.24,16.33,0.03,0.134462,-40.43461,0.311587,-0.950217,15.020206,26
arabian,2009,28.17,27.78,28.04,27.962,0.044,0.136294,12.45006,0.892737,0.450579,15.248859,27
arctic,2009,-1.49,-1.49,-1.41,-1.498,0.017,0.051923,80.71087,-0.663278,-0.748373,15.460999,27
atlantic-north,2009,21.44,21.62,21.57,21.598,-0.056,0.089978,34.248285,-0.672091,0.740468,17.350575,27
atlantic-south,2009,17.08,16.89,16.84,16.916,0.044,0.088679,-30.052735,-0.283797,0.958885,17.511694,27
baltic,2009,9.42,10.1,9.61,9.712,-0.026,0.224624,56.751155,0.324147,0.946007,12.295761,27
bengal,2009,28.75,28.57,28.55,28.634,0.009,0.073376,14.952905,0.998516,0.054454,14.60031,27
bering,2009,4.23,4.26,4.4,4.404,-0.111,0.166925,58.967385,-0.158169,-0.987412,14.671337,27
black,2009,15.78,15.6,15.52,15.426,0.181,0.267552,43.712375,0.560251,0.828323,12.953789,27
caribbean,2009,27.86,27.86,28.02,28.002,-0.094,0.143164,15.28978,-0.953381,0.301769,14.854371,27
caspian,2009,15.46,15.42,15.39,15.378,0.046,0.067646,41.860385,0.771846,0.635809,12.8917,27
coral,2009,26.57,26.57,26.55,26.526,0.019,0.08357,-18.698505,0.380185,-0.92491,15.224138,27
gulf-mexico,2009,26.16,25.91,25.99,26.054,-0.001,0.102489,24.262605,-0.999978,-0.00665,14.25895,27
iho-adriatic-sea,2009,18.28,18.39,18.63,18.428,-0.022,0.12687,42.750975,0.274561,0.96157,11.860389,27
iho-aegean-sea,2009,19.96,19.54,19.82,19.724,0.048,0.149345,38.064275,0.434155,0.900838,12.178673,27
iho-alboran-sea,2009,19.25,18.94,19.08,19.044,0.074,0.181835,36.00498,-0.059967,0.9982,10.904011,27
iho-andaman-or-burma-sea,2009,29.08,28.72,29.01,28.936,0.004,0.122735,11.345655,0.995242,-0.097431,13.323568,27
iho-arafura-sea,2009,28.38,28.19,28.12,28.18,0.047,0.147919,-10.39485,0.686759,-0.726885,13.831679,27
iho-baffin-bay,2009,-0.08,-0.17,-0.2,-0.164,0.033,0.079145,76.206255,-0.960545,0.278125,13.18762,27
iho-banda-sea,2009,28.89,28.56,28.62,28.662,0.029,0.16726,-4.85558,0.793037,-0.609173,13.443201,27
iho-barentsz-sea,2009,2.5,2.39,2.63,2.512,-0.009,0.09152,73.955765,0.603995,0.796988,14.172227,27
iho-bass-strait,2009,16.01,15.76,16.1,15.874,0.03,0.209342,-39.35622,0.559203,-0.82903,11.637695,27
iho-bay-of-biscay,2009,15.39,15.54,15.72,15.628,-0.069,0.200739,45.567995,-0.063151,0.998004,12.067709,27
iho-beaufort-sea,2009,-0.78,0.06,-0.17,-0.452,0.052,0.334748,72.07828,-0.657818,-0.753177,12.994443,27
iho-bismarck-sea,2009,29.68,29.49,29.62,29.56,0.031,0.077717,-3.51689,0.531651,-0.846963,12.741831,27
iho-celebes-sea,2009,29.11,29.02,29.02,29.058,0.001,0.036551,4.320085,0.849589,-0.527446,13.027678,27
iho-celtic-sea,2009,13.32,13.23,13.72,13.49,-0.085,0.186762,49.57831,-0.146291,0.989242,12.280984,27
iho-ceram-sea,2009,28.95,28.79,28.74,28.762,0.056,0.135558,-3.22909,0.747368,-0.66441,11.985275,27
iho-chukchi-sea,2009,0.84,0.37,1.14,0.68,0.021,0.323048,68.851175,-0.125299,-0.992119,12.764697,27
iho-davis-strait,2009,1.34,1.36,1.47,1.536,-0.115,0.190221,65.055565,-0.846344,0.532637,13.53112,27
iho-east-siberian-sea,2009,-0.72,-0.85,-0.59,-0.796,0.04,0.126744,72.69595,0.353866,-0.935296,13.372628,27
iho-eastern-china-sea,2009,22.33,22.23,22.46,22.33,0.013,0.13842,28.689,0.810496,-0.585744,13.538823,27
iho-english-channel,2009,12.86,12.98,13.59,13.136,-0.059,0.253503,49.79585,-0.044076,0.999028,11.310102,27
iho-flores-sea,2009,28.82,28.33,28.54,28.59,-0.019,0.233238,-7.10454,0.870955,-0.491364,11.533032,27
iho-great-australian-bight,2009,16.42,16.46,16.47,16.332,0.083,0.14552,-37.505585,0.733327,-0.679876,14.094371,27
iho-greenland-sea,2009,1.37,1.23,1.14,1.232,0.042,0.090863,73.913585,-0.141862,0.989886,13.994943,27
iho-gulf-of-aden,2009,28.46,28.1,28.33,28.37,-0.055,0.16769,12.781685,0.745063,0.666994,12.469715,27
iho-gulf-of-alaska,2009,7.41,7.09,7.22,7.544,-0.253,0.47584,57.908245,-0.562787,-0.826602,12.941426,27
iho-gulf-of-bothnia,2009,7.54,8.73,8.03,8.012,0.02,0.393772,62.78759,0.334482,0.942402,11.677191,27
iho-gulf-of-california,2009,24.44,23.66,23.79,23.99,0.054,0.272323,27.3495,-0.931231,-0.364428,12.100261,27
iho-gulf-of-finland,2009,7.74,8.04,8.05,7.894,-0.013,0.174654,61.031815,0.521086,0.853504,10.977348,27
iho-gulf-of-guinea,2009,27.95,28.11,28.08,28.032,0.002,0.062097,2.77271,0.064397,0.997924,13.525242,27
iho-gulf-of-st-lawrence,2009,5.77,6.45,5.95,6.152,-0.074,0.269993,48.66826,-0.878473,0.477793,12.581716,27
iho-gulf-of-thailand,2009,29.12,28.74,29.02,28.982,-0.008,0.127812,9.90349,0.977828,-0.209412,12.593929,27
iho-halmahera-sea,2009,29.22,29.12,29.08,29.07,0.061,0.10315,0.437415,0.774409,-0.632686,11.228075,27
iho-hudson-bay,2009,1.14,1.37,1.19,1.43,-0.157,0.254323,58.60554,-0.997337,0.072937,13.641849,27
iho-hudson-strait,2009,0.11,0.22,-0.06,0.17,-0.027,0.166733,61.466505,-0.930268,0.366881,12.213959,27
iho-inner-seas-off-the-west-coast-of-scotland,2009,11.22,11.21,11.16,11.16,0.043,0.077717,56.46592,-0.121627,0.992576,10.70905,27
iho-ionian-sea,2009,19.77,19.67,19.94,19.772,0.018,0.150253,38.47898,0.322653,0.946517,12.053467,27
iho-irish-sea-and-st-george-s-channel,2009,11.73,11.86,12.03,11.832,0.01,0.121885,53.43632,-0.079881,0.996804,10.731206,27
iho-japan-sea,2009,13.58,13.74,13.73,13.574,0.059,0.153961,42.18206,0.706473,-0.70774,13.879648,27
iho-java-sea,2009,29.07,28.56,28.74,28.874,-0.051,0.234487,-5.161905,0.925947,-0.377653,13.236044,27
iho-kara-sea,2009,-0.11,-0.15,-0.02,-0.08,-0.023,0.051769,73.75758,0.949378,0.314137,13.726479,27
iho-labrador-sea,2009,3.61,4.15,4.04,4.074,-0.141,0.253976,53.9349,-0.795011,0.606595,13.677779,27
iho-laccadive-sea,2009,28.92,28.82,28.75,28.79,0.052,0.079498,7.04053,0.970503,0.241089,13.635995,27
iho-laptev-sea,2009,-0.44,-0.67,-0.57,-0.578,0.024,0.07782,72.49477,0.718747,-0.695271,13.179195,27
iho-makassar-strait,2009,29.3,29.0,29.07,29.166,-0.024,0.146915,-2.133915,0.884652,-0.466253,12.186416,27
iho-malacca-strait,2009,29.35,29.11,29.2,29.282,-0.035,0.110164,4.62758,0.986752,-0.162235,12.176829,27
iho-molukka-sea,2009,29.1,29.02,29.0,29.004,0.031,0.067112,1.29441,0.806409,-0.591359,12.302019,27
iho-mozambique-channel,2009,26.87,26.51,27.01,26.832,-0.046,0.172325,-18.652675,0.646908,0.762568,14.13694,27
iho-norwegian-sea,2009,7.4,7.38,7.17,7.248,0.085,0.134075,68.77561,0.033764,0.99943,14.188602,27
iho-persian-gulf,2009,27.31,26.75,27.05,27.112,-0.012,0.231551,27.25814,0.777543,0.62883,12.408351,27
iho-philippine-sea,2009,27.43,27.63,27.55,27.506,0.016,0.080399,18.90921,0.720574,-0.693378,15.536311,27
iho-sea-of-okhotsk,2009,5.09,5.16,4.65,4.878,0.096,0.225335,52.970885,0.505452,-0.862855,14.298006,27
iho-skagerrak,2009,10.36,10.67,10.8,10.644,-0.055,0.174883,58.491525,0.17484,0.984597,10.380145,27
iho-solomon-sea,2009,29.08,29.07,29.11,29.022,0.037,0.096623,-8.362475,0.4558,-0.890082,13.512255,27
iho-sulu-sea,2009,28.83,28.64,28.74,28.784,-0.023,0.086394,9.24238,0.860336,-0.509727,12.720177,27
iho-the-coastal-waters-of-southeast-alaska-and-british-columbia,2009,8.88,8.69,9.14,9.202,-0.282,0.441787,53.145505,-0.75872,-0.651416,11.748468,27
iho-the-northwestern-passages,2009,-0.76,-0.66,-0.58,-0.676,-0.001,0.08593,72.743745,-0.999893,-0.014615,13.883329,27
iho-timor-sea,2009,28.95,28.45,28.62,28.652,0.024,0.227015,-11.69447,0.798564,-0.60191,12.967616,27
iho-tyrrhenian-sea,2009,19.08,18.96,18.94,18.98,0.038,0.10198,40.88606,0.204983,0.978765,12.28902,27
iho-white-sea,2009,3.58,3.86,4.11,4.038,-0.182,0.294781,66.11883,0.588055,0.808821,11.426851,27
iho-yellow-sea,2009,15.05,14.79,14.96,14.798,0.12,0.195079,37.10378,0.823032,-0.567996,12.917778,27
indian,2009,18.46,18.37,18.41,18.384,0.029,0.047582,-24.80201,0.985963,0.166965,17.874379,27
med-east,2009,21.41,21.3,21.34,21.304,0.056,0.113243,33.972405,0.388183,0.921582,13.970857,27
med-west,2009,19.22,18.78,18.8,18.982,0.021,0.194566,39.641195,0.108319,0.994116,13.071896,27
north-sea,2009,10.71,10.86,11.02,10.848,0.005,0.184326,55.991155,0.048807,0.998808,13.17933,27
pacific-north,2009,22.8,22.51,22.51,22.636,0.002,0.116207,29.13773,-0.512453,-0.858715,17.983864,27
pacific-south,2009,19.85,19.65,19.62,19.74,0.001,0.090995,-29.29769,-0.812176,-0.583412,18.148866,27
red,2009,28.38,28.22,28.25,28.37,-0.05,0.119666,20.302025,0.622928,0.78228,13.012457,27
south-china,2009,27.92,27.75,27.92,27.872,0.0,0.075206,11.16138,0.913678,-0.406438,15.019307,27
southern,2009,-1.03,-1.02,-0.96,-0.948,-0.047,0.072498,-72.7774,-0.698579,-0.715533,16.901883,27
tasman,2009,16.36,16.31,16.46,16.374,-0.021,0.095415,-40.43461,0.311587,-0.950217,15.020206,27
arabian,2010,28.27,28.17,27.78,28.044,0.075,0.169541,12.45006,0.892737,0.450579,15.248859,28
arctic,2010,-1.5,-1.49,-1.49,-1.49,0.004,0.047749,80.71087,-0.663278,-0.748373,15.460999,28
atlantic-north,2010,21.8,21.44,21.62,21.618,0.015,0.117371,34.248285,-0.672091,0.740468,17.350575,28
atlantic-south,2010,17.04,17.08,16.89,16.956,0.046,0.090465,-30.052735,-0.283797,0.958885,17.511694,28
baltic,2010,8.78,9.42,10.1,9.514,-0.195,0.429306,56.751155,0.324147,0.946007,12.295761,28
bengal,2010,28.85,28.75,28.57,28.668,0.066,0.114612,14.952905,0.998516,0.054454,14.60031,28
bering,2010,4.24,4.23,4.26,4.312,-0.055,0.085182,58.967385,-0.158169,-0.987412,14.671337,28
black,2010,16.26,15.78,15.6,15.654,0.256,0.374144,43.712375,0.560251,0.828323,12.953789,28
caribbean,2010,28.36,27.86,27.86,28.024,0.052,0.182603,15.28978,-0.953381,0.301769,14.854371,28
caspian,2010,15.49,15.46,15.42,15.424,0.033,0.046733,41.860385,0.771846,0.635809,12.8917,28
coral,2010,26.91,26.57,26.57,26.592,0.112,0.177584,-18.698505,0.380185,-0.92491,15.224138,28
gulf-mexico,2010,25.61,26.16,25.91,25.97,-0.097,0.206785,24.262605,-0.999978,-0.00665,14.25895,28
iho-adriatic-sea,2010,18.42,18.28,18.39,18.446,-0.053,0.117745,42.750975,0.274561,0.96157,11.860389,28
iho-aegean-sea,2010,20.53,19.96,19.54,19.894,0.196,0.350634,38.064275,0.434155,0.900838,12.178673,28
iho-alboran-sea,2010,19.18,19.25,18.94,19.13,0.013,0.109909,36.00498,-0.059967,0.9982,10.904011,28
iho-andaman-or-burma-sea,2010,29.21,29.08,28.72,28.984,0.069,0.165964,11.345655,0.995242,-0.097431,13.323568,28
iho-arafura-sea,2010,28.59,28.38,28.19,28.244,0.156,0.223123,-10.39485,0.686759,-0.726885,13.831679,28
iho-baffin-bay,2010,0.14,-0.08,-0.17,-0.078,0.056,0.119063,76.206255,-0.960545,0.278125,13.18762,28
iho-banda-sea,2010,29.17,28.89,28.56,28.734,0.175,0.26462,-4.85558,0.793037,-0.609173,13.443201,28
iho-barentsz-sea,2010,2.16,2.5,2.39,2.456,-0.101,0.170247,73.955765,0.603995,0.796988,14.172227,28
iho-bass-strait,2010,16.12,16.01,15.76,15.902,0.111,0.229991,-39.35622,0.559203,-0.82903,11.637695,28
iho-bay-of-biscay,2010,15.28,15.39,15.54,15.58,-0.171,0.244704,45.567995,-0.063151,0.998004,12.067709,28
iho-beaufort-sea,2010,-0.41,-0.78,0.06,-0.404,0.001,0.319787,72.07828,-0.657818,-0.753177,12.994443,28
iho-bismarck-sea,2010,29.77,29.68,29.49,29.608,0.064,0.111247,-3.51689,0.531651,-0.846963,12.741831,28
iho-celebes-sea,2010,29.31,29.11,29.02,29.102,0.061,0.109069,4.320085,0.849589,-0.527446,13.027678,28
iho-celtic-sea,2010,13.22,13.32,13.23,13.426,-0.124,0.211811,49.57831,-0.146291,0.989242,12.280984,28
iho-ceram-sea,2010,29.28,28.95,28.79,28.858,0.171,0.250072,-3.22909,0.747368,-0.66441,11.985275,28
iho-chukchi-sea,2010,0.62,0.84,0.37,0.646,0.042,0.318597,68.851175,-0.125299,-0.992119,12.764697,28
iho-davis-strait,2010,2.58,1.34,1.36,1.716,0.137,0.466502,65.055565,-0.846344,0.532637,13.53112,28
iho-east-siberian-sea,2010,-0.57,-0.72,-0.85,-0.736,0.063,0.146915,72.69595,0.353866,-0.935296,13.372628,28
iho-eastern-china-sea,2010,22.07,22.33,22.23,22.318,-0.099,0.15664,28.689,0.810496,-0.585744,13.538823,28
iho-english-channel,2010,12.48,12.86,12.98,13.024,-0.219,0.368706,49.79585,-0.044076,0.999028,11.310102,28
iho-flores-sea,2010,29.18,28.82,28.33,28.646,0.192,0.318848,-7.10454,0.870955,-0.491364,11.533032,28
iho-great-australian-bight,2010,16.54,16.42,16.46,16.408,0.073,0.13467,-37.505585,0.733327,-0.679876,14.094371,28
iho-greenland-sea,2010,1.43,1.37,1.23,1.292,0.051,0.102059,73.913585,-0.141862,0.989886,13.994943,28
iho-gulf-of-aden,2010,28.63,28.46,28.1,28.374,0.069,0.173505,12.781685,0.745063,0.666994,12.469715,28
iho-gulf-of-alaska,2010,7.92,7.41,7.09,7.44,0.091,0.288652,57.908245,-0.562787,-0.826602,12.941426,28
iho-gulf-of-bothnia,2010,7.22,7.54,8.73,7.886,-0.187,0.509298,62.78759,0.334482,0.942402,11.677191,28
iho-gulf-of-california,2010,23.89,24.44,23.66,23.98,0.019,0.274882,27.3495,-0.931231,-0.364428,12.100261,28
iho-gulf-of-finland,2010,7.37,7.74,8.04,7.766,-0.083,0.257573,61.031815,0.521086,0.853504,10.977348,28
iho-gulf-of-guinea,2010,28.29,27.95,28.11,28.096,0.035,0.110923,2.77271,0.064397,0.997924,13.525242,28
iho-gulf-of-st-lawrence,2010,6.53,5.77,6.45,6.23,-0.002,0.308804,48.66826,-0.878473,0.477793,12.581716,28
iho-gulf-of-thailand,2010,29.42,29.12,28.74,29.06,0.094,0.219454,9.90349,0.977828,-0.209412,12.593929,28
iho-halmahera-sea,2010,29.53,29.22,29.12,29.172,0.138,0.205076,0.437415,0.774409,-0.632686,11.228075,28
iho-hudson-bay,2010,1.93,1.14,1.37,1.462,0.045,0.300892,58.60554,-0.997337,0.072937,13.641849,28
iho-hudson-strait,2010,0.7,0.11,0.22,0.284,0.067,0.265827,61.466505,-0.930268,0.366881,12.213959,28
iho-inner-seas-off-the-west-coast-of-scotland,2010,10.96,11.22,11.21,11.15,-0.042,0.09716,56.46592,-0.121627,0.992576,10.70905,28
iho-ionian-sea,2010,19.75,19.77,19.67,19.812,-0.053,0.105906,38.47898,0.322653,0.946517,12.053467,28
iho-irish-sea-and-st-george-s-channel,2010,11.44,11.73,11.86,11.784,-0.114,0.196632,53.43632,-0.079881,0.996804,10.731206,28
iho-japan-sea,2010,14.23,13.58,13.74,13.722,0.165,0.294034,42.18206,0.706473,-0.70774,13.879648,28
iho-java-sea,2010,29.36,29.07,28.56,28.904,0.147,0.280614,-5.161905,0.925947,-0.377653,13.236044,28
iho-kara-sea,2010,-0.14,-0.11,-0.15,-0.104,-0.017,0.045869,73.75758,0.949378,0.314137,13.726479,28
iho-labrador-sea,2010,4.73,3.61,4.15,4.178,0.031,0.368858,53.9349,-0.795011,0.606595,13.677779,28
iho-laccadive-sea,2010,28.84,28.92,28.82,28.822,0.029,0.058103,7.04053,0.970503,0.241089,13.635995,28
iho-laptev-sea,2010,-0.4,-0.44,-0.67,-0.542,0.059,0.105338,72.49477,0.718747,-0.695271,13.179195,28
iho-makassar-strait,2010,29.6,29.3,29.0,29.21,0.127,0.219454,-2.133915,0.884652,-0.466253,12.186416,28
iho-malacca-strait,2010,29.68,29.35,29.11,29.336,0.083,0.193969,4.62758,0.986752,-0.162235,12.176829,28
iho-molukka-sea,2010,29.4,29.1,29.02,29.082,0.112,0.172557,1.29441,0.806409,-0.591359,12.302019,28
iho-mozambique-channel,2010,27.19,26.87,26.51,26.882,0.058,0.224713,-18.652675,0.646908,0.762568,14.13694,28
iho-norwegian-sea,2010,7.16,7.4,7.38,7.272,0.005,0.101469,68.77561,0.033764,0.99943,14.188602,28
iho-persian-gulf,2010,28.12,27.31,26.75,27.328,0.168,0.457314,27.25814,0.777543,0.62883,12.408351,28
iho-philippine-sea,2010,27.68,27.43,27.63,27.56,0.022,0.088091,18.90921,0.720574,-0.693378,15.536311,28
iho-sea-of-okhotsk,2010,4.91,5.09,5.16,4.882,0.106,0.22569,52.970885,0.505452,-0.862855,14.298006,28
iho-skagerrak,2010,9.57,10.36,10.67,10.448,-0.298,0.470208,58.491525,0.17484,0.984597,10.380145,28
iho-solomon-sea,2010,29.35,29.08,29.07,29.09,0.099,0.161864,-8.362475,0.4558,-0.890082,13.512255,28
iho-sulu-sea,2010,29.12,28.83,28.64,28.844,0.055,0.161815,9.24238,0.860336,-0.509727,12.720177,28
iho-the-coastal-waters-of-southeast-alaska-and-british-columbia,2010,9.58,8.88,8.69,9.124,0.024,0.315759,53.145505,-0.75872,-0.651416,11.748468,28
iho-the-northwestern-passages,2010,-0.42,-0.76,-0.66,-0.602,0.016,0.111427,72.743745,-0.999893,-0.014615,13.883329,28
iho-timor-sea,2010,29.28,28.95,28.45,28.734,0.215,0.337911,-11.69447,0.798564,-0.60191,12.967616,28
iho-tyrrhenian-sea,2010,18.6,19.08,18.96,18.936,-0.086,0.17951,40.88606,0.204983,0.978765,12.28902,28
iho-white-sea,2010,3.25,3.58,3.86,3.848,-0.291,0.41199,66.11883,0.588055,0.808821,11.426851,28
iho-yellow-sea,2010,14.24,15.05,14.79,14.746,-0.081,0.282602,37.10378,0.823032,-0.567996,12.917778,28
indian,2010,18.6,18.46,18.37,18.44,0.053,0.087407,-24.80201,0.985963,0.166965,17.874379,28
med-east,2010,21.73,21.41,21.3,21.432,0.077,0.153545,33.972405,0.388183,0.921582,13.970857,28
med-west,2010,18.76,19.22,18.78,18.954,-0.048,0.213504,39.641195,0.108319,0.994116,13.071896,28
north-sea,2010,9.89,10.71,10.86,10.71,-0.267,0.429092,55.991155,0.048807,0.998808,13.17933,28
pacific-north,2010,22.53,22.8,22.51,22.596,0.009,0.111283,29.13773,-0.512453,-0.858715,17.983864,28
pacific-south,2010,19.68,19.85,19.65,19.724,-0.005,0.093081,-29.29769,-0.812176,-0.583412,18.148866,28
red,2010,28.91,28.38,28.22,28.456,0.091,0.250647,20.302025,0.622928,0.78228,13.012457,28
south-china,2010,28.34,27.92,27.75,27.976,0.078,0.195202,11.16138,0.913678,-0.406438,15.019307,28
southern,2010,-0.99,-1.03,-1.02,-0.97,-0.035,0.064807,-72.7774,-0.698579,-0.715533,16.901883,28
tasman,2010,16.78,16.36,16.31,16.43,0.098,0.189103,-40.43461,0.311587,-0.950217,15.020206,28
arabian,2011,27.88,28.27,28.17,28.028,0.017,0.180155,12.45006,0.892737,0.450579,15.248859,29
arctic,2011,-1.44,-1.5,-1.49,-1.466,-0.007,0.034986,80.71087,-0.663278,-0.748373,15.460999,29
atlantic-north,2011,21.53,21.8,21.44,21.592,0.01,0.119566,34.248285,-0.672091,0.740468,17.350575,29
atlantic-south,2011,16.98,17.04,17.08,16.966,0.043,0.0898,-30.052735,-0.283797,0.958885,17.511694,29
baltic,2011,9.23,8.78,9.42,9.428,-0.208,0.434484,56.751155,0.324147,0.946007,12.295761,29
bengal,2011,28.55,28.85,28.75,28.654,0.028,0.123548,14.952905,0.998516,0.054454,14.60031,29
bering,2011,4.41,4.24,4.23,4.308,0.0,0.07985,58.967385,-0.158169,-0.987412,14.671337,29
black,2011,15.49,16.26,15.78,15.73,0.06,0.283549,43.712375,0.560251,0.828323,12.953789,29
caribbean,2011,28.11,28.36,27.86,28.042,0.068,0.185731,15.28978,-0.953381,0.301769,14.854371,29
caspian,2011,15.58,15.49,15.46,15.468,0.045,0.065544,41.860385,0.771846,0.635809,12.8917,29
coral,2011,26.64,26.91,26.57,26.648,0.052,0.134521,-18.698505,0.380185,-0.92491,15.224138,29
gulf-mexico,2011,25.89,25.61,26.16,25.912,-0.05,0.178482,24.262605,-0.999978,-0.00665,14.25895,29
iho-adriatic-sea,2011,19.2,18.42,18.28,18.584,0.117,0.328183,42.750975,0.274561,0.96157,11.860389,29
iho-aegean-sea,2011,20.61,20.53,19.96,20.092,0.257,0.413831,38.064275,0.434155,0.900838,12.178673,29
iho-alboran-sea,2011,19.6,19.18,19.25,19.21,0.128,0.221088,36.00498,-0.059967,0.9982,10.904011,29
iho-andaman-or-burma-sea,2011,28.78,29.21,29.08,28.96,0.003,0.184065,11.345655,0.995242,-0.097431,13.323568,29
iho-arafura-sea,2011,28.08,28.59,28.38,28.272,0.032,0.189462,-10.39485,0.686759,-0.726885,13.831679,29
iho-baffin-bay,2011,-0.16,0.14,-0.08,-0.094,0.039,0.123548,76.206255,-0.960545,0.278125,13.18762,29
iho-banda-sea,2011,28.6,29.17,28.89,28.768,0.057,0.232327,-4.85558,0.793037,-0.609173,13.443201,29
iho-barentsz-sea,2011,2.67,2.16,2.5,2.47,-0.015,0.183848,73.955765,0.603995,0.796988,14.172227,29
iho-bass-strait,2011,15.89,16.12,16.01,15.976,-0.006,0.135144,-39.35622,0.559203,-0.82903,11.637695,29
iho-bay-of-biscay,2011,15.89,15.28,15.39,15.564,0.008,0.220055,45.567995,-0.063151,0.998004,12.067709,29
iho-beaufort-sea,2011,-0.19,-0.41,-0.78,-0.298,-0.051,0.283224,72.07828,-0.657818,-0.753177,12.994443,29
iho-bismarck-sea,2011,29.73,29.77,29.68,29.658,0.05,0.097857,-3.51689,0.531651,-0.846963,12.741831,29
iho-celebes-sea,2011,29.2,29.31,29.11,29.132,0.065,0.111247,4.320085,0.849589,-0.527446,13.027678,29
iho-celtic-sea,2011,13.29,13.22,13.32,13.356,-0.087,0.185753,49.57831,-0.146291,0.989242,12.280984,29
iho-ceram-sea,2011,28.77,29.28,28.95,28.906,0.055,0.200659,-3.22909,0.747368,-0.66441,11.985275,29
iho-chukchi-sea,2011,0.77,0.62,0.84,0.748,-0.049,0.253724,68.851175,-0.125299,-0.992119,12.764697,29
iho-davis-strait,2011,1.71,2.58,1.34,1.692,0.17,0.463094,65.055565,-0.846344,0.532637,13.53112,29
iho-east-siberian-sea,2011,-0.62,-0.57,-0.72,-0.67,0.022,0.10373,72.69595,0.353866,-0.935296,13.372628,29
iho-eastern-china-sea,2011,21.85,22.07,22.33,22.188,-0.138,0.211698,28.689,0.810496,-0.585744,13.538823,29
iho-english-channel,2011,13.11,12.48,12.86,13.004,-0.146,0.360699,49.79585,-0.044076,0.999028,11.310102,29
iho-flores-sea,2011,28.42,29.18,28.82,28.658,0.061,0.30883,-7.10454,0.870955,-0.491364,11.533032,29
iho-great-australian-bight,2011,16.66,16.54,16.42,16.51,0.046,0.08438,-37.505585,0.733327,-0.679876,14.094371,29
iho-greenland-sea,2011,1.32,1.43,1.37,1.298,0.056,0.102645,73.913585,-0.141862,0.989886,13.994943,29
iho-gulf-of-aden,2011,28.16,28.63,28.46,28.336,0.019,0.194175,12.781685,0.745063,0.666994,12.469715,29
iho-gulf-of-alaska,2011,7.72,7.92,7.41,7.472,0.183,0.308376,57.908245,-0.562787,-0.826602,12.941426,29
iho-gulf-of-bothnia,2011,7.55,7.22,7.54,7.814,-0.247,0.525989,62.78759,0.334482,0.942402,11.677191,29
iho-gulf-of-california,2011,23.65,23.89,24.44,23.886,-0.005,0.290833,27.3495,-0.931231,-0.364428,12.100261,29
iho-gulf-of-finland,2011,7.67,7.37,7.74,7.774,-0.143,0.253819,61.031815,0.521086,0.853504,10.977348,29
iho-gulf-of-guinea,2011,27.58,28.29,27.95,28.002,-0.082,0.237268,2.77271,0.064397,0.997924,13.525242,29
iho-gulf-of-st-lawrence,2011,6.59,6.53,5.77,6.258,0.136,0.33289,48.66826,-0.878473,0.477793,12.581716,29
iho-gulf-of-thailand,2011,28.78,29.42,29.12,29.016,0.02,0.247354,9.90349,0.977828,-0.209412,12.593929,29
iho-halmahera-sea,2011,29.2,29.53,29.22,29.23,0.065,0.158493,0.437415,0.774409,-0.632686,11.228075,29
iho-hudson-bay,2011,2.0,1.93,1.14,1.526,0.218,0.367184,58.60554,-0.997337,0.072937,13.641849,29
iho-hudson-strait,2011,0.95,0.7,0.11,0.384,0.25,0.379294,61.466505,-0.930268,0.366881,12.213959,29
iho-inner-seas-off-the-west-coast-of-scotland,2011,11.13,10.96,11.22,11.136,-0.031,0.093936,56.46592,-0.121627,0.992576,10.70905,29
iho-ionian-sea,2011,20.41,19.75,19.77,19.908,0.102,0.265962,38.47898,0.322653,0.946517,12.053467,29
iho-irish-sea-and-st-george-s-channel,2011,11.68,11.44,11.73,11.748,-0.112,0.195898,53.43632,-0.079881,0.996804,10.731206,29
iho-japan-sea,2011,13.61,14.23,13.58,13.778,0.025,0.234725,42.18206,0.706473,-0.70774,13.879648,29
iho-java-sea,2011,28.53,29.36,29.07,28.852,0.038,0.318459,-5.161905,0.925947,-0.377653,13.236044,29
iho-kara-sea,2011,0.53,-0.14,-0.11,0.022,0.111,0.258101,73.75758,0.949378,0.314137,13.726479,29
iho-labrador-sea,2011,4.26,4.73,3.61,4.158,0.102,0.361076,53.9349,-0.795011,0.606595,13.677779,29
iho-laccadive-sea,2011,28.79,28.84,28.92,28.824,0.01,0.05678,7.04053,0.970503,0.241089,13.635995,29
iho-laptev-sea,2011,-0.2,-0.4,-0.44,-0.456,0.101,0.159825,72.49477,0.718747,-0.695271,13.179195,29
iho-makassar-strait,2011,28.93,29.6,29.3,29.18,0.032,0.244049,-2.133915,0.884652,-0.466253,12.186416,29
iho-malacca-strait,2011,29.27,29.68,29.35,29.322,0.071,0.195694,4.62758,0.986752,-0.162235,12.176829,29
iho-molukka-sea,2011,29.08,29.4,29.1,29.12,0.054,0.144776,1.29441,0.806409,-0.591359,12.302019,29
iho-mozambique-channel,2011,27.07,27.19,26.87,26.93,0.08,0.233923,-18.652675,0.646908,0.762568,14.13694,29
iho-norwegian-sea,2011,7.33,7.16,7.4,7.288,0.01,0.103034,68.77561,0.033764,0.99943,14.188602,29
iho-persian-gulf,2011,27.4,28.12,27.31,27.326,0.207,0.456973,27.25814,0.777543,0.62883,12.408351,29
iho-philippine-sea,2011,27.36,27.68,27.43,27.53,-0.033,0.119833,18.90921,0.720574,-0.693378,15.536311,29
iho-sea-of-okhotsk,2011,4.91,4.91,5.09,4.944,0.027,0.177042,52.970885,0.505452,-0.862855,14.298006,29
iho-skagerrak,2011,10.23,9.57,10.36,10.326,-0.224,0.430098,58.491525,0.17484,0.984597,10.380145,29
iho-solomon-sea,2011,29.27,29.35,29.08,29.176,0.06,0.113066,-8.362475,0.4558,-0.890082,13.512255,29
iho-sulu-sea,2011,28.84,29.12,28.83,28.834,0.068,0.1602,9.24238,0.860336,-0.509727,12.720177,29
iho-the-coastal-waters-of-southeast-alaska-and-british-columbia,2011,9.33,9.58,8.88,9.124,0.127,0.315759,53.145505,-0.75872,-0.651416,11.748468,29
iho-the-northwestern-passages,2011,-0.42,-0.42,-0.76,-0.568,0.056,0.133626,72.743745,-0.999893,-0.014615,13.883329,29
iho-timor-sea,2011,28.32,29.28,28.95,28.724,0.023,0.34909,-11.69447,0.798564,-0.60191,12.967616,29
iho-tyrrhenian-sea,2011,19.36,18.6,19.08,18.988,0.048,0.245145,40.88606,0.204983,0.978765,12.28902,29
iho-white-sea,2011,3.99,3.25,3.58,3.758,-0.085,0.309154,66.11883,0.588055,0.808821,11.426851,29
iho-yellow-sea,2011,14.12,14.24,15.05,14.632,-0.223,0.380284,37.10378,0.823032,-0.567996,12.917778,29
indian,2011,18.58,18.6,18.46,18.484,0.057,0.091345,-24.80201,0.985963,0.166965,17.874379,29
med-east,2011,21.68,21.73,21.41,21.492,0.111,0.178146,33.972405,0.388183,0.921582,13.970857,29
med-west,2011,19.39,18.76,19.22,18.99,0.116,0.263059,39.641195,0.108319,0.994116,13.071896,29
north-sea,2011,10.36,9.89,10.71,10.568,-0.229,0.403158,55.991155,0.048807,0.998808,13.17933,29
pacific-north,2011,22.56,22.53,22.8,22.582,0.012,0.110526,29.13773,-0.512453,-0.858715,17.983864,29
pacific-south,2011,19.58,19.68,19.85,19.676,-0.005,0.093081,-29.29769,-0.812176,-0.583412,18.148866,29
red,2011,28.18,28.91,28.38,28.388,0.055,0.269474,20.302025,0.622928,0.78228,13.012457,29
south-china,2011,27.62,28.34,27.92,27.91,-0.001,0.242817,11.16138,0.913678,-0.406438,15.019307,29
southern,2011,-1.05,-0.99,-1.03,-1.01,-0.015,0.031623,-72.7774,-0.698579,-0.715533,16.901883,29
tasman,2011,16.54,16.78,16.36,16.49,0.063,0.165409,-40.43461,0.311587,-0.950217,15.020206,29
arabian,2012,27.93,27.88,28.27,28.006,0.001,0.184022,12.45006,0.892737,0.450579,15.248859,30
arctic,2012,-1.39,-1.44,-1.5,-1.462,0.025,0.041665,80.71087,-0.663278,-0.748373,15.460999,30
atlantic-north,2012,21.65,21.53,21.8,21.608,0.015,0.120897,34.248285,-0.672091,0.740468,17.350575,30
atlantic-south,2012,16.85,16.98,17.04,16.968,-0.018,0.08704,-30.052735,-0.283797,0.958885,17.511694,30
baltic,2012,9.04,9.23,8.78,9.314,-0.231,0.44639,56.751155,0.324147,0.946007,12.295761,30
bengal,2012,28.65,28.55,28.85,28.674,-0.004,0.112712,14.952905,0.998516,0.054454,14.60031,30
bering,2012,3.83,4.41,4.24,4.194,-0.068,0.193349,58.967385,-0.158169,-0.987412,14.671337,30
black,2012,16.08,15.49,16.26,15.842,0.067,0.289026,43.712375,0.560251,0.828323,12.953789,30
caribbean,2012,28.03,28.11,28.36,28.044,0.059,0.185537,15.28978,-0.953381,0.301769,14.854371,30
caspian,2012,15.65,15.58,15.49,15.52,0.058,0.083666,41.860385,0.771846,0.635809,12.8917,30
coral,2012,26.51,26.64,26.91,26.64,-0.005,0.141138,-18.698505,0.380185,-0.92491,15.224138,30
gulf-mexico,2012,26.27,25.89,25.61,25.968,0.045,0.230512,24.262605,-0.999978,-0.00665,14.25895,30
iho-adriatic-sea,2012,19.55,19.2,18.42,18.768,0.324,0.509957,42.750975,0.274561,0.96157,11.860389,30
iho-aegean-sea,2012,20.61,20.61,20.53,20.25,0.279,0.430302,38.064275,0.434155,0.900838,12.178673,30
iho-alboran-sea,2012,18.99,19.6,19.18,19.192,0.045,0.234214,36.00498,-0.059967,0.9982,10.904011,30
iho-andaman-or-burma-sea,2012,28.97,28.78,29.21,28.952,0.02,0.182581,11.345655,0.995242,-0.097431,13.323568,30
iho-arafura-sea,2012,28.07,28.08,28.59,28.262,-0.054,0.198333,-10.39485,0.686759,-0.726885,13.831679,30
iho-baffin-bay,2012,0.06,-0.16,0.14,-0.042,0.038,0.122703,76.206255,-0.960545,0.278125,13.18762,30
iho-banda-sea,2012,28.64,28.6,29.17,28.772,-0.013,0.229904,-4.85558,0.793037,-0.609173,13.443201,30
iho-barentsz-sea,2012,3.1,2.67,2.16,2.564,0.159,0.314998,73.955765,0.603995,0.796988,14.172227,30
iho-bass-strait,2012,15.72,15.89,16.12,15.9,-0.02,0.150067,-39.35622,0.559203,-0.82903,11.637695,30
iho-bay-of-biscay,2012,15.55,15.89,15.28,15.53,0.052,0.20601,45.567995,-0.063151,0.998004,12.067709,30
iho-beaufort-sea,2012,0.21,-0.19,-0.41,-0.222,0.089,0.350394,72.07828,-0.657818,-0.753177,12.994443,30
iho-bismarck-sea,2012,29.54,29.73,29.77,29.642,0.015,0.108701,-3.51689,0.531651,-0.846963,12.741831,30
iho-celebes-sea,2012,29.21,29.2,29.31,29.17,0.047,0.098184,4.320085,0.849589,-0.527446,13.027678,30
iho-celtic-sea,2012,13.14,13.29,13.22,13.24,-0.021,0.06229,49.57831,-0.146291,0.989242,12.280984,30
iho-ceram-sea,2012,28.78,28.77,29.28,28.914,-0.02,0.194587,-3.22909,0.747368,-0.66441,11.985275,30
iho-chukchi-sea,2012,0.11,0.77,0.62,0.542,-0.059,0.269474,68.851175,-0.125299,-0.992119,12.764697,30
iho-davis-strait,2012,1.66,1.71,2.58,1.73,0.097,0.450955,65.055565,-0.846344,0.532637,13.53112,30
iho-east-siberian-sea,2012,-0.46,-0.62,-0.57,-0.644,0.088,0.132755,72.69595,0.353866,-0.935296,13.372628,30
iho-eastern-china-sea,2012,22.11,21.85,22.07,22.118,-0.072,0.162284,28.689,0.810496,-0.585744,13.538823,30
iho-english-channel,2012,12.92,13.11,12.48,12.87,0.013,0.211849,49.79585,-0.044076,0.999028,11.310102,30
iho-flores-sea,2012,28.57,28.42,29.18,28.664,0.008,0.306764,-7.10454,0.870955,-0.491364,11.533032,30
iho-great-australian-bight,2012,16.65,16.66,16.54,16.546,0.062,0.097077,-37.505585,0.733327,-0.679876,14.094371,30
iho-greenland-sea,2012,1.43,1.32,1.43,1.356,0.035,0.07526,73.913585,-0.141862,0.989886,13.994943,30
iho-gulf-of-aden,2012,28.2,28.16,28.63,28.31,-0.01,0.201792,12.781685,0.745063,0.666994,12.469715,30
iho-gulf-of-alaska,2012,7.03,7.72,7.92,7.434,0.019,0.346445,57.908245,-0.562787,-0.826602,12.941426,30
iho-gulf-of-bothnia,2012,7.49,7.55,7.22,7.706,-0.247,0.525989,62.78759,0.334482,0.942402,11.677191,30
iho-gulf-of-california,2012,23.91,23.65,23.89,23.91,-0.029,0.286845,27.3495,-0.931231,-0.364428,12.100261,30
iho-gulf-of-finland,2012,7.6,7.67,7.37,7.684,-0.095,0.217127,61.031815,0.521086,0.853504,10.977348,30
iho-gulf-of-guinea,2012,27.83,27.58,28.29,27.952,-0.093,0.241859,2.77271,0.064397,0.997924,13.525242,30
iho-gulf-of-st-lawrence,2012,7.16,6.59,6.53,6.5,0.224,0.442719,48.66826,-0.878473,0.477793,12.581716,30
iho-gulf-of-thailand,2012,29.01,28.78,29.42,29.014,0.02,0.247354,9.90349,0.977828,-0.209412,12.593929,30
iho-halmahera-sea,2012,29.12,29.2,29.53,29.238,-0.002,0.151578,0.437415,0.774409,-0.632686,11.228075,30
iho-hudson-bay,2012,1.58,2.0,1.93,1.604,0.128,0.326717,58.60554,-0.997337,0.072937,13.641849,30
iho-hudson-strait,2012,0.64,0.95,0.7,0.524,0.168,0.31296,61.466505,-0.930268,0.366881,12.213959,30
iho-inner-seas-off-the-west-coast-of-scotland,2012,10.92,11.13,10.96,11.088,-0.067,0.125443,56.46592,-0.121627,0.992576,10.70905,30
iho-ionian-sea,2012,20.67,20.41,19.75,20.054,0.264,0.406625,38.47898,0.322653,0.946517,12.053467,30
iho-irish-sea-and-st-george-s-channel,2012,11.39,11.68,11.44,11.62,-0.099,0.178101,53.43632,-0.079881,0.996804,10.731206,30
iho-japan-sea,2012,13.72,13.61,14.23,13.776,-0.001,0.235168,42.18206,0.706473,-0.70774,13.879648,30
iho-java-sea,2012,28.76,28.53,29.36,28.856,-0.014,0.31715,-5.161905,0.925947,-0.377653,13.236044,30
iho-kara-sea,2012,0.34,0.53,-0.14,0.094,0.162,0.285139,73.75758,0.949378,0.314137,13.726479,30
iho-labrador-sea,2012,4.55,4.26,4.73,4.26,0.145,0.384604,53.9349,-0.795011,0.606595,13.677779,30
iho-laccadive-sea,2012,28.88,28.79,28.84,28.85,-0.001,0.045607,7.04053,0.970503,0.241089,13.635995,30
iho-laptev-sea,2012,-0.33,-0.2,-0.4,-0.408,0.092,0.154324,72.49477,0.718747,-0.695271,13.179195,30
iho-makassar-strait,2012,29.04,28.93,29.6,29.174,-0.029,0.24703,-2.133915,0.884652,-0.466253,12.186416,30
iho-malacca-strait,2012,29.45,29.27,29.68,29.372,0.06,0.189989,4.62758,0.986752,-0.162235,12.176829,30
iho-molukka-sea,2012,29.13,29.08,29.4,29.146,0.02,0.132,1.29441,0.806409,-0.591359,12.302019,30
iho-mozambique-channel,2012,26.85,27.07,27.19,26.898,0.088,0.231724,-18.652675,0.646908,0.762568,14.13694,30
iho-norwegian-sea,2012,7.1,7.33,7.16,7.274,-0.063,0.12126,68.77561,0.033764,0.99943,14.188602,30
iho-persian-gulf,2012,26.96,27.4,28.12,27.308,0.051,0.469101,27.25814,0.777543,0.62883,12.408351,30
iho-philippine-sea,2012,27.42,27.36,27.68,27.504,-0.049,0.126586,18.90921,0.720574,-0.693378,15.536311,30
iho-sea-of-okhotsk,2012,4.85,4.91,4.91,4.984,-0.08,0.119264,52.970885,0.505452,-0.862855,14.298006,30
iho-skagerrak,2012,10.01,10.23,9.57,10.168,-0.145,0.3675,58.491525,0.17484,0.984597,10.380145,30
iho-solomon-sea,2012,29.11,29.27,29.35,29.176,0.027,0.113066,-8.362475,0.4558,-0.890082,13.512255,30
iho-sulu-sea,2012,29.05,28.84,29.12,28.896,0.083,0.171418,9.24238,0.860336,-0.509727,12.720177,30
iho-the-coastal-waters-of-southeast-alaska-and-british-columbia,2012,9.02,9.33,9.58,9.1,0.111,0.318182,53.145505,-0.75872,-0.651416,11.748468,30
iho-the-northwestern-passages,2012,-0.41,-0.42,-0.42,-0.534,0.084,0.147187,72.743745,-0.999893,-0.014615,13.883329,30
iho-timor-sea,2012,28.55,28.32,29.28,28.71,-0.043,0.354344,-11.69447,0.798564,-0.60191,12.967616,30
iho-tyrrhenian-sea,2012,19.56,19.36,18.6,19.112,0.148,0.331204,40.88606,0.204983,0.978765,12.28902,30
iho-white-sea,2012,4.53,3.99,3.25,3.842,0.175,0.42771,66.11883,0.588055,0.808821,11.426851,30
iho-yellow-sea,2012,14.76,14.12,14.24,14.592,-0.099,0.353236,37.10378,0.823032,-0.567996,12.917778,30
indian,2012,18.59,18.58,18.6,18.52,0.056,0.090554,-24.80201,0.985963,0.166965,17.874379,30
med-east,2012,21.77,21.68,21.73,21.578,0.121,0.187553,33.972405,0.388183,0.921582,13.970857,30
med-west,2012,19.28,19.39,18.76,19.086,0.117,0.263788,39.641195,0.108319,0.994116,13.071896,30
north-sea,2012,10.28,10.36,9.89,10.42,-0.151,0.341116,55.991155,0.048807,0.998808,13.17933,30
pacific-north,2012,22.59,22.56,22.53,22.598,-0.008,0.104575,29.13773,-0.512453,-0.858715,17.983864,30
pacific-south,2012,19.77,19.58,19.68,19.706,-0.003,0.094361,-29.29769,-0.812176,-0.583412,18.148866,30
red,2012,28.57,28.18,28.91,28.452,0.05,0.267088,20.302025,0.622928,0.78228,13.012457,30
south-china,2012,28.02,27.62,28.34,27.93,0.024,0.246901,11.16138,0.913678,-0.406438,15.019307,30
southern,2012,-1.02,-1.05,-0.99,-1.022,-0.002,0.019391,-72.7774,-0.698579,-0.715533,16.901883,30
tasman,2012,16.29,16.54,16.78,16.456,0.014,0.184456,-40.43461,0.311587,-0.950217,15.020206,30
arabian,2013,27.96,27.93,27.88,28.042,-0.076,0.150917,12.45006,0.892737,0.450579,15.248859,31
arctic,2013,-1.51,-1.39,-1.44,-1.466,0.007,0.044989,80.71087,-0.663278,-0.748373,15.460999,31
atlantic-north,2013,21.65,21.65,21.53,21.614,0.027,0.122082,34.248285,-0.672091,0.740468,17.350575,31
atlantic-south,2013,16.88,16.85,16.98,16.966,-0.059,0.088904,-30.052735,-0.283797,0.958885,17.511694,31
baltic,2013,9.27,9.04,9.23,9.148,-0.004,0.220309,56.751155,0.324147,0.946007,12.295761,31
bengal,2013,28.74,28.65,28.55,28.708,-0.022,0.101272,14.952905,0.998516,0.054454,14.60031,31
bering,2013,4.43,3.83,4.41,4.228,-0.001,0.215629,58.967385,-0.158169,-0.987412,14.671337,31
black,2013,15.62,16.08,15.49,15.846,-0.05,0.285769,43.712375,0.560251,0.828323,12.953789,31
caribbean,2013,28.02,28.03,28.11,28.076,-0.001,0.163536,15.28978,-0.953381,0.301769,14.854371,31
caspian,2013,15.73,15.65,15.58,15.582,0.07,0.09988,41.860385,0.771846,0.635809,12.8917,31
coral,2013,26.55,26.51,26.64,26.636,-0.044,0.143332,-18.698505,0.380185,-0.92491,15.224138,31
gulf-mexico,2013,25.99,26.27,25.89,25.984,0.032,0.228701,24.262605,-0.999978,-0.00665,14.25895,31
iho-adriatic-sea,2013,19.02,19.55,19.2,18.894,0.261,0.477812,42.750975,0.274561,0.96157,11.860389,31
iho-aegean-sea,2013,20.09,20.61,20.61,20.36,0.034,0.278137,38.064275,0.434155,0.900838,12.178673,31
iho-alboran-sea,2013,19.39,18.99,19.6,19.282,0.009,0.204685,36.00498,-0.059967,0.9982,10.904011,31
iho-andaman-or-burma-sea,2013,29.04,28.97,28.78,29.016,-0.032,0.141506,11.345655,0.995242,-0.097431,13.323568,31
iho-arafura-sea,2013,28.36,28.07,28.08,28.296,-0.056,0.197646,-10.39485,0.686759,-0.726885,13.831679,31
iho-baffin-bay,2013,-0.11,0.06,-0.16,-0.03,-0.014,0.112071,76.206255,-0.960545,0.278125,13.18762,31
iho-banda-sea,2013,29.0,28.64,28.6,28.86,-0.031,0.215685,-4.85558,0.793037,-0.609173,13.443201,31
iho-barentsz-sea,2013,2.99,3.1,2.67,2.684,0.192,0.339211,73.955765,0.603995,0.796988,14.172227,31
iho-bass-strait,2013,16.29,15.72,15.89,16.006,0.016,0.194381,-39.35622,0.559203,-0.82903,11.637695,31
iho-bay-of-biscay,2013,15.46,15.55,15.89,15.514,0.041,0.207711,45.567995,-0.063151,0.998004,12.067709,31
iho-beaufort-sea,2013,-1.01,0.21,-0.19,-0.436,0.016,0.430423,72.07828,-0.657818,-0.753177,12.994443,31
iho-bismarck-sea,2013,29.71,29.54,29.73,29.686,-0.017,0.078638,-3.51689,0.531651,-0.846963,12.741831,31
iho-celebes-sea,2013,29.43,29.21,29.2,29.252,0.054,0.109252,4.320085,0.849589,-0.527446,13.027678,31
iho-celtic-sea,2013,13.19,13.14,13.29,13.232,-0.034,0.065544,49.57831,-0.146291,0.989242,12.280984,31
iho-ceram-sea,2013,29.07,28.78,28.77,28.97,-0.026,0.191102,-3.22909,0.747368,-0.66441,11.985275,31
iho-chukchi-sea,2013,0.53,0.11,0.77,0.574,-0.113,0.256328,68.851175,-0.125299,-0.992119,12.764697,31
iho-davis-strait,2013,1.42,1.66,1.71,1.742,-0.076,0.441651,65.055565,-0.846344,0.532637,13.53112,31
iho-east-siberian-sea,2013,-0.81,-0.46,-0.62,-0.636,-0.007,0.120764,72.69595,0.353866,-0.935296,13.372628,31
iho-eastern-china-sea,2013,22.47,22.11,21.85,22.166,0.032,0.215184,28.689,0.810496,-0.585744,13.538823,31
iho-english-channel,2013,12.72,12.92,13.11,12.818,0.016,0.210371,49.79585,-0.044076,0.999028,11.310102,31
iho-flores-sea,2013,28.95,28.57,28.42,28.788,-0.035,0.26977,-7.10454,0.870955,-0.491364,11.533032,31
iho-great-australian-bight,2013,16.68,16.65,16.66,16.59,0.063,0.09798,-37.505585,0.733327,-0.679876,14.094371,31
iho-greenland-sea,2013,1.51,1.43,1.32,1.412,0.028,0.064,73.913585,-0.141862,0.989886,13.994943,31
iho-gulf-of-aden,2013,28.49,28.2,28.16,28.388,-0.037,0.179711,12.781685,0.745063,0.666994,12.469715,31
iho-gulf-of-alaska,2013,7.93,7.03,7.72,7.602,0.015,0.342543,57.908245,-0.562787,-0.826602,12.941426,31
iho-gulf-of-bothnia,2013,7.98,7.49,7.55,7.556,0.115,0.243852,62.78759,0.334482,0.942402,11.677191,31
iho-gulf-of-california,2013,23.6,23.91,23.65,23.898,-0.166,0.298087,27.3495,-0.931231,-0.364428,12.100261,31
iho-gulf-of-finland,2013,7.9,7.6,7.67,7.656,0.055,0.174195,61.031815,0.521086,0.853504,10.977348,31
iho-gulf-of-guinea,2013,27.99,27.83,27.58,27.928,-0.038,0.230686,2.77271,0.064397,0.997924,13.525242,31
iho-gulf-of-st-lawrence,2013,6.46,7.16,6.59,6.502,0.201,0.442511,48.66826,-0.878473,0.477793,12.581716,31
iho-gulf-of-thailand,2013,29.2,29.01,28.78,29.106,-0.025,0.211244,9.90349,0.977828,-0.209412,12.593929,31
iho-halmahera-sea,2013,29.42,29.12,29.2,29.298,-0.001,0.152368,0.437415,0.774409,-0.632686,11.228075,31
iho-hudson-bay,2013,1.52,1.58,2.0,1.634,0.041,0.310329,58.60554,-0.997337,0.072937,13.641849,31
iho-hudson-strait,2013,0.17,0.64,0.95,0.514,0.006,0.323147,61.466505,-0.930268,0.366881,12.213959,31
iho-inner-seas-off-the-west-coast-of-scotland,2013,10.82,10.92,11.13,11.01,-0.084,0.145052,56.46592,-0.121627,0.992576,10.70905,31
iho-ionian-sea,2013,20.16,20.67,20.41,20.152,0.17,0.358463,38.47898,0.322653,0.946517,12.053467,31
iho-irish-sea-and-st-george-s-channel,2013,11.32,11.39,11.68,11.512,-0.087,0.162899,53.43632,-0.079881,0.996804,10.731206,31
iho-japan-sea,2013,13.71,13.72,13.61,13.77,-0.025,0.23639,42.18206,0.706473,-0.70774,13.879648,31
iho-java-sea,2013,29.05,28.76,28.53,28.954,-0.064,0.284577,-5.161905,0.925947,-0.377653,13.236044,31
iho-kara-sea,2013,-0.25,0.34,0.53,0.074,0.02,0.304408,73.75758,0.949378,0.314137,13.726479,31
iho-labrador-sea,2013,3.94,4.55,4.26,4.218,0.048,0.405236,53.9349,-0.795011,0.606595,13.677779,31
iho-laccadive-sea,2013,28.78,28.88,28.79,28.842,-0.024,0.053066,7.04053,0.970503,0.241089,13.635995,31
iho-laptev-sea,2013,-0.46,-0.33,-0.2,-0.366,0.003,0.094149,72.49477,0.718747,-0.695271,13.179195,31
iho-makassar-strait,2013,29.4,29.04,28.93,29.254,-0.036,0.242454,-2.133915,0.884652,-0.466253,12.186416,31
iho-malacca-strait,2013,29.54,29.45,29.27,29.458,0.015,0.143583,4.62758,0.986752,-0.162235,12.176829,31
iho-molukka-sea,2013,29.39,29.13,29.08,29.22,0.031,0.143805,1.29441,0.806409,-0.591359,12.302019,31
iho-mozambique-channel,2013,26.77,26.85,27.07,26.95,-0.054,0.155435,-18.652675,0.646908,0.762568,14.13694,31
iho-norwegian-sea,2013,7.41,7.1,7.33,7.28,-0.004,0.126965,68.77561,0.033764,0.99943,14.188602,31
iho-persian-gulf,2013,27.13,26.96,27.4,27.384,-0.152,0.397925,27.25814,0.777543,0.62883,12.408351,31
iho-philippine-sea,2013,27.65,27.42,27.36,27.508,0.018,0.130752,18.90921,0.720574,-0.693378,15.536311,31
iho-sea-of-okhotsk,2013,4.68,4.85,4.91,4.888,-0.088,0.131514,52.970885,0.505452,-0.862855,14.298006,31
iho-skagerrak,2013,9.91,10.01,10.23,10.016,-0.046,0.273613,58.491525,0.17484,0.984597,10.380145,31
iho-solomon-sea,2013,29.12,29.11,29.27,29.186,-0.016,0.105186,-8.362475,0.4558,-0.890082,13.512255,31
iho-sulu-sea,2013,29.27,29.05,28.84,29.022,0.081,0.168452,9.24238,0.860336,-0.509727,12.720177,31
iho-the-coastal-waters-of-southeast-alaska-and-british-columbia,2013,9.62,9.02,9.33,9.286,0.092,0.295134,53.145505,-0.75872,-0.651416,11.748468,31
iho-the-northwestern-passages,2013,-0.75,-0.41,-0.42,-0.552,0.003,0.165819,72.743745,-0.999893,-0.014615,13.883329,31
iho-timor-sea,2013,29.04,28.55,28.32,28.828,-0.055,0.34626,-11.69447,0.798564,-0.60191,12.967616,31
iho-tyrrhenian-sea,2013,19.16,19.56,19.36,19.152,0.112,0.322391,40.88606,0.204983,0.978765,12.28902,31
iho-white-sea,2013,4.09,4.53,3.99,3.888,0.23,0.439381,66.11883,0.588055,0.808821,11.426851,31
iho-yellow-sea,2013,15.09,14.76,14.12,14.652,0.06,0.403653,37.10378,0.823032,-0.567996,12.917778,31
indian,2013,18.56,18.59,18.58,18.558,0.019,0.050754,-24.80201,0.985963,0.166965,17.874379,31
med-east,2013,21.47,21.77,21.68,21.612,0.016,0.144554,33.972405,0.388183,0.921582,13.970857,31
med-west,2013,18.9,19.28,19.39,19.11,-0.012,0.239165,39.641195,0.108319,0.994116,13.071896,31
north-sea,2013,10.22,10.28,10.36,10.292,-0.059,0.263165,55.991155,0.048807,0.998808,13.17933,31
pacific-north,2013,22.78,22.59,22.56,22.652,0.002,0.114438,29.13773,-0.512453,-0.858715,17.983864,31
pacific-south,2013,19.73,19.77,19.58,19.722,-0.015,0.0902,-29.29769,-0.812176,-0.583412,18.148866,31
red,2013,28.53,28.57,28.18,28.514,-0.004,0.240716,20.302025,0.622928,0.78228,13.012457,31
south-china,2013,28.19,28.02,27.62,28.018,0.022,0.245471,11.16138,0.913678,-0.406438,15.019307,31
southern,2013,-0.96,-1.02,-1.05,-1.01,0.011,0.031623,-72.7774,-0.698579,-0.715533,16.901883,31
tasman,2013,16.65,16.29,16.54,16.524,0.009,0.180732,-40.43461,0.311587,-0.950217,15.020206,31
arabian,2014,28.06,27.96,27.93,28.02,-0.034,0.13813,12.45006,0.892737,0.450579,15.248859,32
arctic,2014,-1.51,-1.51,-1.39,-1.47,-0.009,0.047749,80.71087,-0.663278,-0.748373,15.460999,32
atlantic-north,2014,21.56,21.65,21.65,21.638,-0.036,0.094106,34.248285,-0.672091,0.740468,17.350575,32
atlantic-south,2014,17.0,16.88,16.85,16.95,-0.018,0.072664,-30.052735,-0.283797,0.958885,17.511694,32
baltic,2014,10.25,9.27,9.04,9.314,0.298,0.499063,56.751155,0.324147,0.946007,12.295761,32
bengal,2014,28.72,28.74,28.65,28.702,-0.007,0.099479,14.952905,0.998516,0.054454,14.60031,32
bering,2014,5.37,4.43,3.83,4.456,0.228,0.505316,58.967385,-0.158169,-0.987412,14.671337,32
black,2014,16.2,15.62,16.08,15.93,0.001,0.314325,43.712375,0.560251,0.828323,12.953789,32
caribbean,2014,28.06,28.02,28.03,28.116,-0.069,0.125952,15.28978,-0.953381,0.301769,14.854371,32
caspian,2014,15.79,15.73,15.65,15.648,0.075,0.106283,41.860385,0.771846,0.635809,12.8917,32
coral,2014,26.44,26.55,26.51,26.61,-0.103,0.16334,-18.698505,0.380185,-0.92491,15.224138,32
gulf-mexico,2014,25.96,25.99,26.27,25.944,0.08,0.211244,24.262605,-0.999978,-0.00665,14.25895,32
iho-adriatic-sea,2014,19.07,19.02,19.55,19.052,0.112,0.366246,42.750975,0.274561,0.96157,11.860389,32
iho-aegean-sea,2014,20.23,20.09,20.61,20.414,-0.112,0.214065,38.064275,0.434155,0.900838,12.178673,32
iho-alboran-sea,2014,19.33,19.39,18.99,19.298,0.009,0.204685,36.00498,-0.059967,0.9982,10.904011,32
iho-andaman-or-burma-sea,2014,28.99,29.04,28.97,28.998,-0.018,0.137899,11.345655,0.995242,-0.097431,13.323568,32
iho-arafura-sea,2014,28.21,28.36,28.07,28.262,-0.048,0.194874,-10.39485,0.686759,-0.726885,13.831679,32
iho-baffin-bay,2014,0.17,-0.11,0.06,0.02,0.011,0.132514,76.206255,-0.960545,0.278125,13.18762,32
iho-banda-sea,2014,28.67,29.0,28.64,28.816,-0.06,0.227209,-4.85558,0.793037,-0.609173,13.443201,32
iho-barentsz-sea,2014,2.58,2.99,3.1,2.7,0.116,0.331964,73.955765,0.603995,0.796988,14.172227,32
iho-bass-strait,2014,16.35,16.29,15.72,16.074,0.086,0.238378,-39.35622,0.559203,-0.82903,11.637695,32
iho-bay-of-biscay,2014,15.98,15.46,15.55,15.632,0.097,0.263773,45.567995,-0.063151,0.998004,12.067709,32
iho-beaufort-sea,2014,-0.56,-1.01,0.21,-0.392,-0.112,0.403406,72.07828,-0.657818,-0.753177,12.994443,32
iho-bismarck-sea,2014,29.56,29.71,29.54,29.662,-0.044,0.09368,-3.51689,0.531651,-0.846963,12.741831,32
iho-celebes-sea,2014,29.29,29.43,29.21,29.288,0.019,0.083042,4.320085,0.849589,-0.527446,13.027678,32
iho-celtic-sea,2014,13.68,13.19,13.14,13.304,0.082,0.194175,49.57831,-0.146291,0.989242,12.280984,32
iho-ceram-sea,2014,28.73,29.07,28.78,28.926,-0.08,0.214532,-3.22909,0.747368,-0.66441,11.985275,32
iho-chukchi-sea,2014,0.78,0.53,0.11,0.562,0.008,0.244737,68.851175,-0.125299,-0.992119,12.764697,32
iho-davis-strait,2014,1.82,1.42,1.66,1.838,-0.181,0.393365,65.055565,-0.846344,0.532637,13.53112,32
iho-east-siberian-sea,2014,-0.57,-0.81,-0.46,-0.606,-0.019,0.114647,72.69595,0.353866,-0.935296,13.372628,32
iho-eastern-china-sea,2014,22.16,22.47,22.11,22.132,0.08,0.199439,28.689,0.810496,-0.585744,13.538823,32
iho-english-channel,2014,13.3,12.72,12.92,12.906,0.125,0.287444,49.79585,-0.044076,0.999028,11.310102,32
iho-flores-sea,2014,28.82,28.95,28.57,28.788,-0.019,0.26977,-7.10454,0.870955,-0.491364,11.533032,32
iho-great-australian-bight,2014,16.6,16.68,16.65,16.626,0.014,0.050438,-37.505585,0.733327,-0.679876,14.094371,32
iho-greenland-sea,2014,1.73,1.51,1.43,1.484,0.079,0.137055,73.913585,-0.141862,0.989886,13.994943,32
iho-gulf-of-aden,2014,28.43,28.49,28.2,28.382,-0.007,0.177696,12.781685,0.745063,0.666994,12.469715,32
iho-gulf-of-alaska,2014,8.83,7.93,7.03,7.886,0.203,0.575243,57.908245,-0.562787,-0.826602,12.941426,32
iho-gulf-of-bothnia,2014,8.19,7.98,7.49,7.686,0.237,0.350577,62.78759,0.334482,0.942402,11.677191,32
iho-gulf-of-california,2014,25.19,23.6,23.91,24.048,0.255,0.584342,27.3495,-0.931231,-0.364428,12.100261,32
iho-gulf-of-finland,2014,8.07,7.9,7.6,7.722,0.163,0.242603,61.031815,0.521086,0.853504,10.977348,32
iho-gulf-of-guinea,2014,28.05,27.99,27.83,27.948,-0.007,0.236,2.77271,0.064397,0.997924,13.525242,32
iho-gulf-of-st-lawrence,2014,6.31,6.46,7.16,6.61,-0.057,0.290448,48.66826,-0.878473,0.477793,12.581716,32
iho-gulf-of-thailand,2014,29.28,29.2,29.01,29.138,0.014,0.222746,9.90349,0.977828,-0.209412,12.593929,32
iho-halmahera-sea,2014,29.25,29.42,29.12,29.304,-0.034,0.149746,0.437415,0.774409,-0.632686,11.228075,32
iho-hudson-bay,2014,1.78,1.52,1.58,1.762,-0.078,0.188085,58.60554,-0.997337,0.072937,13.641849,32
iho-hudson-strait,2014,0.46,0.17,0.64,0.584,-0.126,0.259738,61.466505,-0.930268,0.366881,12.213959,32
iho-inner-seas-off-the-west-coast-of-scotland,2014,11.58,10.82,10.92,11.082,0.093,0.268358,56.46592,-0.121627,0.992576,10.70905,32
iho-ionian-sea,2014,20.21,20.16,20.67,20.24,0.067,0.30371,38.47898,0.322653,0.946517,12.053467,32
iho-irish-sea-and-st-george-s-channel,2014,11.93,11.32,11.39,11.552,0.062,0.224446,53.43632,-0.079881,0.996804,10.731206,32
iho-japan-sea,2014,13.63,13.71,13.72,13.78,-0.11,0.229085,42.18206,0.706473,-0.70774,13.879648,32
iho-java-sea,2014,29.0,29.05,28.76,28.94,-0.02,0.280214,-5.161905,0.925947,-0.377653,13.236044,32
iho-kara-sea,2014,-0.33,-0.25,0.34,0.03,-0.116,0.341467,73.75758,0.949378,0.314137,13.726479,32
iho-labrador-sea,2014,4.14,3.94,4.55,4.324,-0.15,0.283309,53.9349,-0.795011,0.606595,13.677779,32
iho-laccadive-sea,2014,28.95,28.78,28.88,28.848,0.021,0.062418,7.04053,0.970503,0.241089,13.635995,32
iho-laptev-sea,2014,-0.39,-0.46,-0.33,-0.356,-0.024,0.088227,72.49477,0.718747,-0.695271,13.179195,32
iho-makassar-strait,2014,29.33,29.4,29.04,29.26,-0.007,0.243885,-2.133915,0.884652,-0.466253,12.186416,32
iho-malacca-strait,2014,29.36,29.54,29.45,29.46,-0.037,0.142127,4.62758,0.986752,-0.162235,12.176829,32
iho-molukka-sea,2014,29.07,29.39,29.13,29.214,-0.035,0.149211,1.29441,0.806409,-0.591359,12.302019,32
iho-mozambique-channel,2014,27.01,26.77,26.85,26.978,-0.066,0.15105,-18.652675,0.646908,0.762568,14.13694,32
iho-norwegian-sea,2014,7.76,7.41,7.1,7.352,0.128,0.232671,68.77561,0.033764,0.99943,14.188602,32
iho-persian-gulf,2014,27.17,27.13,26.96,27.356,-0.217,0.406969,27.25814,0.777543,0.62883,12.408351,32
iho-philippine-sea,2014,27.5,27.65,27.42,27.522,-0.007,0.125284,18.90921,0.720574,-0.693378,15.536311,32
iho-sea-of-okhotsk,2014,4.79,4.68,4.85,4.828,-0.047,0.086348,52.970885,0.505452,-0.862855,14.298006,32
iho-skagerrak,2014,11.07,9.91,10.01,10.158,0.268,0.503206,58.491525,0.17484,0.984597,10.380145,32
iho-solomon-sea,2014,28.85,29.12,29.11,29.14,-0.115,0.171114,-8.362475,0.4558,-0.890082,13.512255,32
iho-sulu-sea,2014,29.14,29.27,29.05,29.084,0.047,0.141223,9.24238,0.860336,-0.509727,12.720177,32
iho-the-coastal-waters-of-southeast-alaska-and-british-columbia,2014,10.13,9.62,9.02,9.536,0.139,0.366202,53.145505,-0.75872,-0.651416,11.748468,32
iho-the-northwestern-passages,2014,-0.69,-0.75,-0.41,-0.538,-0.087,0.149853,72.743745,-0.999893,-0.014615,13.883329,32
iho-timor-sea,2014,28.68,29.04,28.55,28.774,-0.048,0.34407,-11.69447,0.798564,-0.60191,12.967616,32
iho-tyrrhenian-sea,2014,19.62,19.16,19.56,19.26,0.184,0.367478,40.88606,0.204983,0.978765,12.28902,32
iho-white-sea,2014,3.95,4.09,4.53,3.962,0.15,0.411553,66.11883,0.588055,0.808821,11.426851,32
iho-yellow-sea,2014,14.98,15.09,14.76,14.638,0.245,0.39061,37.10378,0.823032,-0.567996,12.917778,32
indian,2014,18.61,18.56,18.59,18.588,0.0,0.017205,-24.80201,0.985963,0.166965,17.874379,32
med-east,2014,21.7,21.47,21.77,21.67,-0.027,0.104499,33.972405,0.388183,0.921582,13.970857,32
med-west,2014,19.49,18.9,19.28,19.164,0.097,0.284155,39.641195,0.108319,0.994116,13.071896,32
north-sea,2014,11.36,10.22,10.28,10.422,0.28,0.495516,55.991155,0.048807,0.998808,13.17933,32
pacific-north,2014,23.07,22.78,22.59,22.706,0.13,0.201851,29.13773,-0.512453,-0.858715,17.983864,32
pacific-south,2014,19.79,19.73,19.77,19.71,0.037,0.0751,-29.29769,-0.812176,-0.583412,18.148866,32
red,2014,28.41,28.53,28.57,28.52,-0.065,0.237655,20.302025,0.622928,0.78228,13.012457,32
south-china,2014,28.15,28.19,28.02,28.064,0.019,0.244344,11.16138,0.913678,-0.406438,15.019307,32
southern,2014,-1.02,-0.96,-1.02,-1.008,0.003,0.030594,-72.7774,-0.698579,-0.715533,16.901883,32
tasman,2014,16.68,16.65,16.29,16.588,-0.009,0.167499,-40.43461,0.311587,-0.950217,15.020206,32
arabian,2015,28.43,28.06,27.96,28.052,0.123,0.197929,12.45006,0.892737,0.450579,15.248859,33
arctic,2015,-1.48,-1.51,-1.51,-1.466,-0.02,0.045869,80.71087,-0.663278,-0.748373,15.460999,33
atlantic-north,2015,21.54,21.56,21.65,21.586,-0.007,0.053141,34.248285,-0.672091,0.740468,17.350575,33
atlantic-south,2015,17.02,17.0,16.88,16.946,0.023,0.068,-30.052735,-0.283797,0.958885,17.511694,33
baltic,2015,10.22,10.25,9.27,9.602,0.319,0.522739,56.751155,0.324147,0.946007,12.295761,33
bengal,2015,29.03,28.72,28.74,28.738,0.103,0.160424,14.952905,0.998516,0.054454,14.60031,33
bering,2015,5.1,5.37,4.43,4.628,0.292,0.547153,58.967385,-0.158169,-0.987412,14.671337,33
black,2015,15.98,16.2,15.62,15.874,0.11,0.272734,43.712375,0.560251,0.828323,12.953789,33
caribbean,2015,28.23,28.06,28.02,28.09,0.027,0.076681,15.28978,-0.953381,0.301769,14.854371,33
caspian,2015,15.82,15.79,15.73,15.714,0.062,0.088679,41.860385,0.771846,0.635809,12.8917,33
coral,2015,26.52,26.44,26.55,26.532,-0.031,0.064931,-18.698505,0.380185,-0.92491,15.224138,33
gulf-mexico,2015,26.58,25.96,25.99,26.138,0.107,0.256078,24.262605,-0.999978,-0.00665,14.25895,33
iho-adriatic-sea,2015,19.38,19.07,19.02,19.244,-0.012,0.197241,42.750975,0.274561,0.96157,11.860389,33
iho-aegean-sea,2015,19.98,20.23,20.09,20.304,-0.164,0.262114,38.064275,0.434155,0.900838,12.178673,33
iho-alboran-sea,2015,19.76,19.33,19.39,19.414,0.066,0.261427,36.00498,-0.059967,0.9982,10.904011,33
iho-andaman-or-burma-sea,2015,29.26,28.99,29.04,29.008,0.098,0.153805,11.345655,0.995242,-0.097431,13.323568,33
iho-arafura-sea,2015,28.28,28.21,28.36,28.2,0.054,0.112606,-10.39485,0.686759,-0.726885,13.831679,33
iho-baffin-bay,2015,-0.12,0.17,-0.11,-0.032,0.019,0.126079,76.206255,-0.960545,0.278125,13.18762,33
iho-banda-sea,2015,28.64,28.67,29.0,28.71,0.011,0.146697,-4.85558,0.793037,-0.609173,13.443201,33
iho-barentsz-sea,2015,3.17,2.58,2.99,2.902,0.048,0.235066,73.955765,0.603995,0.796988,14.172227,33
iho-bass-strait,2015,16.13,16.35,16.29,16.076,0.111,0.238797,-39.35622,0.559203,-0.82903,11.637695,33
iho-bay-of-biscay,2015,15.67,15.98,15.46,15.71,-0.001,0.197484,45.567995,-0.063151,0.998004,12.067709,33
iho-beaufort-sea,2015,-0.6,-0.56,-1.01,-0.43,-0.159,0.412165,72.07828,-0.657818,-0.753177,12.994443,33
iho-bismarck-sea,2015,29.47,29.56,29.71,29.602,-0.05,0.101074,-3.51689,0.531651,-0.846963,12.741831,33
iho-celebes-sea,2015,29.32,29.29,29.43,29.29,0.032,0.083666,4.320085,0.849589,-0.527446,13.027678,33
iho-celtic-sea,2015,13.22,13.68,13.19,13.304,0.04,0.194175,49.57831,-0.146291,0.989242,12.280984,33
iho-ceram-sea,2015,28.53,28.73,29.07,28.776,-0.053,0.172696,-3.22909,0.747368,-0.66441,11.985275,33
iho-chukchi-sea,2015,0.95,0.78,0.53,0.628,0.103,0.291506,68.851175,-0.125299,-0.992119,12.764697,33
iho-davis-strait,2015,1.09,1.82,1.42,1.54,-0.108,0.260231,65.055565,-0.846344,0.532637,13.53112,33
iho-east-siberian-sea,2015,-0.48,-0.57,-0.81,-0.588,0.017,0.125443,72.69595,0.353866,-0.935296,13.372628,33
iho-eastern-china-sea,2015,22.37,22.16,22.47,22.192,0.109,0.216185,28.689,0.810496,-0.585744,13.538823,33
iho-english-channel,2015,12.94,13.3,12.72,12.998,0.004,0.195182,49.79585,-0.044076,0.999028,11.310102,33
iho-flores-sea,2015,28.78,28.82,28.95,28.708,0.097,0.188828,-7.10454,0.870955,-0.491364,11.533032,33
iho-great-australian-bight,2015,16.54,16.6,16.68,16.626,-0.029,0.050438,-37.505585,0.733327,-0.679876,14.094371,33
iho-greenland-sea,2015,1.58,1.73,1.51,1.514,0.082,0.138362,73.913585,-0.141862,0.989886,13.994943,33
iho-gulf-of-aden,2015,28.79,28.43,28.49,28.414,0.149,0.227033,12.781685,0.745063,0.666994,12.469715,33
iho-gulf-of-alaska,2015,8.92,8.83,7.93,8.086,0.42,0.710284,57.908245,-0.562787,-0.826602,12.941426,33
iho-gulf-of-bothnia,2015,8.21,8.19,7.98,7.884,0.202,0.308519,62.78759,0.334482,0.942402,11.677191,33
iho-gulf-of-california,2015,26.05,25.19,23.6,24.48,0.608,0.975418,27.3495,-0.931231,-0.364428,12.100261,33
iho-gulf-of-finland,2015,8.19,8.07,7.9,7.886,0.151,0.225796,61.031815,0.521086,0.853504,10.977348,33
iho-gulf-of-guinea,2015,28.12,28.05,27.99,27.914,0.13,0.19252,2.77271,0.064397,0.997924,13.525242,33
iho-gulf-of-st-lawrence,2015,6.42,6.31,6.46,6.588,-0.119,0.299693,48.66826,-0.878473,0.477793,12.581716,33
iho-gulf-of-thailand,2015,29.45,29.28,29.2,29.144,0.161,0.23053,9.90349,0.977828,-0.209412,12.593929,33
iho-halmahera-sea,2015,28.86,29.25,29.42,29.17,-0.055,0.183521,0.437415,0.774409,-0.632686,11.228075,33
iho-hudson-bay,2015,0.99,1.78,1.52,1.574,-0.182,0.337022,58.60554,-0.997337,0.072937,13.641849,33
iho-hudson-strait,2015,-0.03,0.46,0.17,0.438,-0.214,0.344755,61.466505,-0.930268,0.366881,12.213959,33
iho-inner-seas-off-the-west-coast-of-scotland,2015,10.83,11.58,10.82,11.056,0.006,0.284717,56.46592,-0.121627,0.992576,10.70905,33
iho-ionian-sea,2015,20.67,20.21,20.16,20.424,0.006,0.217587,38.47898,0.322653,0.946517,12.053467,33
iho-irish-sea-and-st-george-s-channel,2015,11.63,11.93,11.32,11.59,0.044,0.218266,53.43632,-0.079881,0.996804,10.731206,33
iho-japan-sea,2015,13.33,13.63,13.71,13.6,-0.065,0.141704,42.18206,0.706473,-0.70774,13.879648,33
iho-java-sea,2015,29.21,29.0,29.05,28.91,0.16,0.238579,-5.161905,0.925947,-0.377653,13.236044,33
iho-kara-sea,2015,0.32,-0.33,-0.25,0.122,-0.109,0.345219,73.75758,0.949378,0.314137,13.726479,33
iho-labrador-sea,2015,3.71,4.14,3.94,4.12,-0.151,0.284746,53.9349,-0.795011,0.606595,13.677779,33
iho-laccadive-sea,2015,29.32,28.95,28.78,28.944,0.113,0.19805,7.04053,0.970503,0.241089,13.635995,33
iho-laptev-sea,2015,-0.43,-0.39,-0.46,-0.362,-0.052,0.091957,72.49477,0.718747,-0.695271,13.179195,33
iho-makassar-strait,2015,29.46,29.33,29.4,29.232,0.135,0.208749,-2.133915,0.884652,-0.466253,12.186416,33
iho-malacca-strait,2015,29.61,29.36,29.54,29.446,0.059,0.121754,4.62758,0.986752,-0.162235,12.176829,33
iho-molukka-sea,2015,28.82,29.07,29.39,29.098,-0.058,0.181483,1.29441,0.806409,-0.591359,12.302019,33
iho-mozambique-channel,2015,27.11,27.01,26.77,26.962,0.024,0.130599,-18.652675,0.646908,0.762568,14.13694,33
iho-norwegian-sea,2015,7.54,7.76,7.41,7.428,0.108,0.219217,68.77561,0.033764,0.99943,14.188602,33
iho-persian-gulf,2015,27.7,27.17,27.13,27.272,0.081,0.255922,27.25814,0.777543,0.62883,12.408351,33
iho-philippine-sea,2015,27.47,27.5,27.65,27.48,0.03,0.097365,18.90921,0.720574,-0.693378,15.536311,33
iho-sea-of-okhotsk,2015,4.61,4.79,4.68,4.768,-0.066,0.109618,52.970885,0.505452,-0.862855,14.298006,33
iho-skagerrak,2015,10.48,11.07,9.91,10.34,0.156,0.414343,58.491525,0.17484,0.984597,10.380145,33
iho-solomon-sea,2015,28.66,28.85,29.12,29.002,-0.148,0.217936,-8.362475,0.4558,-0.890082,13.512255,33
iho-sulu-sea,2015,29.09,29.14,29.27,29.078,0.059,0.1402,9.24238,0.860336,-0.509727,12.720177,33
iho-the-coastal-waters-of-southeast-alaska-and-british-columbia,2015,10.6,10.13,9.62,9.74,0.365,0.564376,53.145505,-0.75872,-0.651416,11.748468,33
iho-the-northwestern-passages,2015,-0.62,-0.69,-0.75,-0.578,-0.068,0.139341,72.743745,-0.999893,-0.014615,13.883329,33
iho-timor-sea,2015,28.82,28.68,29.04,28.682,0.113,0.243179,-11.69447,0.798564,-0.60191,12.967616,33
iho-tyrrhenian-sea,2015,19.86,19.62,19.16,19.512,0.106,0.237521,40.88606,0.204983,0.978765,12.28902,33
iho-white-sea,2015,4.71,3.95,4.09,4.254,0.086,0.30761,66.11883,0.588055,0.808821,11.426851,33
iho-yellow-sea,2015,15.12,14.98,15.09,14.814,0.222,0.369302,37.10378,0.823032,-0.567996,12.917778,33
indian,2015,18.73,18.61,18.56,18.614,0.032,0.0602,-24.80201,0.985963,0.166965,17.874379,33
med-east,2015,21.88,21.7,21.47,21.7,0.033,0.134611,33.972405,0.388183,0.921582,13.970857,33
med-west,2015,19.58,19.49,18.9,19.328,0.059,0.236254,39.641195,0.108319,0.994116,13.071896,33
north-sea,2015,10.64,11.36,10.22,10.572,0.164,0.419447,55.991155,0.048807,0.998808,13.17933,33
pacific-north,2015,23.29,23.07,22.78,22.858,0.194,0.282234,29.13773,-0.512453,-0.858715,17.983864,33
pacific-south,2015,19.91,19.79,19.73,19.756,0.068,0.106508,-29.29769,-0.812176,-0.583412,18.148866,33
red,2015,28.55,28.41,28.53,28.448,0.058,0.145107,20.302025,0.622928,0.78228,13.012457,33
south-china,2015,28.23,28.15,28.19,28.042,0.135,0.222477,11.16138,0.913678,-0.406438,15.019307,33
southern,2015,-1.05,-1.02,-0.96,-1.02,0.0,0.032863,-72.7774,-0.698579,-0.715533,16.901883,33
tasman,2015,16.69,16.68,16.65,16.57,0.069,0.1498,-40.43461,0.311587,-0.950217,15.020206,33
arabian,2016,28.38,28.43,28.06,28.152,0.137,0.211603,12.45006,0.892737,0.450579,15.248859,34
arctic,2016,-1.45,-1.48,-1.51,-1.468,-0.009,0.0449,80.71087,-0.663278,-0.748373,15.460999,34
atlantic-north,2016,21.73,21.54,21.56,21.626,0.005,0.068877,34.248285,-0.672091,0.740468,17.350575,34
atlantic-south,2016,17.03,17.02,17.0,16.956,0.05,0.075525,-30.052735,-0.283797,0.958885,17.511694,34
baltic,2016,10.06,10.22,10.25,9.768,0.299,0.509878,56.751155,0.324147,0.946007,12.295761,34
bengal,2016,29.22,29.03,28.72,28.872,0.143,0.2172,14.952905,0.998516,0.054454,14.60031,34
bering,2016,5.5,5.1,5.37,4.846,0.401,0.628032,58.967385,-0.158169,-0.987412,14.671337,34
black,2016,15.77,15.98,16.2,15.93,-0.026,0.209571,43.712375,0.560251,0.828323,12.953789,34
caribbean,2016,28.49,28.23,28.06,28.166,0.113,0.178953,15.28978,-0.953381,0.301769,14.854371,34
caspian,2016,15.86,15.82,15.79,15.77,0.051,0.073485,41.860385,0.771846,0.635809,12.8917,34
coral,2016,27.0,26.52,26.44,26.604,0.095,0.201256,-18.698505,0.380185,-0.92491,15.224138,34
gulf-mexico,2016,26.63,26.58,25.96,26.286,0.131,0.282461,24.262605,-0.999978,-0.00665,14.25895,34
iho-adriatic-sea,2016,19.45,19.38,19.07,19.294,0.016,0.21096,42.750975,0.274561,0.96157,11.860389,34
iho-aegean-sea,2016,20.2,19.98,20.23,20.222,-0.093,0.21311,38.064275,0.434155,0.900838,12.178673,34
iho-alboran-sea,2016,19.78,19.76,19.33,19.45,0.195,0.294822,36.00498,-0.059967,0.9982,10.904011,34
iho-andaman-or-burma-sea,2016,29.53,29.26,28.99,29.158,0.134,0.212735,11.345655,0.995242,-0.097431,13.323568,34
iho-arafura-sea,2016,29.02,28.28,28.21,28.388,0.182,0.330055,-10.39485,0.686759,-0.726885,13.831679,34
iho-baffin-bay,2016,0.18,-0.12,0.17,0.036,0.023,0.130323,76.206255,-0.960545,0.278125,13.18762,34
iho-banda-sea,2016,29.46,28.64,28.67,28.882,0.128,0.319399,-4.85558,0.793037,-0.609173,13.443201,34
iho-barentsz-sea,2016,3.72,3.17,2.58,3.112,0.142,0.366355,73.955765,0.603995,0.796988,14.172227,34
iho-bass-strait,2016,16.67,16.13,16.35,16.232,0.174,0.31038,-39.35622,0.559203,-0.82903,11.637695,34
iho-bay-of-biscay,2016,15.61,15.67,15.98,15.654,0.033,0.177155,45.567995,-0.063151,0.998004,12.067709,34
iho-beaufort-sea,2016,-0.61,-0.6,-0.56,-0.514,-0.123,0.39722,72.07828,-0.657818,-0.753177,12.994443,34
iho-bismarck-sea,2016,29.83,29.47,29.56,29.622,0.034,0.130138,-3.51689,0.531651,-0.846963,12.741831,34
iho-celebes-sea,2016,29.58,29.32,29.29,29.366,0.063,0.128156,4.320085,0.849589,-0.527446,13.027678,34
iho-celtic-sea,2016,13.57,13.22,13.68,13.36,0.089,0.220635,49.57831,-0.146291,0.989242,12.280984,34
iho-ceram-sea,2016,29.62,28.53,28.73,28.946,0.114,0.378661,-3.22909,0.747368,-0.66441,11.985275,34
iho-chukchi-sea,2016,0.85,0.95,0.78,0.644,0.19,0.300905,68.851175,-0.125299,-0.992119,12.764697,34
iho-davis-strait,2016,1.62,1.09,1.82,1.522,-0.041,0.250791,65.055565,-0.846344,0.532637,13.53112,34
iho-east-siberian-sea,2016,-0.56,-0.48,-0.57,-0.576,0.013,0.124676,72.69595,0.353866,-0.935296,13.372628,34
iho-eastern-china-sea,2016,22.8,22.37,22.16,22.382,0.128,0.247338,28.689,0.810496,-0.585744,13.538823,34
iho-english-channel,2016,13.41,12.94,13.3,13.058,0.12,0.25678,49.79585,-0.044076,0.999028,11.310102,34
iho-flores-sea,2016,29.36,28.78,28.82,28.896,0.141,0.262191,-7.10454,0.870955,-0.491364,11.533032,34
iho-great-australian-bight,2016,16.31,16.54,16.6,16.556,-0.082,0.131848,-37.505585,0.733327,-0.679876,14.094371,34
iho-greenland-sea,2016,1.94,1.58,1.73,1.638,0.109,0.180377,73.913585,-0.141862,0.989886,13.994943,34
iho-gulf-of-aden,2016,28.74,28.79,28.43,28.53,0.138,0.215499,12.781685,0.745063,0.666994,12.469715,34
iho-gulf-of-alaska,2016,9.38,8.92,8.83,8.418,0.569,0.838079,57.908245,-0.562787,-0.826602,12.941426,34
iho-gulf-of-bothnia,2016,8.17,8.21,8.19,8.008,0.159,0.271765,62.78759,0.334482,0.942402,11.677191,34
iho-gulf-of-california,2016,24.61,26.05,25.19,24.672,0.385,0.883276,27.3495,-0.931231,-0.364428,12.100261,34
iho-gulf-of-finland,2016,8.39,8.19,8.07,8.03,0.187,0.267806,61.031815,0.521086,0.853504,10.977348,34
iho-gulf-of-guinea,2016,28.37,28.12,28.05,28.072,0.121,0.177133,2.77271,0.064397,0.997924,13.525242,34
iho-gulf-of-st-lawrence,2016,6.76,6.42,6.31,6.622,-0.084,0.307532,48.66826,-0.878473,0.477793,12.581716,34
iho-gulf-of-thailand,2016,29.54,29.45,29.28,29.296,0.131,0.186826,9.90349,0.977828,-0.209412,12.593929,34
iho-halmahera-sea,2016,29.82,28.86,29.25,29.294,0.084,0.32035,0.437415,0.774409,-0.632686,11.228075,34
iho-hudson-bay,2016,2.03,0.99,1.78,1.58,0.037,0.344732,58.60554,-0.997337,0.072937,13.641849,34
iho-hudson-strait,2016,0.11,-0.03,0.46,0.27,-0.126,0.244377,61.466505,-0.930268,0.366881,12.213959,34
iho-inner-seas-off-the-west-coast-of-scotland,2016,11.19,10.83,11.58,11.068,0.055,0.288818,56.46592,-0.121627,0.992576,10.70905,34
iho-ionian-sea,2016,20.57,20.67,20.21,20.456,0.031,0.22482,38.47898,0.322653,0.946517,12.053467,34
iho-irish-sea-and-st-george-s-channel,2016,12.15,11.63,11.93,11.684,0.183,0.316076,53.43632,-0.079881,0.996804,10.731206,34
iho-japan-sea,2016,13.9,13.33,13.63,13.658,-0.002,0.186269,42.18206,0.706473,-0.70774,13.879648,34
iho-java-sea,2016,29.65,29.21,29.0,29.134,0.194,0.295608,-5.161905,0.925947,-0.377653,13.236044,34
iho-kara-sea,2016,0.2,0.32,-0.33,0.056,0.029,0.287653,73.75758,0.949378,0.314137,13.726479,34
iho-labrador-sea,2016,3.92,3.71,4.14,4.052,-0.149,0.283789,53.9349,-0.795011,0.606595,13.677779,34
iho-laccadive-sea,2016,29.27,29.32,28.95,29.04,0.132,0.215685,7.04053,0.970503,0.241089,13.635995,34
iho-laptev-sea,2016,-0.47,-0.43,-0.39,-0.416,-0.025,0.051225,72.49477,0.718747,-0.695271,13.179195,34
iho-makassar-strait,2016,29.73,29.46,29.33,29.392,0.144,0.222117,-2.133915,0.884652,-0.466253,12.186416,34
iho-malacca-strait,2016,29.8,29.61,29.36,29.552,0.077,0.149853,4.62758,0.986752,-0.162235,12.176829,34
iho-molukka-sea,2016,29.58,28.82,29.07,29.198,0.033,0.263317,1.29441,0.806409,-0.591359,12.302019,34
iho-mozambique-channel,2016,26.93,27.11,27.01,26.934,0.05,0.118929,-18.652675,0.646908,0.762568,14.13694,34
iho-norwegian-sea,2016,7.78,7.54,7.76,7.518,0.149,0.250631,68.77561,0.033764,0.99943,14.188602,34
iho-persian-gulf,2016,27.91,27.7,27.17,27.374,0.247,0.364999,27.25814,0.777543,0.62883,12.408351,34
iho-philippine-sea,2016,28.03,27.47,27.5,27.614,0.104,0.221684,18.90921,0.720574,-0.693378,15.536311,34
iho-sea-of-okhotsk,2016,4.84,4.61,4.79,4.754,-0.009,0.093936,52.970885,0.505452,-0.862855,14.298006,34
iho-skagerrak,2016,10.87,10.48,11.07,10.468,0.229,0.457226,58.491525,0.17484,0.984597,10.380145,34
iho-solomon-sea,2016,29.2,28.66,28.85,28.988,-0.028,0.201931,-8.362475,0.4558,-0.890082,13.512255,34
iho-sulu-sea,2016,29.48,29.09,29.14,29.206,0.068,0.155769,9.24238,0.860336,-0.509727,12.720177,34
iho-the-coastal-waters-of-southeast-alaska-and-british-columbia,2016,10.56,10.6,10.13,9.986,0.406,0.599053,53.145505,-0.75872,-0.651416,11.748468,34
iho-the-northwestern-passages,2016,-0.33,-0.62,-0.69,-0.56,0.029,0.162481,72.743745,-0.999893,-0.014615,13.883329,34
iho-timor-sea,2016,29.53,28.82,28.68,28.924,0.174,0.343779,-11.69447,0.798564,-0.60191,12.967616,34
iho-tyrrhenian-sea,2016,19.56,19.86,19.62,19.552,0.07,0.225069,40.88606,0.204983,0.978765,12.28902,34
iho-white-sea,2016,4.72,4.71,3.95,4.4,0.1,0.320624,66.11883,0.588055,0.808821,11.426851,34
iho-yellow-sea,2016,15.03,15.12,14.98,14.996,0.057,0.12753,37.10378,0.823032,-0.567996,12.917778,34
indian,2016,18.66,18.73,18.61,18.63,0.031,0.059666,-24.80201,0.985963,0.166965,17.874379,34
med-east,2016,21.92,21.88,21.7,21.748,0.071,0.159424,33.972405,0.388183,0.921582,13.970857,34
med-west,2016,19.46,19.58,19.49,19.342,0.104,0.241528,39.641195,0.108319,0.994116,13.071896,34
north-sea,2016,11.15,10.64,11.36,10.73,0.216,0.456946,55.991155,0.048807,0.998808,13.17933,34
pacific-north,2016,23.03,23.29,23.07,22.952,0.139,0.24285,29.13773,-0.512453,-0.858715,17.983864,34
pacific-south,2016,20.04,19.91,19.79,19.848,0.072,0.113208,-29.29769,-0.812176,-0.583412,18.148866,34
red,2016,28.81,28.55,28.41,28.574,0.05,0.130476,20.302025,0.622928,0.78228,13.012457,34
south-china,2016,28.48,28.23,28.15,28.214,0.096,0.150546,11.16138,0.913678,-0.406438,15.019307,34
southern,2016,-0.92,-1.05,-1.02,-0.994,0.011,0.047159,-72.7774,-0.698579,-0.715533,16.901883,34
tasman,2016,16.95,16.69,16.68,16.652,0.136,0.210751,-40.43461,0.311587,-0.950217,15.020206,34
arabian,2017,28.43,28.38,28.43,28.252,0.126,0.200938,12.45006,0.892737,0.450579,15.248859,35
arctic,2017,-1.41,-1.45,-1.48,-1.472,0.026,0.038158,80.71087,-0.663278,-0.748373,15.460999,35
atlantic-north,2017,21.81,21.73,21.54,21.658,0.049,0.101863,34.248285,-0.672091,0.740468,17.350575,35
atlantic-south,2017,17.03,17.03,17.02,16.992,0.033,0.057061,-30.052735,-0.283797,0.958885,17.511694,35
baltic,2017,9.64,10.06,10.22,9.888,0.055,0.377963,56.751155,0.324147,0.946007,12.295761,35
bengal,2017,28.91,29.22,29.03,28.924,0.084,0.186826,14.952905,0.998516,0.054454,14.60031,35
bering,2017,5.05,5.5,5.1,5.09,0.137,0.369811,58.967385,-0.158169,-0.987412,14.671337,35
black,2017,15.71,15.77,15.98,15.856,-0.025,0.208864,43.712375,0.560251,0.828323,12.953789,35
caribbean,2017,28.4,28.49,28.23,28.24,0.119,0.183848,15.28978,-0.953381,0.301769,14.854371,35
caspian,2017,15.93,15.86,15.82,15.826,0.047,0.067112,41.860385,0.771846,0.635809,12.8917,35
coral,2017,26.87,27.0,26.52,26.676,0.12,0.218412,-18.698505,0.380185,-0.92491,15.224138,35
gulf-mexico,2017,26.59,26.63,26.58,26.35,0.187,0.30679,24.262605,-0.999978,-0.00665,14.25895,35
iho-adriatic-sea,2017,18.84,19.45,19.38,19.152,0.002,0.229033,42.750975,0.274561,0.96157,11.860389,35
iho-aegean-sea,2017,19.9,20.2,19.98,20.08,-0.041,0.126016,38.064275,0.434155,0.900838,12.178673,35
iho-alboran-sea,2017,20.05,19.78,19.76,19.662,0.177,0.267686,36.00498,-0.059967,0.9982,10.904011,35
iho-andaman-or-burma-sea,2017,29.2,29.53,29.26,29.204,0.086,0.190851,11.345655,0.995242,-0.097431,13.323568,35
iho-arafura-sea,2017,28.53,29.02,28.28,28.48,0.115,0.29031,-10.39485,0.686759,-0.726885,13.831679,35
iho-baffin-bay,2017,0.03,0.18,-0.12,0.03,0.029,0.129769,76.206255,-0.960545,0.278125,13.18762,35
iho-banda-sea,2017,29.01,29.46,28.64,28.956,0.081,0.296823,-4.85558,0.793037,-0.609173,13.443201,35
iho-barentsz-sea,2017,2.98,3.72,3.17,3.088,0.112,0.370265,73.955765,0.603995,0.796988,14.172227,35
iho-bass-strait,2017,16.49,16.67,16.13,16.386,0.072,0.183041,-39.35622,0.559203,-0.82903,11.637695,35
iho-bay-of-biscay,2017,15.56,15.61,15.67,15.656,-0.017,0.176023,45.567995,-0.063151,0.998004,12.067709,35
iho-beaufort-sea,2017,-0.35,-0.61,-0.6,-0.626,0.127,0.213972,72.07828,-0.657818,-0.753177,12.994443,35
iho-bismarck-sea,2017,29.93,29.83,29.47,29.7,0.071,0.16876,-3.51689,0.531651,-0.846963,12.741831,35
iho-celebes-sea,2017,29.61,29.58,29.32,29.446,0.065,0.130629,4.320085,0.849589,-0.527446,13.027678,35
iho-celtic-sea,2017,13.56,13.57,13.22,13.444,0.063,0.19986,49.57831,-0.146291,0.989242,12.280984,35
iho-ceram-sea,2017,29.25,29.62,28.53,29.04,0.125,0.384083,-3.22909,0.747368,-0.66441,11.985275,35
iho-chukchi-sea,2017,1.27,0.85,0.95,0.876,0.155,0.240965,68.851175,-0.125299,-0.992119,12.764697,35
iho-davis-strait,2017,1.43,1.62,1.09,1.476,-0.018,0.242207,65.055565,-0.846344,0.532637,13.53112,35
iho-east-siberian-sea,2017,-0.31,-0.56,-0.48,-0.546,0.101,0.161567,72.69595,0.353866,-0.935296,13.372628,35
iho-eastern-china-sea,2017,23.24,22.8,22.37,22.608,0.218,0.377539,28.689,0.810496,-0.585744,13.538823,35
iho-english-channel,2017,13.32,13.41,12.94,13.138,0.131,0.263545,49.79585,-0.044076,0.999028,11.310102,35
iho-flores-sea,2017,28.73,29.36,28.78,28.928,0.01,0.227982,-7.10454,0.870955,-0.491364,11.533032,35
iho-great-australian-bight,2017,16.37,16.31,16.54,16.5,-0.091,0.139284,-37.505585,0.733327,-0.679876,14.094371,35
iho-greenland-sea,2017,1.69,1.94,1.58,1.69,0.057,0.147377,73.913585,-0.141862,0.989886,13.994943,35
iho-gulf-of-aden,2017,28.87,28.74,28.79,28.664,0.107,0.172696,12.781685,0.745063,0.666994,12.469715,35
iho-gulf-of-alaska,2017,8.35,9.38,8.92,8.682,0.139,0.498293,57.908245,-0.562787,-0.826602,12.941426,35
iho-gulf-of-bothnia,2017,8.18,8.17,8.21,8.146,0.038,0.084048,62.78759,0.334482,0.942402,11.677191,35
iho-gulf-of-california,2017,24.19,24.61,26.05,24.728,0.06,0.841056,27.3495,-0.931231,-0.364428,12.100261,35
iho-gulf-of-finland,2017,8.14,8.39,8.19,8.138,0.08,0.159675,61.031815,0.521086,0.853504,10.977348,35
iho-gulf-of-guinea,2017,28.44,28.37,28.12,28.194,0.122,0.178505,2.77271,0.064397,0.997924,13.525242,35
iho-gulf-of-st-lawrence,2017,6.52,6.76,6.42,6.494,0.057,0.149613,48.66826,-0.878473,0.477793,12.581716,35
iho-gulf-of-thailand,2017,29.13,29.54,29.45,29.32,0.012,0.153232,9.90349,0.977828,-0.209412,12.593929,35
iho-halmahera-sea,2017,29.62,29.82,28.86,29.394,0.097,0.328366,0.437415,0.774409,-0.632686,11.228075,35
iho-hudson-bay,2017,1.92,2.03,0.99,1.648,0.105,0.370589,58.60554,-0.997337,0.072937,13.641849,35
iho-hudson-strait,2017,0.24,0.11,-0.03,0.19,-0.021,0.161617,61.466505,-0.930268,0.366881,12.213959,35
iho-inner-seas-off-the-west-coast-of-scotland,2017,11.06,11.19,10.83,11.096,0.009,0.279757,56.46592,-0.121627,0.992576,10.70905,35
iho-ionian-sea,2017,20.38,20.57,20.67,20.398,0.08,0.197929,38.47898,0.322653,0.946517,12.053467,35
iho-irish-sea-and-st-george-s-channel,2017,11.8,12.15,11.63,11.766,0.118,0.280328,53.43632,-0.079881,0.996804,10.731206,35
iho-japan-sea,2017,14.06,13.9,13.33,13.726,0.097,0.248242,42.18206,0.706473,-0.70774,13.879648,35
iho-java-sea,2017,29.06,29.65,29.21,29.194,0.067,0.238546,-5.161905,0.925947,-0.377653,13.236044,35
iho-kara-sea,2017,-0.23,0.2,0.32,-0.058,0.057,0.26453,73.75758,0.949378,0.314137,13.726479,35
iho-labrador-sea,2017,3.83,3.92,3.71,3.908,-0.044,0.141619,53.9349,-0.795011,0.606595,13.677779,35
iho-laccadive-sea,2017,29.12,29.27,29.32,29.088,0.1,0.200938,7.04053,0.970503,0.241089,13.635995,35
iho-laptev-sea,2017,-0.34,-0.47,-0.43,-0.418,0.016,0.047917,72.49477,0.718747,-0.695271,13.179195,35
iho-makassar-strait,2017,29.47,29.73,29.46,29.478,0.054,0.135558,-2.133915,0.884652,-0.466253,12.186416,35
iho-malacca-strait,2017,29.43,29.8,29.61,29.548,0.022,0.152761,4.62758,0.986752,-0.162235,12.176829,35
iho-molukka-sea,2017,29.56,29.58,28.82,29.284,0.085,0.295337,1.29441,0.806409,-0.591359,12.302019,35
iho-mozambique-channel,2017,26.95,26.93,27.11,26.954,0.028,0.111283,-18.652675,0.646908,0.762568,14.13694,35
iho-norwegian-sea,2017,7.71,7.78,7.54,7.64,0.062,0.142688,68.77561,0.033764,0.99943,14.188602,35
iho-persian-gulf,2017,28.19,27.91,27.7,27.62,0.286,0.414246,27.25814,0.777543,0.62883,12.408351,35
iho-philippine-sea,2017,27.92,28.03,27.47,27.714,0.107,0.224375,18.90921,0.720574,-0.693378,15.536311,35
iho-sea-of-okhotsk,2017,5.05,4.84,4.61,4.794,0.079,0.151341,52.970885,0.505452,-0.862855,14.298006,35
iho-skagerrak,2017,10.92,10.87,10.48,10.65,0.182,0.418139,58.491525,0.17484,0.984597,10.380145,35
iho-solomon-sea,2017,29.34,29.2,28.66,29.034,0.079,0.245894,-8.362475,0.4558,-0.890082,13.512255,35
iho-sulu-sea,2017,29.34,29.48,29.09,29.264,0.048,0.140086,9.24238,0.860336,-0.509727,12.720177,35
iho-the-coastal-waters-of-southeast-alaska-and-british-columbia,2017,9.93,10.56,10.6,10.168,0.105,0.373813,53.145505,-0.75872,-0.651416,11.748468,35
iho-the-northwestern-passages,2017,-0.47,-0.33,-0.62,-0.572,0.092,0.152892,72.743745,-0.999893,-0.014615,13.883329,35
iho-timor-sea,2017,29.01,29.53,28.82,29.016,0.079,0.288486,-11.69447,0.798564,-0.60191,12.967616,35
iho-tyrrhenian-sea,2017,19.46,19.56,19.86,19.532,0.054,0.227895,40.88606,0.204983,0.978765,12.28902,35
iho-white-sea,2017,4.51,4.72,4.71,4.396,0.161,0.319099,66.11883,0.588055,0.808821,11.426851,35
iho-yellow-sea,2017,15.74,15.03,15.12,15.192,0.135,0.278237,37.10378,0.823032,-0.567996,12.917778,35
indian,2017,18.59,18.66,18.73,18.63,0.011,0.059666,-24.80201,0.985963,0.166965,17.874379,35
med-east,2017,21.74,21.92,21.88,21.742,0.076,0.159047,33.972405,0.388183,0.921582,13.970857,35
med-west,2017,19.58,19.46,19.58,19.402,0.133,0.255531,39.641195,0.108319,0.994116,13.071896,35
north-sea,2017,11.08,11.15,10.64,10.89,0.151,0.408901,55.991155,0.048807,0.998808,13.17933,35
pacific-north,2017,23.01,23.03,23.29,23.036,0.042,0.162432,29.13773,-0.512453,-0.858715,17.983864,35
pacific-south,2017,19.99,20.04,19.91,19.892,0.077,0.11703,-29.29769,-0.812176,-0.583412,18.148866,35
red,2017,28.81,28.81,28.55,28.622,0.096,0.160798,20.302025,0.622928,0.78228,13.012457,35
south-china,2017,28.23,28.48,28.23,28.256,0.041,0.115862,11.16138,0.913678,-0.406438,15.019307,35
southern,2017,-0.75,-0.92,-1.05,-0.94,0.052,0.105262,-72.7774,-0.698579,-0.715533,16.901883,35
tasman,2017,16.91,16.95,16.69,16.776,0.079,0.127059,-40.43461,0.311587,-0.950217,15.020206,35
arabian,2018,28.17,28.43,28.38,28.294,0.022,0.151341,12.45006,0.892737,0.450579,15.248859,36
arctic,2018,-1.46,-1.41,-1.45,-1.462,0.017,0.033106,80.71087,-0.663278,-0.748373,15.460999,36
atlantic-north,2018,21.57,21.81,21.73,21.642,0.029,0.107963,34.248285,-0.672091,0.740468,17.350575,36
atlantic-south,2018,17.2,17.03,17.03,17.056,0.041,0.072829,-30.052735,-0.283797,0.958885,17.511694,36
baltic,2018,10.36,9.64,10.06,10.106,-0.036,0.252,56.751155,0.324147,0.946007,12.295761,36
bengal,2018,28.82,28.91,29.22,28.94,0.008,0.173321,14.952905,0.998516,0.054454,14.60031,36
bering,2018,5.43,5.05,5.5,5.29,0.007,0.180997,58.967385,-0.158169,-0.987412,14.671337,36
black,2018,16.36,15.71,15.77,16.004,0.005,0.247758,43.712375,0.560251,0.828323,12.953789,36
caribbean,2018,28.02,28.4,28.49,28.24,0.009,0.183848,15.28978,-0.953381,0.301769,14.854371,36
caspian,2018,15.9,15.93,15.86,15.86,0.033,0.05099,41.860385,0.771846,0.635809,12.8917,36
coral,2018,26.79,26.87,27.0,26.724,0.105,0.211717,-18.698505,0.380185,-0.92491,15.224138,36
gulf-mexico,2018,26.64,26.59,26.63,26.48,0.137,0.260998,24.262605,-0.999978,-0.00665,14.25895,36
iho-adriatic-sea,2018,19.27,18.84,19.45,19.202,-0.014,0.221937,42.750975,0.274561,0.96157,11.860389,36
iho-aegean-sea,2018,20.32,19.9,20.2,20.126,0.01,0.158947,38.064275,0.434155,0.900838,12.178673,36
iho-alboran-sea,2018,19.56,20.05,19.78,19.696,0.075,0.240383,36.00498,-0.059967,0.9982,10.904011,36
iho-andaman-or-burma-sea,2018,29.0,29.2,29.53,29.196,-0.004,0.198252,11.345655,0.995242,-0.097431,13.323568,36
iho-arafura-sea,2018,28.39,28.53,29.02,28.486,0.061,0.288069,-10.39485,0.686759,-0.726885,13.831679,36
iho-baffin-bay,2018,-0.29,0.03,0.18,-0.006,-0.077,0.179176,76.206255,-0.960545,0.278125,13.18762,36
iho-banda-sea,2018,28.81,29.01,29.46,28.918,0.065,0.300892,-4.85558,0.793037,-0.609173,13.443201,36
iho-barentsz-sea,2018,3.22,2.98,3.72,3.134,0.109,0.369519,73.955765,0.603995,0.796988,14.172227,36
iho-bass-strait,2018,16.41,16.49,16.67,16.41,0.048,0.176635,-39.35622,0.559203,-0.82903,11.637695,36
iho-bay-of-biscay,2018,15.64,15.56,15.61,15.692,-0.079,0.148513,45.567995,-0.063151,0.998004,12.067709,36
iho-beaufort-sea,2018,-0.98,-0.35,-0.61,-0.62,-0.059,0.203273,72.07828,-0.657818,-0.753177,12.994443,36
iho-bismarck-sea,2018,29.78,29.93,29.83,29.714,0.09,0.171884,-3.51689,0.531651,-0.846963,12.741831,36
iho-celebes-sea,2018,29.51,29.61,29.58,29.462,0.073,0.132575,4.320085,0.849589,-0.527446,13.027678,36
iho-celtic-sea,2018,13.35,13.56,13.57,13.476,-0.032,0.166685,49.57831,-0.146291,0.989242,12.280984,36
iho-ceram-sea,2018,28.97,29.25,29.62,29.02,0.12,0.384604,-3.22909,0.747368,-0.66441,11.985275,36
iho-chukchi-sea,2018,1.53,1.27,0.85,1.076,0.182,0.282248,68.851175,-0.125299,-0.992119,12.764697,36
iho-davis-strait,2018,1.14,1.43,1.62,1.42,-0.102,0.278352,65.055565,-0.846344,0.532637,13.53112,36
iho-east-siberian-sea,2018,-0.75,-0.31,-0.56,-0.534,-0.019,0.142632,72.69595,0.353866,-0.935296,13.372628,36
iho-eastern-china-sea,2018,22.71,23.24,22.8,22.656,0.197,0.372161,28.689,0.810496,-0.585744,13.538823,36
iho-english-channel,2018,12.91,13.32,13.41,13.176,-0.04,0.20848,49.79585,-0.044076,0.999028,11.310102,36
iho-flores-sea,2018,28.61,28.73,29.36,28.86,-0.047,0.259769,-7.10454,0.870955,-0.491364,11.533032,36
iho-great-australian-bight,2018,16.43,16.37,16.31,16.45,-0.051,0.106771,-37.505585,0.733327,-0.679876,14.094371,36
iho-greenland-sea,2018,1.77,1.69,1.94,1.742,0.019,0.117541,73.913585,-0.141862,0.989886,13.994943,36
iho-gulf-of-aden,2018,28.18,28.87,28.74,28.602,-0.042,0.258411,12.781685,0.745063,0.666994,12.469715,36
iho-gulf-of-alaska,2018,8.44,8.35,9.38,8.784,-0.135,0.369464,57.908245,-0.562787,-0.826602,12.941426,36
iho-gulf-of-bothnia,2018,8.33,8.18,8.17,8.216,0.025,0.058515,62.78759,0.334482,0.942402,11.677191,36
iho-gulf-of-california,2018,24.49,24.19,24.61,24.906,-0.326,0.657681,27.3495,-0.931231,-0.364428,12.100261,36
iho-gulf-of-finland,2018,8.62,8.14,8.39,8.282,0.105,0.19974,61.031815,0.521086,0.853504,10.977348,36
iho-gulf-of-guinea,2018,28.42,28.44,28.37,28.28,0.106,0.162358,2.77271,0.064397,0.997924,13.525242,36
iho-gulf-of-st-lawrence,2018,6.05,6.52,6.76,6.412,-0.042,0.234214,48.66826,-0.878473,0.477793,12.581716,36
iho-gulf-of-thailand,2018,29.16,29.13,29.54,29.312,-0.056,0.160175,9.90349,0.977828,-0.209412,12.593929,36
iho-halmahera-sea,2018,29.33,29.62,29.82,29.376,0.092,0.328913,0.437415,0.774409,-0.632686,11.228075,36
iho-hudson-bay,2018,0.98,1.92,2.03,1.54,-0.067,0.460043,58.60554,-0.997337,0.072937,13.641849,36
iho-hudson-strait,2018,0.03,0.24,0.11,0.162,-0.059,0.174287,61.466505,-0.930268,0.366881,12.213959,36
iho-inner-seas-off-the-west-coast-of-scotland,2018,10.76,11.06,11.19,11.084,-0.141,0.292342,56.46592,-0.121627,0.992576,10.70905,36
iho-ionian-sea,2018,20.83,20.38,20.57,20.532,0.095,0.217292,38.47898,0.322653,0.946517,12.053467,36
iho-irish-sea-and-st-george-s-channel,2018,11.68,11.8,12.15,11.838,-0.033,0.187339,53.43632,-0.079881,0.996804,10.731206,36
iho-japan-sea,2018,13.74,14.06,13.9,13.732,0.095,0.248145,42.18206,0.706473,-0.70774,13.879648,36
iho-java-sea,2018,28.94,29.06,29.65,29.172,-0.027,0.255296,-5.161905,0.925947,-0.377653,13.236044,36
iho-kara-sea,2018,-0.0,-0.23,0.2,-0.008,0.011,0.246528,73.75758,0.949378,0.314137,13.726479,36
iho-labrador-sea,2018,3.69,3.83,3.92,3.858,-0.078,0.163878,53.9349,-0.795011,0.606595,13.677779,36
iho-laccadive-sea,2018,29.06,29.12,29.27,29.144,0.002,0.135735,7.04053,0.970503,0.241089,13.635995,36
iho-laptev-sea,2018,-0.27,-0.34,-0.47,-0.38,0.033,0.069857,72.49477,0.718747,-0.695271,13.179195,36
iho-makassar-strait,2018,29.29,29.47,29.73,29.456,-0.007,0.154091,-2.133915,0.884652,-0.466253,12.186416,36
iho-malacca-strait,2018,29.3,29.43,29.8,29.5,-0.03,0.182538,4.62758,0.986752,-0.162235,12.176829,36
iho-molukka-sea,2018,29.3,29.56,29.58,29.266,0.12,0.29104,1.29441,0.806409,-0.591359,12.302019,36
iho-mozambique-channel,2018,26.91,26.95,26.93,26.982,-0.036,0.072222,-18.652675,0.646908,0.762568,14.13694,36
iho-norwegian-sea,2018,7.51,7.71,7.78,7.66,-0.033,0.11296,68.77561,0.033764,0.99943,14.188602,36
iho-persian-gulf,2018,27.91,28.19,27.91,27.776,0.197,0.340682,27.25814,0.777543,0.62883,12.408351,36
iho-philippine-sea,2018,27.76,27.92,28.03,27.736,0.097,0.222405,18.90921,0.720574,-0.693378,15.536311,36
iho-sea-of-okhotsk,2018,4.79,5.05,4.84,4.816,0.044,0.140798,52.970885,0.505452,-0.862855,14.298006,36
iho-skagerrak,2018,10.7,10.92,10.87,10.808,-0.03,0.202129,58.491525,0.17484,0.984597,10.380145,36
iho-solomon-sea,2018,29.32,29.34,29.2,29.074,0.162,0.271558,-8.362475,0.4558,-0.890082,13.512255,36
iho-sulu-sea,2018,29.09,29.34,29.48,29.228,0.015,0.156128,9.24238,0.860336,-0.509727,12.720177,36
iho-the-coastal-waters-of-southeast-alaska-and-british-columbia,2018,10.22,9.93,10.56,10.288,-0.049,0.256546,53.145505,-0.75872,-0.651416,11.748468,36
iho-the-northwestern-passages,2018,-0.73,-0.47,-0.33,-0.568,0.007,0.148378,72.743745,-0.999893,-0.014615,13.883329,36
iho-timor-sea,2018,28.87,29.01,29.53,28.982,0.057,0.293626,-11.69447,0.798564,-0.60191,12.967616,36
iho-tyrrhenian-sea,2018,19.89,19.46,19.56,19.678,0.014,0.169044,40.88606,0.204983,0.978765,12.28902,36
iho-white-sea,2018,4.54,4.51,4.72,4.486,0.098,0.281325,66.11883,0.588055,0.808821,11.426851,36
iho-yellow-sea,2018,15.4,15.74,15.03,15.254,0.146,0.283097,37.10378,0.823032,-0.567996,12.917778,36
indian,2018,18.59,18.59,18.66,18.636,-0.018,0.053516,-24.80201,0.985963,0.166965,17.874379,36
med-east,2018,22.15,21.74,21.92,21.878,0.076,0.159047,33.972405,0.388183,0.921582,13.970857,36
med-west,2018,19.6,19.58,19.46,19.542,0.022,0.056,39.641195,0.108319,0.994116,13.071896,36
north-sea,2018,10.95,11.08,11.15,11.036,-0.038,0.238378,55.991155,0.048807,0.998808,13.17933,36
pacific-north,2018,23.13,23.01,23.03,23.106,-0.016,0.100717,29.13773,-0.512453,-0.858715,17.983864,36
pacific-south,2018,19.91,19.99,20.04,19.928,0.032,0.084947,-29.29769,-0.812176,-0.583412,18.148866,36
red,2018,28.89,28.81,28.81,28.694,0.122,0.182603,20.302025,0.622928,0.78228,13.012457,36
south-china,2018,27.99,28.23,28.48,28.216,-0.032,0.158442,11.16138,0.913678,-0.406438,15.019307,36
southern,2018,-0.93,-0.75,-0.92,-0.934,0.048,0.104805,-72.7774,-0.698579,-0.715533,16.901883,36
tasman,2018,17.07,16.91,16.95,16.86,0.1,0.152315,-40.43461,0.311587,-0.950217,15.020206,36
arabian,2019,28.45,28.17,28.43,28.372,-0.017,0.103615,12.45006,0.892737,0.450579,15.248859,37
arctic,2019,-1.41,-1.46,-1.41,-1.442,0.013,0.027857,80.71087,-0.663278,-0.748373,15.460999,37
atlantic-north,2019,21.76,21.57,21.81,21.682,0.028,0.107219,34.248285,-0.672091,0.740468,17.350575,37
atlantic-south,2019,17.27,17.2,17.03,17.11,0.067,0.104499,-30.052735,-0.283797,0.958885,17.511694,37
baltic,2019,10.01,10.36,9.64,10.058,-0.012,0.242685,56.751155,0.324147,0.946007,12.295761,37
bengal,2019,29.04,28.82,28.91,29.004,-0.038,0.135144,14.952905,0.998516,0.054454,14.60031,37
bering,2019,5.77,5.43,5.05,5.37,0.127,0.266758,58.967385,-0.158169,-0.987412,14.671337,37
black,2019,16.2,16.36,15.71,16.004,0.103,0.247758,43.712375,0.560251,0.828323,12.953789,37
caribbean,2019,28.27,28.02,28.4,28.282,-0.039,0.160424,15.28978,-0.953381,0.301769,14.854371,37
caspian,2019,15.95,15.9,15.93,15.892,0.03,0.047074,41.860385,0.771846,0.635809,12.8917,37
coral,2019,26.56,26.79,26.87,26.748,-0.013,0.183019,-18.698505,0.380185,-0.92491,15.224138,37
gulf-mexico,2019,26.6,26.64,26.59,26.608,0.005,0.023152,24.262605,-0.999978,-0.00665,14.25895,37
iho-adriatic-sea,2019,19.22,19.27,18.84,19.232,-0.05,0.211981,42.750975,0.274561,0.96157,11.860389,37
iho-aegean-sea,2019,20.46,20.32,19.9,20.172,0.108,0.208077,38.064275,0.434155,0.900838,12.178673,37
iho-alboran-sea,2019,19.28,19.56,20.05,19.686,-0.118,0.255937,36.00498,-0.059967,0.9982,10.904011,37
iho-andaman-or-burma-sea,2019,29.46,29.0,29.2,29.29,-0.013,0.189526,11.345655,0.995242,-0.097431,13.323568,37
iho-arafura-sea,2019,28.07,28.39,28.53,28.458,-0.105,0.31871,-10.39485,0.686759,-0.726885,13.831679,37
iho-baffin-bay,2019,0.23,-0.29,0.03,0.006,0.023,0.192104,76.206255,-0.960545,0.278125,13.18762,37
iho-banda-sea,2019,28.45,28.81,29.01,28.874,-0.103,0.34656,-4.85558,0.793037,-0.609173,13.443201,37
iho-barentsz-sea,2019,2.55,3.22,2.98,3.128,-0.174,0.378597,73.955765,0.603995,0.796988,14.172227,37
iho-bass-strait,2019,16.26,16.41,16.49,16.392,0.0,0.186161,-39.35622,0.559203,-0.82903,11.637695,37
iho-bay-of-biscay,2019,15.74,15.64,15.56,15.644,0.017,0.0602,45.567995,-0.063151,0.998004,12.067709,37
iho-beaufort-sea,2019,-0.35,-0.98,-0.35,-0.578,0.013,0.231119,72.07828,-0.657818,-0.753177,12.994443,37
iho-bismarck-sea,2019,29.63,29.78,29.93,29.728,0.027,0.161295,-3.51689,0.531651,-0.846963,12.741831,37
iho-celebes-sea,2019,29.34,29.51,29.61,29.472,-0.003,0.120565,4.320085,0.849589,-0.527446,13.027678,37
iho-celtic-sea,2019,13.57,13.35,13.56,13.454,0.048,0.144028,49.57831,-0.146291,0.989242,12.280984,37
iho-ceram-sea,2019,28.48,28.97,29.25,28.97,-0.075,0.432342,-3.22909,0.747368,-0.66441,11.985275,37
iho-chukchi-sea,2019,1.91,1.53,1.27,1.302,0.26,0.387525,68.851175,-0.125299,-0.992119,12.764697,37
iho-davis-strait,2019,2.15,1.14,1.43,1.486,0.164,0.384323,65.055565,-0.846344,0.532637,13.53112,37
iho-east-siberian-sea,2019,-0.47,-0.75,-0.31,-0.514,-0.017,0.143192,72.69595,0.353866,-0.935296,13.372628,37
iho-eastern-china-sea,2019,22.85,22.71,23.24,22.794,0.087,0.278898,28.689,0.810496,-0.585744,13.538823,37
iho-english-channel,2019,13.25,12.91,13.32,13.166,0.012,0.203431,49.79585,-0.044076,0.999028,11.310102,37
iho-flores-sea,2019,28.56,28.61,28.73,28.808,-0.119,0.287152,-7.10454,0.870955,-0.491364,11.533032,37
iho-great-australian-bight,2019,16.31,16.43,16.37,16.392,-0.034,0.086348,-37.505585,0.733327,-0.679876,14.094371,37
iho-greenland-sea,2019,1.49,1.77,1.69,1.694,-0.035,0.155512,73.913585,-0.141862,0.989886,13.994943,37
iho-gulf-of-aden,2019,28.7,28.18,28.87,28.656,-0.074,0.244671,12.781685,0.745063,0.666994,12.469715,37
iho-gulf-of-alaska,2019,9.12,8.44,8.35,8.842,-0.054,0.394076,57.908245,-0.562787,-0.826602,12.941426,37
iho-gulf-of-bothnia,2019,7.96,8.33,8.18,8.17,-0.034,0.119499,62.78759,0.334482,0.942402,11.677191,37
iho-gulf-of-california,2019,24.25,24.49,24.19,24.718,-0.372,0.683473,27.3495,-0.931231,-0.364428,12.100261,37
iho-gulf-of-finland,2019,8.02,8.62,8.14,8.272,-0.011,0.211036,61.031815,0.521086,0.853504,10.977348,37
iho-gulf-of-guinea,2019,28.57,28.42,28.44,28.384,0.095,0.147594,2.77271,0.064397,0.997924,13.525242,37
iho-gulf-of-st-lawrence,2019,6.24,6.05,6.52,6.398,-0.107,0.241859,48.66826,-0.878473,0.477793,12.581716,37
iho-gulf-of-thailand,2019,29.46,29.16,29.13,29.348,-0.036,0.168926,9.90349,0.977828,-0.209412,12.593929,37
iho-halmahera-sea,2019,28.93,29.33,29.62,29.312,-0.035,0.375095,0.437415,0.774409,-0.632686,11.228075,37
iho-hudson-bay,2019,1.71,0.98,1.92,1.526,0.039,0.453546,58.60554,-0.997337,0.072937,13.641849,37
iho-hudson-strait,2019,0.52,0.03,0.24,0.174,0.102,0.195202,61.466505,-0.930268,0.366881,12.213959,37
iho-inner-seas-off-the-west-coast-of-scotland,2019,11.2,10.76,11.06,11.008,0.031,0.182143,56.46592,-0.121627,0.992576,10.70905,37
iho-ionian-sea,2019,20.67,20.83,20.38,20.624,0.026,0.147729,38.47898,0.322653,0.946517,12.053467,37
iho-irish-sea-and-st-george-s-channel,2019,11.96,11.68,11.8,11.844,0.019,0.190641,53.43632,-0.079881,0.996804,10.731206,37
iho-japan-sea,2019,14.33,13.74,14.06,13.872,0.184,0.33379,42.18206,0.706473,-0.70774,13.879648,37
iho-java-sea,2019,28.85,28.94,29.06,29.142,-0.143,0.28124,-5.161905,0.925947,-0.377653,13.236044,37
iho-kara-sea,2019,-0.15,-0.0,-0.23,0.028,-0.114,0.206824,73.75758,0.949378,0.314137,13.726479,37
iho-labrador-sea,2019,4.3,3.69,3.83,3.89,0.095,0.221359,53.9349,-0.795011,0.606595,13.677779,37
iho-laccadive-sea,2019,29.35,29.06,29.12,29.224,-0.015,0.113947,7.04053,0.970503,0.241089,13.635995,37
iho-laptev-sea,2019,-0.4,-0.27,-0.34,-0.382,0.026,0.070257,72.49477,0.718747,-0.695271,13.179195,37
iho-makassar-strait,2019,29.31,29.29,29.47,29.452,-0.074,0.157531,-2.133915,0.884652,-0.466253,12.186416,37
iho-malacca-strait,2019,29.54,29.3,29.43,29.536,-0.064,0.168594,4.62758,0.986752,-0.162235,12.176829,37
iho-molukka-sea,2019,28.96,29.3,29.56,29.244,0.0,0.308649,1.29441,0.806409,-0.591359,12.302019,37
iho-mozambique-channel,2019,27.17,26.91,26.95,27.014,0.01,0.105376,-18.652675,0.646908,0.762568,14.13694,37
iho-norwegian-sea,2019,7.46,7.51,7.71,7.6,-0.043,0.123126,68.77561,0.033764,0.99943,14.188602,37
iho-persian-gulf,2019,27.8,27.91,28.19,27.902,0.02,0.163878,27.25814,0.777543,0.62883,12.408351,37
iho-philippine-sea,2019,27.83,27.76,27.92,27.802,0.045,0.18904,18.90921,0.720574,-0.693378,15.536311,37
iho-sea-of-okhotsk,2019,4.58,4.79,5.05,4.774,-0.011,0.170482,52.970885,0.505452,-0.862855,14.298006,37
iho-skagerrak,2019,11.11,10.7,10.92,10.816,0.109,0.212847,58.491525,0.17484,0.984597,10.380145,37
iho-solomon-sea,2019,28.92,29.32,29.34,29.088,0.064,0.261258,-8.362475,0.4558,-0.890082,13.512255,37
iho-sulu-sea,2019,29.17,29.09,29.34,29.234,-0.023,0.15318,9.24238,0.860336,-0.509727,12.720177,37
iho-the-coastal-waters-of-southeast-alaska-and-british-columbia,2019,10.38,10.22,9.93,10.338,-0.078,0.244982,53.145505,-0.75872,-0.651416,11.748468,37
iho-the-northwestern-passages,2019,-0.46,-0.73,-0.47,-0.522,-0.008,0.138766,72.743745,-0.999893,-0.014615,13.883329,37
iho-timor-sea,2019,28.65,28.87,29.01,28.976,-0.1,0.299973,-11.69447,0.798564,-0.60191,12.967616,37
iho-tyrrhenian-sea,2019,19.51,19.89,19.46,19.656,-0.037,0.181835,40.88606,0.204983,0.978765,12.28902,37
iho-white-sea,2019,3.81,4.54,4.51,4.458,-0.198,0.335106,66.11883,0.588055,0.808821,11.426851,37
iho-yellow-sea,2019,15.28,15.4,15.74,15.314,0.069,0.248322,37.10378,0.823032,-0.567996,12.917778,37
indian,2019,18.69,18.59,18.59,18.652,-0.015,0.055281,-24.80201,0.985963,0.166965,17.874379,37
med-east,2019,21.89,22.15,21.74,21.916,0.025,0.132454,33.972405,0.388183,0.921582,13.970857,37
med-west,2019,19.55,19.6,19.58,19.554,0.008,0.049639,39.641195,0.108319,0.994116,13.071896,37
north-sea,2019,11.17,10.95,11.08,10.998,0.086,0.194874,55.991155,0.048807,0.998808,13.17933,37
pacific-north,2019,23.23,23.13,23.01,23.138,-0.002,0.109252,29.13773,-0.512453,-0.858715,17.983864,37
pacific-south,2019,19.98,19.91,19.99,19.966,0.001,0.05004,-29.29769,-0.812176,-0.583412,18.148866,37
red,2019,28.85,28.89,28.81,28.782,0.068,0.119733,20.302025,0.622928,0.78228,13.012457,37
south-china,2019,28.28,27.99,28.23,28.242,-0.039,0.156128,11.16138,0.913678,-0.406438,15.019307,37
southern,2019,-0.88,-0.93,-0.75,-0.906,0.033,0.096457,-72.7774,-0.698579,-0.715533,16.901883,37
tasman,2019,17.01,17.07,16.91,16.926,0.076,0.129861,-40.43461,0.311587,-0.950217,15.020206,37
arabian,2020,28.4,28.45,28.17,28.366,0.006,0.100916,12.45006,0.892737,0.450579,15.248859,38
arctic,2020,-1.45,-1.41,-1.46,-1.436,-0.0,0.021541,80.71087,-0.663278,-0.748373,15.460999,38
atlantic-north,2020,21.86,21.76,21.57,21.746,0.021,0.098509,34.248285,-0.672091,0.740468,17.350575,38
atlantic-south,2020,17.17,17.27,17.2,17.14,0.052,0.095499,-30.052735,-0.283797,0.958885,17.511694,38
baltic,2020,10.83,10.01,10.36,10.18,0.191,0.397442,56.751155,0.324147,0.946007,12.295761,38
bengal,2020,29.06,29.04,28.82,29.01,-0.019,0.136821,14.952905,0.998516,0.054454,14.60031,38
bering,2020,5.21,5.77,5.43,5.392,0.014,0.247419,58.967385,-0.158169,-0.987412,14.671337,38
black,2020,16.5,16.2,16.36,16.108,0.195,0.315683,43.712375,0.560251,0.828323,12.953789,38
caribbean,2020,28.43,28.27,28.02,28.322,-0.025,0.16726,15.28978,-0.953381,0.301769,14.854371,38
caspian,2020,15.99,15.95,15.9,15.926,0.028,0.044091,41.860385,0.771846,0.635809,12.8917,38
coral,2020,26.98,26.56,26.79,26.84,-0.035,0.159374,-18.698505,0.380185,-0.92491,15.224138,38
gulf-mexico,2020,26.6,26.6,26.64,26.612,-0.005,0.019391,24.262605,-0.999978,-0.00665,14.25895,38
iho-adriatic-sea,2020,19.14,19.22,19.27,19.184,-0.024,0.19986,42.750975,0.274561,0.96157,11.860389,38
iho-aegean-sea,2020,20.66,20.46,20.32,20.308,0.148,0.255061,38.064275,0.434155,0.900838,12.178673,38
iho-alboran-sea,2020,19.74,19.28,19.56,19.682,-0.085,0.254904,36.00498,-0.059967,0.9982,10.904011,38
iho-andaman-or-burma-sea,2020,29.4,29.46,29.0,29.318,-0.0,0.193329,11.345655,0.995242,-0.097431,13.323568,38
iho-arafura-sea,2020,28.76,28.07,28.39,28.554,-0.098,0.322899,-10.39485,0.686759,-0.726885,13.831679,38
iho-baffin-bay,2020,0.14,0.23,-0.29,0.058,0.012,0.186054,76.206255,-0.960545,0.278125,13.18762,38
iho-banda-sea,2020,29.05,28.45,28.81,28.956,-0.138,0.329582,-4.85558,0.793037,-0.609173,13.443201,38
iho-barentsz-sea,2020,2.87,2.55,3.22,3.068,-0.213,0.390763,73.955765,0.603995,0.796988,14.172227,38
iho-bass-strait,2020,16.07,16.26,16.41,16.38,-0.143,0.203765,-39.35622,0.559203,-0.82903,11.637695,38
iho-bay-of-biscay,2020,16.33,15.74,15.64,15.776,0.162,0.283168,45.567995,-0.063151,0.998004,12.067709,38
iho-beaufort-sea,2020,-0.77,-0.35,-0.98,-0.612,-0.032,0.244,72.07828,-0.657818,-0.753177,12.994443,38
iho-bismarck-sea,2020,30.2,29.63,29.78,29.874,0.044,0.189589,-3.51689,0.531651,-0.846963,12.741831,38
iho-celebes-sea,2020,29.58,29.34,29.51,29.524,-0.027,0.097693,4.320085,0.849589,-0.527446,13.027678,38
iho-celtic-sea,2020,13.62,13.57,13.35,13.534,0.011,0.094361,49.57831,-0.146291,0.989242,12.280984,38
iho-ceram-sea,2020,29.21,28.48,28.97,29.106,-0.159,0.375798,-3.22909,0.747368,-0.66441,11.985275,38
iho-chukchi-sea,2020,0.99,1.91,1.53,1.31,0.092,0.380526,68.851175,-0.125299,-0.992119,12.764697,38
iho-davis-strait,2020,1.76,2.15,1.14,1.62,0.1,0.336749,65.055565,-0.846344,0.532637,13.53112,38
iho-east-siberian-sea,2020,-0.28,-0.47,-0.75,-0.474,0.04,0.172116,72.69595,0.353866,-0.935296,13.372628,38
iho-eastern-china-sea,2020,22.75,22.85,22.71,22.87,-0.049,0.190893,28.689,0.810496,-0.585744,13.538823,38
iho-english-channel,2020,13.48,13.25,12.91,13.274,0.007,0.19805,49.79585,-0.044076,0.999028,11.310102,38
iho-flores-sea,2020,28.95,28.56,28.61,28.842,-0.099,0.291849,-7.10454,0.870955,-0.491364,11.533032,38
iho-great-australian-bight,2020,16.42,16.31,16.43,16.368,0.016,0.051536,-37.505585,0.733327,-0.679876,14.094371,38
iho-greenland-sea,2020,1.2,1.49,1.77,1.618,-0.168,0.254197,73.913585,-0.141862,0.989886,13.994943,38
iho-gulf-of-aden,2020,28.75,28.7,28.18,28.648,-0.015,0.240782,12.781685,0.745063,0.666994,12.469715,38
iho-gulf-of-alaska,2020,8.3,9.12,8.44,8.718,-0.139,0.44436,57.908245,-0.562787,-0.826602,12.941426,38
iho-gulf-of-bothnia,2020,8.68,7.96,8.33,8.264,0.08,0.239048,62.78759,0.334482,0.942402,11.677191,38
iho-gulf-of-california,2020,24.35,24.25,24.49,24.378,-0.046,0.154195,27.3495,-0.931231,-0.364428,12.100261,38
iho-gulf-of-finland,2020,8.72,8.02,8.62,8.378,0.054,0.268507,61.031815,0.521086,0.853504,10.977348,38
iho-gulf-of-guinea,2020,28.56,28.57,28.42,28.472,0.051,0.079347,2.77271,0.064397,0.997924,13.525242,38
iho-gulf-of-st-lawrence,2020,6.49,6.24,6.05,6.412,-0.082,0.244737,48.66826,-0.878473,0.477793,12.581716,38
iho-gulf-of-thailand,2020,29.45,29.46,29.16,29.348,0.015,0.168926,9.90349,0.977828,-0.209412,12.593929,38
iho-halmahera-sea,2020,29.56,28.93,29.33,29.452,-0.121,0.304197,0.437415,0.774409,-0.632686,11.228075,38
iho-hudson-bay,2020,1.68,1.71,0.98,1.664,-0.091,0.365984,58.60554,-0.997337,0.072937,13.641849,38
iho-hudson-strait,2020,0.34,0.52,0.03,0.248,0.074,0.172673,61.466505,-0.930268,0.366881,12.213959,38
iho-inner-seas-off-the-west-coast-of-scotland,2020,11.02,11.2,10.76,11.046,-0.02,0.159449,56.46592,-0.121627,0.992576,10.70905,38
iho-ionian-sea,2020,20.49,20.67,20.83,20.588,0.013,0.153935,38.47898,0.322653,0.946517,12.053467,38
iho-irish-sea-and-st-george-s-channel,2020,11.85,11.96,11.68,11.888,-0.044,0.158921,53.43632,-0.079881,0.996804,10.731206,38
iho-japan-sea,2020,14.3,14.33,13.74,14.066,0.107,0.227297,42.18206,0.706473,-0.70774,13.879648,38
iho-java-sea,2020,29.31,28.85,28.94,29.162,-0.089,0.288818,-5.161905,0.925947,-0.377653,13.236044,38
iho-kara-sea,2020,0.22,-0.15,-0.0,0.008,0.012,0.18082,73.75758,0.949378,0.314137,13.726479,38
iho-labrador-sea,2020,4.41,4.3,3.69,4.03,0.145,0.277489,53.9349,-0.795011,0.606595,13.677779,38
iho-laccadive-sea,2020,29.3,29.35,29.06,29.22,0.029,0.110815,7.04053,0.970503,0.241089,13.635995,38
iho-laptev-sea,2020,-0.11,-0.4,-0.27,-0.318,0.066,0.123191,72.49477,0.718747,-0.695271,13.179195,38
iho-makassar-strait,2020,29.56,29.31,29.29,29.472,-0.05,0.163511,-2.133915,0.884652,-0.466253,12.186416,38
iho-malacca-strait,2020,29.7,29.54,29.3,29.554,-0.009,0.179956,4.62758,0.986752,-0.162235,12.176829,38
iho-molukka-sea,2020,29.49,28.96,29.3,29.378,-0.078,0.231206,1.29441,0.806409,-0.591359,12.302019,38
iho-mozambique-channel,2020,26.91,27.17,26.91,26.974,0.018,0.099116,-18.652675,0.646908,0.762568,14.13694,38
iho-norwegian-sea,2020,7.44,7.46,7.51,7.58,-0.093,0.13842,68.77561,0.033764,0.99943,14.188602,38
iho-persian-gulf,2020,27.53,27.8,27.91,27.868,-0.115,0.212641,27.25814,0.777543,0.62883,12.408351,38
iho-philippine-sea,2020,28.11,27.83,27.76,27.93,0.007,0.127593,18.90921,0.720574,-0.693378,15.536311,38
iho-sea-of-okhotsk,2020,5.01,4.58,4.79,4.854,-0.013,0.168594,52.970885,0.505452,-0.862855,14.298006,38
iho-skagerrak,2020,11.32,11.11,10.7,10.984,0.109,0.212847,58.491525,0.17484,0.984597,10.380145,38
iho-solomon-sea,2020,29.55,28.92,29.32,29.266,0.028,0.206456,-8.362475,0.4558,-0.890082,13.512255,38
iho-sulu-sea,2020,29.38,29.17,29.09,29.292,-0.037,0.142183,9.24238,0.860336,-0.509727,12.720177,38
iho-the-coastal-waters-of-southeast-alaska-and-british-columbia,2020,9.94,10.38,10.22,10.206,-0.079,0.246057,53.145505,-0.75872,-0.651416,11.748468,38
iho-the-northwestern-passages,2020,-0.44,-0.46,-0.73,-0.486,-0.021,0.131848,72.743745,-0.999893,-0.014615,13.883329,38
iho-timor-sea,2020,29.26,28.65,28.87,29.064,-0.09,0.305784,-11.69447,0.798564,-0.60191,12.967616,38
iho-tyrrhenian-sea,2020,19.75,19.51,19.89,19.634,0.043,0.16132,40.88606,0.204983,0.978765,12.28902,38
iho-white-sea,2020,4.74,3.81,4.54,4.464,-0.066,0.3398,66.11883,0.588055,0.808821,11.426851,38
iho-yellow-sea,2020,15.31,15.28,15.4,15.352,0.01,0.229556,37.10378,0.823032,-0.567996,12.917778,38
indian,2020,18.64,18.69,18.59,18.634,0.006,0.039294,-24.80201,0.985963,0.166965,17.874379,38
med-east,2020,21.97,21.89,22.15,21.934,0.025,0.132454,33.972405,0.388183,0.921582,13.970857,38
med-west,2020,19.81,19.55,19.6,19.6,0.067,0.115412,39.641195,0.108319,0.994116,13.071896,38
north-sea,2020,11.25,11.17,10.95,11.12,0.029,0.100797,55.991155,0.048807,0.998808,13.17933,38
pacific-north,2020,23.18,23.23,23.13,23.116,0.052,0.084758,29.13773,-0.512453,-0.858715,17.983864,38
pacific-south,2020,19.88,19.98,19.91,19.96,-0.033,0.057619,-29.29769,-0.812176,-0.583412,18.148866,38
red,2020,28.8,28.85,28.89,28.832,0.002,0.033705,20.302025,0.622928,0.78228,13.012457,38
south-china,2020,28.38,28.28,27.99,28.272,-0.015,0.165094,11.16138,0.913678,-0.406438,15.019307,38
southern,2020,-0.86,-0.88,-0.93,-0.868,-0.001,0.064312,-72.7774,-0.698579,-0.715533,16.901883,38
tasman,2020,16.61,17.01,17.07,16.91,-0.058,0.159499,-40.43461,0.311587,-0.950217,15.020206,38
arabian,2021,28.11,28.4,28.45,28.312,-0.041,0.142604,12.45006,0.892737,0.450579,15.248859,39
arctic,2021,-1.54,-1.45,-1.41,-1.454,-0.025,0.047582,80.71087,-0.663278,-0.748373,15.460999,39
atlantic-north,2021,21.84,21.86,21.76,21.768,0.035,0.104575,34.248285,-0.672091,0.740468,17.350575,39
atlantic-south,2021,17.24,17.17,17.27,17.182,0.039,0.083283,-30.052735,-0.283797,0.958885,17.511694,39
baltic,2021,9.89,10.83,10.01,10.146,0.097,0.413212,56.751155,0.324147,0.946007,12.295761,39
bengal,2021,28.87,29.06,29.04,28.94,0.016,0.094446,14.952905,0.998516,0.054454,14.60031,39
bering,2021,4.76,5.21,5.77,5.244,-0.08,0.341854,58.967385,-0.158169,-0.987412,14.671337,39
black,2021,15.85,16.5,16.2,16.124,0.042,0.299773,43.712375,0.560251,0.828323,12.953789,39
caribbean,2021,28.29,28.43,28.27,28.282,0.019,0.144693,15.28978,-0.953381,0.301769,14.854371,39
caspian,2021,16.03,15.99,15.95,15.96,0.029,0.045607,41.860385,0.771846,0.635809,12.8917,39
coral,2021,26.94,26.98,26.56,26.828,0.033,0.148782,-18.698505,0.380185,-0.92491,15.224138,39
gulf-mexico,2021,26.31,26.6,26.6,26.548,-0.06,0.120233,24.262605,-0.999978,-0.00665,14.25895,39
iho-adriatic-sea,2021,18.9,19.14,19.22,19.074,-0.001,0.172696,42.750975,0.274561,0.96157,11.860389,39
iho-aegean-sea,2021,20.55,20.66,20.46,20.378,0.164,0.263697,38.064275,0.434155,0.900838,12.178673,39
iho-alboran-sea,2021,19.54,19.74,19.28,19.634,-0.084,0.254527,36.00498,-0.059967,0.9982,10.904011,39
iho-andaman-or-burma-sea,2021,29.17,29.4,29.46,29.246,0.034,0.166084,11.345655,0.995242,-0.097431,13.323568,39
iho-arafura-sea,2021,28.75,28.76,28.07,28.5,0.081,0.256125,-10.39485,0.686759,-0.726885,13.831679,39
iho-baffin-bay,2021,-0.14,0.14,0.23,-0.006,0.009,0.188106,76.206255,-0.960545,0.278125,13.18762,39
iho-banda-sea,2021,29.07,29.05,28.45,28.878,0.036,0.233101,-4.85558,0.793037,-0.609173,13.443201,39
iho-barentsz-sea,2021,2.55,2.87,2.55,2.834,-0.121,0.258039,73.955765,0.603995,0.796988,14.172227,39
iho-bass-strait,2021,15.96,16.07,16.26,16.238,-0.14,0.199539,-39.35622,0.559203,-0.82903,11.637695,39
iho-bay-of-biscay,2021,15.77,16.33,15.74,15.808,0.111,0.271396,45.567995,-0.063151,0.998004,12.067709,39
iho-beaufort-sea,2021,-0.81,-0.77,-0.35,-0.652,-0.071,0.256468,72.07828,-0.657818,-0.753177,12.994443,39
iho-bismarck-sea,2021,30.12,30.2,29.63,29.932,0.08,0.210466,-3.51689,0.531651,-0.846963,12.741831,39
iho-celebes-sea,2021,29.59,29.58,29.34,29.526,0.003,0.098914,4.320085,0.849589,-0.527446,13.027678,39
iho-celtic-sea,2021,13.47,13.62,13.57,13.514,0.009,0.095205,49.57831,-0.146291,0.989242,12.280984,39
iho-ceram-sea,2021,29.28,29.21,28.48,29.038,0.03,0.299693,-3.22909,0.747368,-0.66441,11.985275,39
iho-chukchi-sea,2021,0.18,0.99,1.91,1.176,-0.272,0.583013,68.851175,-0.125299,-0.992119,12.764697,39
iho-davis-strait,2021,1.78,1.76,2.15,1.652,0.132,0.342777,65.055565,-0.846344,0.532637,13.53112,39
iho-east-siberian-sea,2021,-0.43,-0.28,-0.47,-0.448,0.023,0.166901,72.69595,0.353866,-0.935296,13.372628,39
iho-eastern-china-sea,2021,22.89,22.75,22.85,22.888,-0.066,0.187659,28.689,0.810496,-0.585744,13.538823,39
iho-english-channel,2021,13.0,13.48,13.25,13.192,-0.007,0.209323,49.79585,-0.044076,0.999028,11.310102,39
iho-flores-sea,2021,28.82,28.95,28.56,28.734,0.052,0.141223,-7.10454,0.870955,-0.491364,11.533032,39
iho-great-australian-bight,2021,16.38,16.42,16.31,16.382,0.001,0.042615,-37.505585,0.733327,-0.679876,14.094371,39
iho-greenland-sea,2021,1.35,1.2,1.49,1.5,-0.125,0.210523,73.913585,-0.141862,0.989886,13.994943,39
iho-gulf-of-aden,2021,28.43,28.75,28.7,28.586,-0.031,0.248886,12.781685,0.745063,0.666994,12.469715,39
iho-gulf-of-alaska,2021,7.71,8.3,9.12,8.384,-0.142,0.448847,57.908245,-0.562787,-0.826602,12.941426,39
iho-gulf-of-bothnia,2021,8.09,8.68,7.96,8.248,0.017,0.247338,62.78759,0.334482,0.942402,11.677191,39
iho-gulf-of-california,2021,24.0,24.35,24.25,24.256,-0.052,0.163414,27.3495,-0.931231,-0.364428,12.100261,39
iho-gulf-of-finland,2021,7.9,8.72,8.02,8.28,-0.038,0.328877,61.031815,0.521086,0.853504,10.977348,39
iho-gulf-of-guinea,2021,28.5,28.56,28.57,28.498,0.026,0.060795,2.77271,0.064397,0.997924,13.525242,39
iho-gulf-of-st-lawrence,2021,7.18,6.49,6.24,6.496,0.176,0.382863,48.66826,-0.878473,0.477793,12.581716,39
iho-gulf-of-thailand,2021,29.24,29.45,29.46,29.288,0.051,0.141053,9.90349,0.977828,-0.209412,12.593929,39
iho-halmahera-sea,2021,29.54,29.56,28.93,29.396,0.007,0.252713,0.437415,0.774409,-0.632686,11.228075,39
iho-hudson-bay,2021,1.99,1.68,1.71,1.656,0.084,0.358251,58.60554,-0.997337,0.072937,13.641849,39
iho-hudson-strait,2021,0.37,0.34,0.52,0.3,0.057,0.162111,61.466505,-0.930268,0.366881,12.213959,39
iho-inner-seas-off-the-west-coast-of-scotland,2021,11.22,11.02,11.2,11.052,0.058,0.165215,56.46592,-0.121627,0.992576,10.70905,39
iho-ionian-sea,2021,20.48,20.49,20.67,20.57,-0.014,0.160125,38.47898,0.322653,0.946517,12.053467,39
iho-irish-sea-and-st-george-s-channel,2021,11.81,11.85,11.96,11.82,0.019,0.090111,53.43632,-0.079881,0.996804,10.731206,39
iho-japan-sea,2021,14.62,14.3,14.33,14.21,0.168,0.294618,42.18206,0.706473,-0.70774,13.879648,39
iho-java-sea,2021,29.09,29.31,28.85,29.05,0.043,0.15582,-5.161905,0.925947,-0.377653,13.236044,39
iho-kara-sea,2021,-0.22,0.22,-0.15,-0.076,0.024,0.169304,73.75758,0.949378,0.314137,13.726479,39
iho-labrador-sea,2021,4.56,4.41,4.3,4.158,0.218,0.338195,53.9349,-0.795011,0.606595,13.677779,39
iho-laccadive-sea,2021,29.1,29.3,29.35,29.186,0.02,0.116207,7.04053,0.970503,0.241089,13.635995,39
iho-laptev-sea,2021,-0.07,-0.11,-0.4,-0.238,0.07,0.128281,72.49477,0.718747,-0.695271,13.179195,39
iho-makassar-strait,2021,29.36,29.56,29.31,29.398,0.005,0.102255,-2.133915,0.884652,-0.466253,12.186416,39
iho-malacca-strait,2021,29.48,29.7,29.54,29.49,0.05,0.131453,4.62758,0.986752,-0.162235,12.176829,39
iho-molukka-sea,2021,29.5,29.49,28.96,29.362,0.007,0.219126,1.29441,0.806409,-0.591359,12.302019,39
iho-mozambique-channel,2021,26.9,26.91,27.17,26.968,-0.01,0.10245,-18.652675,0.646908,0.762568,14.13694,39
iho-norwegian-sea,2021,7.4,7.44,7.46,7.504,-0.069,0.108922,68.77561,0.033764,0.99943,14.188602,39
iho-persian-gulf,2021,27.65,27.53,27.8,27.816,-0.146,0.227297,27.25814,0.777543,0.62883,12.408351,39
iho-philippine-sea,2021,27.94,28.11,27.83,27.912,0.039,0.11822,18.90921,0.720574,-0.693378,15.536311,39
iho-sea-of-okhotsk,2021,5.17,5.01,4.58,4.92,0.046,0.209762,52.970885,0.505452,-0.862855,14.298006,39
iho-skagerrak,2021,10.83,11.32,11.11,10.976,0.044,0.217679,58.491525,0.17484,0.984597,10.380145,39
iho-solomon-sea,2021,29.62,29.55,28.92,29.35,0.079,0.244459,-8.362475,0.4558,-0.890082,13.512255,39
iho-sulu-sea,2021,29.29,29.38,29.17,29.254,0.019,0.108185,9.24238,0.860336,-0.509727,12.720177,39
iho-the-coastal-waters-of-southeast-alaska-and-british-columbia,2021,9.37,9.94,10.38,9.968,-0.14,0.344407,53.145505,-0.75872,-0.651416,11.748468,39
iho-the-northwestern-passages,2021,-0.62,-0.44,-0.46,-0.544,-0.001,0.112889,72.743745,-0.999893,-0.014615,13.883329,39
iho-timor-sea,2021,29.08,29.26,28.65,28.974,0.053,0.204998,-11.69447,0.798564,-0.60191,12.967616,39
iho-tyrrhenian-sea,2021,19.59,19.75,19.51,19.64,0.012,0.158997,40.88606,0.204983,0.978765,12.28902,39
iho-white-sea,2021,3.91,4.74,3.81,4.302,-0.1,0.370805,66.11883,0.588055,0.808821,11.426851,39
iho-yellow-sea,2021,15.63,15.31,15.28,15.472,-0.031,0.181703,37.10378,0.823032,-0.567996,12.917778,39
indian,2021,18.59,18.64,18.69,18.62,0.005,0.04,-24.80201,0.985963,0.166965,17.874379,39
med-east,2021,22.05,21.97,21.89,21.96,0.044,0.139714,33.972405,0.388183,0.921582,13.970857,39
med-west,2021,19.55,19.81,19.55,19.618,0.015,0.097857,39.641195,0.108319,0.994116,13.071896,39
north-sea,2021,10.99,11.25,11.17,11.088,0.012,0.111068,55.991155,0.048807,0.998808,13.17933,39
pacific-north,2021,22.94,23.18,23.23,23.098,-0.009,0.107592,29.13773,-0.512453,-0.858715,17.983864,39
pacific-south,2021,19.76,19.88,19.98,19.904,-0.049,0.08309,-29.29769,-0.812176,-0.583412,18.148866,39
red,2021,28.75,28.8,28.85,28.82,-0.021,0.047329,20.302025,0.622928,0.78228,13.012457,39
south-china,2021,28.25,28.38,28.28,28.226,0.043,0.128779,11.16138,0.913678,-0.406438,15.019307,39
southern,2021,-1.0,-0.86,-0.88,-0.884,-0.043,0.082608,-72.7774,-0.698579,-0.715533,16.901883,39
tasman,2021,16.7,16.61,17.01,16.86,-0.088,0.177313,-40.43461,0.311587,-0.950217,15.020206,39
arabian,2022,28.09,28.11,28.4,28.244,-0.05,0.150944,12.45006,0.892737,0.450579,15.248859,40
arctic,2022,-1.51,-1.54,-1.45,-1.474,-0.023,0.045869,80.71087,-0.663278,-0.748373,15.460999,40
atlantic-north,2022,21.89,21.84,21.86,21.784,0.072,0.115343,34.248285,-0.672091,0.740468,17.350575,40
atlantic-south,2022,17.26,17.24,17.17,17.228,0.009,0.03763,-30.052735,-0.283797,0.958885,17.511694,40
baltic,2022,10.16,9.89,10.83,10.25,-0.052,0.329788,56.751155,0.324147,0.946007,12.295761,40
bengal,2022,28.91,28.87,29.06,28.94,0.001,0.094446,14.952905,0.998516,0.054454,14.60031,40
bering,2022,4.91,4.76,5.21,5.216,-0.205,0.361751,58.967385,-0.158169,-0.987412,14.671337,40
black,2022,15.73,15.85,16.5,16.128,-0.161,0.294306,43.712375,0.560251,0.828323,12.953789,40
caribbean,2022,28.27,28.29,28.43,28.256,0.052,0.132303,15.28978,-0.953381,0.301769,14.854371,40
caspian,2022,16.04,16.03,15.99,15.982,0.036,0.051923,41.860385,0.771846,0.635809,12.8917,40
coral,2022,27.32,26.94,26.98,26.918,0.144,0.249191,-18.698505,0.380185,-0.92491,15.224138,40
gulf-mexico,2022,26.61,26.31,26.6,26.552,-0.035,0.121885,24.262605,-0.999978,-0.00665,14.25895,40
iho-adriatic-sea,2022,19.22,18.9,19.14,19.15,-0.042,0.131757,42.750975,0.274561,0.96157,11.860389,40
iho-aegean-sea,2022,19.94,20.55,20.66,20.386,-0.067,0.249287,38.064275,0.434155,0.900838,12.178673,40
iho-alboran-sea,2022,19.81,19.54,19.74,19.586,0.076,0.184564,36.00498,-0.059967,0.9982,10.904011,40
iho-andaman-or-burma-sea,2022,29.16,29.17,29.4,29.238,0.003,0.169044,11.345655,0.995242,-0.097431,13.323568,40
iho-arafura-sea,2022,28.96,28.75,28.76,28.586,0.182,0.316771,-10.39485,0.686759,-0.726885,13.831679,40
iho-baffin-bay,2022,-0.23,-0.14,0.14,-0.058,-0.025,0.206049,76.206255,-0.960545,0.278125,13.18762,40
iho-banda-sea,2022,29.41,29.07,29.05,28.958,0.182,0.317893,-4.85558,0.793037,-0.609173,13.443201,40
iho-barentsz-sea,2022,3.07,2.55,2.87,2.852,-0.03,0.270437,73.955765,0.603995,0.796988,14.172227,40
iho-bass-strait,2022,16.28,15.96,16.07,16.196,-0.056,0.160325,-39.35622,0.559203,-0.82903,11.637695,40
iho-bay-of-biscay,2022,16.48,15.77,16.33,15.992,0.171,0.343243,45.567995,-0.063151,0.998004,12.067709,40
iho-beaufort-sea,2022,-0.79,-0.81,-0.77,-0.74,-0.008,0.208806,72.07828,-0.657818,-0.753177,12.994443,40
iho-bismarck-sea,2022,30.4,30.12,30.2,30.026,0.173,0.281539,-3.51689,0.531651,-0.846963,12.741831,40
iho-celebes-sea,2022,29.67,29.59,29.58,29.538,0.057,0.111247,4.320085,0.849589,-0.527446,13.027678,40
iho-celtic-sea,2022,13.99,13.47,13.62,13.6,0.118,0.215778,49.57831,-0.146291,0.989242,12.280984,40
iho-ceram-sea,2022,29.59,29.28,29.21,29.106,0.204,0.37033,-3.22909,0.747368,-0.66441,11.985275,40
iho-chukchi-sea,2022,0.9,0.18,0.99,1.102,-0.299,0.589827,68.851175,-0.125299,-0.992119,12.764697,40
iho-davis-strait,2022,1.42,1.78,1.76,1.65,0.019,0.344093,65.055565,-0.846344,0.532637,13.53112,40
iho-east-siberian-sea,2022,-0.66,-0.43,-0.28,-0.518,0.022,0.167738,72.69595,0.353866,-0.935296,13.372628,40
iho-eastern-china-sea,2022,22.77,22.89,22.75,22.794,0.016,0.066212,28.689,0.810496,-0.585744,13.538823,40
iho-english-channel,2022,13.61,13.0,13.48,13.25,0.115,0.268552,49.79585,-0.044076,0.999028,11.310102,40
iho-flores-sea,2022,29.14,28.82,28.95,28.816,0.132,0.214905,-7.10454,0.870955,-0.491364,11.533032,40
iho-great-australian-bight,2022,16.51,16.38,16.42,16.41,0.023,0.065422,-37.505585,0.733327,-0.679876,14.094371,40
iho-greenland-sea,2022,1.2,1.35,1.2,1.402,-0.128,0.213298,73.913585,-0.141862,0.989886,13.994943,40
iho-gulf-of-aden,2022,28.52,28.43,28.75,28.516,0.041,0.204411,12.781685,0.745063,0.666994,12.469715,40
iho-gulf-of-alaska,2022,8.09,7.71,8.3,8.332,-0.211,0.46456,57.908245,-0.562787,-0.826602,12.941426,40
iho-gulf-of-bothnia,2022,8.12,8.09,8.68,8.236,-0.029,0.251762,62.78759,0.334482,0.942402,11.677191,40
iho-gulf-of-california,2022,24.38,24.0,24.35,24.294,-0.047,0.165723,27.3495,-0.931231,-0.364428,12.100261,40
iho-gulf-of-finland,2022,8.22,7.9,8.72,8.296,-0.092,0.32358,61.031815,0.521086,0.853504,10.977348,40
iho-gulf-of-guinea,2022,28.19,28.5,28.56,28.448,-0.053,0.139628,2.77271,0.064397,0.997924,13.525242,40
iho-gulf-of-st-lawrence,2022,6.94,7.18,6.49,6.58,0.272,0.422895,48.66826,-0.878473,0.477793,12.581716,40
iho-gulf-of-thailand,2022,29.21,29.24,29.45,29.304,-0.012,0.125952,9.90349,0.977828,-0.209412,12.593929,40
iho-halmahera-sea,2022,29.9,29.54,29.56,29.452,0.175,0.318584,0.437415,0.774409,-0.632686,11.228075,40
iho-hudson-bay,2022,1.55,1.99,1.68,1.582,0.142,0.333431,58.60554,-0.997337,0.072937,13.641849,40
iho-hudson-strait,2022,0.27,0.37,0.34,0.306,0.033,0.160325,61.466505,-0.930268,0.366881,12.213959,40
iho-inner-seas-off-the-west-coast-of-scotland,2022,11.56,11.22,11.02,11.152,0.162,0.26248,56.46592,-0.121627,0.992576,10.70905,40
iho-ionian-sea,2022,20.63,20.48,20.49,20.62,-0.059,0.128996,38.47898,0.322653,0.946517,12.053467,40
iho-irish-sea-and-st-george-s-channel,2022,12.26,11.81,11.85,11.912,0.101,0.195694,53.43632,-0.079881,0.996804,10.731206,40
iho-japan-sea,2022,14.48,14.62,14.3,14.294,0.177,0.299707,42.18206,0.706473,-0.70774,13.879648,40
iho-java-sea,2022,29.25,29.09,29.31,29.088,0.086,0.175545,-5.161905,0.925947,-0.377653,13.236044,40
iho-kara-sea,2022,0.09,-0.22,0.22,-0.012,0.011,0.159173,73.75758,0.949378,0.314137,13.726479,40
iho-labrador-sea,2022,4.18,4.56,4.41,4.228,0.124,0.296742,53.9349,-0.795011,0.606595,13.677779,40
iho-laccadive-sea,2022,28.93,29.1,29.3,29.148,-0.051,0.155872,7.04053,0.970503,0.241089,13.635995,40
iho-laptev-sea,2022,-0.35,-0.07,-0.11,-0.24,0.017,0.129923,72.49477,0.718747,-0.695271,13.179195,40
iho-makassar-strait,2022,29.45,29.36,29.56,29.394,0.037,0.09972,-2.133915,0.884652,-0.466253,12.186416,40
iho-malacca-strait,2022,29.5,29.48,29.7,29.504,0.034,0.128,4.62758,0.986752,-0.162235,12.176829,40
iho-molukka-sea,2022,29.76,29.5,29.49,29.402,0.146,0.265058,1.29441,0.806409,-0.591359,12.302019,40
iho-mozambique-channel,2022,26.89,26.9,26.91,26.956,-0.031,0.107257,-18.652675,0.646908,0.762568,14.13694,40
iho-norwegian-sea,2022,7.33,7.4,7.44,7.428,-0.042,0.060465,68.77561,0.033764,0.99943,14.188602,40
iho-persian-gulf,2022,27.54,27.65,27.53,27.686,-0.089,0.148405,27.25814,0.777543,0.62883,12.408351,40
iho-philippine-sea,2022,27.94,27.94,28.11,27.916,0.047,0.11876,18.90921,0.720574,-0.693378,15.536311,40
iho-sea-of-okhotsk,2022,5.46,5.17,5.01,5.002,0.193,0.303671,52.970885,0.505452,-0.862855,14.298006,40
iho-skagerrak,2022,11.26,10.83,11.32,11.044,0.084,0.241379,58.491525,0.17484,0.984597,10.380145,40
iho-solomon-sea,2022,29.95,29.62,29.55,29.472,0.196,0.341842,-8.362475,0.4558,-0.890082,13.512255,40
iho-sulu-sea,2022,29.41,29.29,29.38,29.268,0.076,0.122049,9.24238,0.860336,-0.509727,12.720177,40
iho-the-coastal-waters-of-southeast-alaska-and-british-columbia,2022,9.78,9.37,9.94,9.938,-0.189,0.35284,53.145505,-0.75872,-0.651416,11.748468,40
iho-the-northwestern-passages,2022,-0.59,-0.62,-0.44,-0.568,0.012,0.107219,72.743745,-0.999893,-0.014615,13.883329,40
iho-timor-sea,2022,29.17,29.08,29.26,29.006,0.103,0.220055,-11.69447,0.798564,-0.60191,12.967616,40
iho-tyrrhenian-sea,2022,20.19,19.59,19.75,19.786,0.068,0.240799,40.88606,0.204983,0.978765,12.28902,40
iho-white-sea,2022,4.5,3.91,4.74,4.3,0.002,0.369703,66.11883,0.588055,0.808821,11.426851,40
iho-yellow-sea,2022,15.65,15.63,15.31,15.454,0.085,0.157048,37.10378,0.823032,-0.567996,12.917778,40
indian,2022,18.66,18.59,18.64,18.634,0.004,0.039294,-24.80201,0.985963,0.166965,17.874379,40
med-east,2022,21.96,22.05,21.97,22.004,-0.022,0.088904,33.972405,0.388183,0.921582,13.970857,40
med-west,2022,20.05,19.55,19.81,19.712,0.09,0.19436,39.641195,0.108319,0.994116,13.071896,40
north-sea,2022,11.36,10.99,11.25,11.144,0.064,0.154868,55.991155,0.048807,0.998808,13.17933,40
pacific-north,2022,23.07,22.94,23.18,23.11,-0.041,0.1002,29.13773,-0.512453,-0.858715,17.983864,40
pacific-south,2022,19.71,19.76,19.88,19.848,-0.062,0.099076,-29.29769,-0.812176,-0.583412,18.148866,40
red,2022,28.5,28.75,28.8,28.758,-0.088,0.137317,20.302025,0.622928,0.78228,13.012457,40
south-china,2022,28.31,28.25,28.38,28.242,0.061,0.133177,11.16138,0.913678,-0.406438,15.019307,40
southern,2022,-0.97,-1.0,-0.86,-0.928,-0.02,0.052688,-72.7774,-0.698579,-0.715533,16.901883,40
tasman,2022,17.11,16.7,16.61,16.9,-0.023,0.204548,-40.43461,0.311587,-0.950217,15.020206,40
arabian,2023,28.48,28.09,28.11,28.306,-0.025,0.170247,12.45006,0.892737,0.450579,15.248859,41
arctic,2023,-1.53,-1.51,-1.54,-1.488,-0.03,0.04996,80.71087,-0.663278,-0.748373,15.460999,41
atlantic-north,2023,22.24,21.89,21.84,21.918,0.099,0.166661,34.248285,-0.672091,0.740468,17.350575,41
atlantic-south,2023,17.38,17.26,17.24,17.264,0.031,0.067705,-30.052735,-0.283797,0.958885,17.511694,41
baltic,2023,10.0,10.16,9.89,10.178,-0.069,0.337129,56.751155,0.324147,0.946007,12.295761,41
bengal,2023,28.94,28.91,28.87,28.964,-0.035,0.073919,14.952905,0.998516,0.054454,14.60031,41
bering,2023,4.9,4.91,4.76,5.11,-0.204,0.361165,58.967385,-0.158169,-0.987412,14.671337,41
black,2023,16.56,15.73,15.85,16.168,-0.005,0.33403,43.712375,0.560251,0.828323,12.953789,41
caribbean,2023,28.65,28.27,28.29,28.382,0.06,0.146751,15.28978,-0.953381,0.301769,14.854371,41
caspian,2023,16.07,16.04,16.03,16.016,0.029,0.041761,41.860385,0.771846,0.635809,12.8917,41
coral,2023,26.83,27.32,26.94,26.926,0.088,0.245569,-18.698505,0.380185,-0.92491,15.224138,41
gulf-mexico,2023,26.99,26.61,26.31,26.622,0.079,0.216278,24.262605,-0.999978,-0.00665,14.25895,41
iho-adriatic-sea,2023,19.24,19.22,18.9,19.144,0.012,0.126744,42.750975,0.274561,0.96157,11.860389,41
iho-aegean-sea,2023,20.61,19.94,20.55,20.444,-0.042,0.260661,38.064275,0.434155,0.900838,12.178673,41
iho-alboran-sea,2023,20.14,19.81,19.54,19.702,0.179,0.286105,36.00498,-0.059967,0.9982,10.904011,41
iho-andaman-or-burma-sea,2023,29.32,29.16,29.17,29.302,-0.052,0.120399,11.345655,0.995242,-0.097431,13.323568,41
iho-arafura-sea,2023,28.45,28.96,28.75,28.598,0.096,0.310187,-10.39485,0.686759,-0.726885,13.831679,41
iho-baffin-bay,2023,-0.14,-0.23,-0.14,-0.028,-0.111,0.179265,76.206255,-0.960545,0.278125,13.18762,41
iho-banda-sea,2023,28.88,29.41,29.07,28.972,0.122,0.312564,-4.85558,0.793037,-0.609173,13.443201,41
iho-barentsz-sea,2023,2.99,3.07,2.55,2.806,0.108,0.218504,73.955765,0.603995,0.796988,14.172227,41
iho-bass-strait,2023,16.11,16.28,15.96,16.136,-0.009,0.1201,-39.35622,0.559203,-0.82903,11.637695,41
iho-bay-of-biscay,2023,16.56,16.48,15.77,16.176,0.179,0.351716,45.567995,-0.063151,0.998004,12.067709,41
iho-beaufort-sea,2023,-0.38,-0.79,-0.81,-0.62,-0.008,0.208806,72.07828,-0.657818,-0.753177,12.994443,41
iho-bismarck-sea,2023,29.89,30.4,30.12,30.048,0.072,0.265285,-3.51689,0.531651,-0.846963,12.741831,41
iho-celebes-sea,2023,29.56,29.67,29.59,29.548,0.053,0.110526,4.320085,0.849589,-0.527446,13.027678,41
iho-celtic-sea,2023,14.19,13.99,13.47,13.768,0.161,0.274693,49.57831,-0.146291,0.989242,12.280984,41
iho-ceram-sea,2023,29.08,29.59,29.28,29.128,0.158,0.364823,-3.22909,0.747368,-0.66441,11.985275,41
iho-chukchi-sea,2023,0.49,0.9,0.18,0.894,-0.293,0.58558,68.851175,-0.125299,-0.992119,12.764697,41
iho-davis-strait,2023,2.01,1.42,1.78,1.824,-0.062,0.249046,65.055565,-0.846344,0.532637,13.53112,41
iho-east-siberian-sea,2023,-0.78,-0.66,-0.43,-0.524,-0.1,0.17625,72.69595,0.353866,-0.935296,13.372628,41
iho-eastern-china-sea,2023,22.96,22.77,22.89,22.844,0.024,0.077356,28.689,0.810496,-0.585744,13.538823,41
iho-english-channel,2023,13.87,13.61,13.0,13.442,0.137,0.298355,49.79585,-0.044076,0.999028,11.310102,41
iho-flores-sea,2023,28.72,29.14,28.82,28.838,0.051,0.197626,-7.10454,0.870955,-0.491364,11.533032,41
iho-great-australian-bight,2023,16.42,16.51,16.38,16.408,0.031,0.064931,-37.505585,0.733327,-0.679876,14.094371,41
iho-greenland-sea,2023,1.11,1.2,1.35,1.27,-0.076,0.134313,73.913585,-0.141862,0.989886,13.994943,41
iho-gulf-of-aden,2023,29.03,28.52,28.43,28.686,0.043,0.207711,12.781685,0.745063,0.666994,12.469715,41
iho-gulf-of-alaska,2023,8.07,8.09,7.71,8.258,-0.231,0.470889,57.908245,-0.562787,-0.826602,12.941426,41
iho-gulf-of-bothnia,2023,8.26,8.12,8.09,8.222,0.004,0.248065,62.78759,0.334482,0.942402,11.677191,41
iho-gulf-of-california,2023,24.3,24.38,24.0,24.256,0.013,0.13544,27.3495,-0.931231,-0.364428,12.100261,41
iho-gulf-of-finland,2023,8.34,8.22,7.9,8.24,0.014,0.284535,61.031815,0.521086,0.853504,10.977348,41
iho-gulf-of-guinea,2023,28.49,28.19,28.5,28.462,-0.053,0.139628,2.77271,0.064397,0.997924,13.525242,41
iho-gulf-of-st-lawrence,2023,6.88,6.94,7.18,6.746,0.173,0.336309,48.66826,-0.878473,0.477793,12.581716,41
iho-gulf-of-thailand,2023,29.23,29.21,29.24,29.318,-0.07,0.112321,9.90349,0.977828,-0.209412,12.593929,41
iho-halmahera-sea,2023,29.51,29.9,29.54,29.488,0.15,0.312883,0.437415,0.774409,-0.632686,11.228075,41
iho-hudson-bay,2023,1.94,1.55,1.99,1.774,0.033,0.165723,58.60554,-0.997337,0.072937,13.641849,41
iho-hudson-strait,2023,0.58,0.27,0.37,0.416,0.005,0.115689,61.466505,-0.930268,0.366881,12.213959,41
iho-inner-seas-off-the-west-coast-of-scotland,2023,11.83,11.56,11.22,11.366,0.18,0.290352,56.46592,-0.121627,0.992576,10.70905,41
iho-ionian-sea,2023,20.74,20.63,20.48,20.602,0.028,0.101863,38.47898,0.322653,0.946517,12.053467,41
iho-irish-sea-and-st-george-s-channel,2023,12.47,12.26,11.81,12.07,0.143,0.254637,53.43632,-0.079881,0.996804,10.731206,41
iho-japan-sea,2023,15.09,14.48,14.62,14.564,0.17,0.286817,42.18206,0.706473,-0.70774,13.879648,41
iho-java-sea,2023,28.98,29.25,29.09,29.096,0.02,0.169423,-5.161905,0.925947,-0.377653,13.236044,41
iho-kara-sea,2023,0.01,0.09,-0.22,-0.01,0.019,0.159374,73.75758,0.949378,0.314137,13.726479,41
iho-labrador-sea,2023,4.68,4.18,4.56,4.426,0.053,0.178393,53.9349,-0.795011,0.606595,13.677779,41
iho-laccadive-sea,2023,29.3,28.93,29.1,29.196,-0.047,0.158316,7.04053,0.970503,0.241089,13.635995,41
iho-laptev-sea,2023,-0.43,-0.35,-0.07,-0.272,-0.03,0.151314,72.49477,0.718747,-0.695271,13.179195,41
iho-makassar-strait,2023,29.37,29.45,29.36,29.41,0.001,0.087407,-2.133915,0.884652,-0.466253,12.186416,41
iho-malacca-strait,2023,29.6,29.5,29.48,29.564,-0.008,0.079398,4.62758,0.986752,-0.162235,12.176829,41
iho-molukka-sea,2023,29.41,29.76,29.5,29.424,0.117,0.2602,1.29441,0.806409,-0.591359,12.302019,41
iho-mozambique-channel,2023,27.07,26.89,26.9,26.988,-0.022,0.112499,-18.652675,0.646908,0.762568,14.13694,41
iho-norwegian-sea,2023,7.5,7.33,7.4,7.426,-0.003,0.057827,68.77561,0.033764,0.99943,14.188602,41
iho-persian-gulf,2023,28.05,27.54,27.65,27.714,0.051,0.194175,27.25814,0.777543,0.62883,12.408351,41
iho-philippine-sea,2023,27.84,27.94,27.94,27.932,-0.015,0.100678,18.90921,0.720574,-0.693378,15.536311,41
iho-sea-of-okhotsk,2023,5.64,5.46,5.17,5.172,0.257,0.368424,52.970885,0.505452,-0.862855,14.298006,41
iho-skagerrak,2023,11.24,11.26,10.83,11.152,0.02,0.174974,58.491525,0.17484,0.984597,10.380145,41
iho-solomon-sea,2023,29.27,29.95,29.62,29.462,0.11,0.346837,-8.362475,0.4558,-0.890082,13.512255,41
iho-sulu-sea,2023,29.39,29.41,29.29,29.328,0.047,0.089084,9.24238,0.860336,-0.509727,12.720177,41
iho-the-coastal-waters-of-southeast-alaska-and-british-columbia,2023,9.78,9.78,9.37,9.85,-0.136,0.325331,53.145505,-0.75872,-0.651416,11.748468,41
iho-the-northwestern-passages,2023,-0.47,-0.59,-0.62,-0.516,-0.017,0.073919,72.743745,-0.999893,-0.014615,13.883329,41
iho-timor-sea,2023,28.86,29.17,29.08,29.004,0.033,0.221323,-11.69447,0.798564,-0.60191,12.967616,41
iho-tyrrhenian-sea,2023,20.15,20.19,19.59,19.838,0.172,0.282163,40.88606,0.204983,0.978765,12.28902,41
iho-white-sea,2023,4.75,4.5,3.91,4.342,0.164,0.404841,66.11883,0.588055,0.808821,11.426851,41
iho-yellow-sea,2023,15.78,15.65,15.63,15.53,0.134,0.198897,37.10378,0.823032,-0.567996,12.917778,41
indian,2023,18.79,18.66,18.59,18.674,0.022,0.066513,-24.80201,0.985963,0.166965,17.874379,41
med-east,2023,22.35,21.96,22.05,22.044,0.091,0.161196,33.972405,0.388183,0.921582,13.970857,41
med-west,2023,20.31,20.05,19.55,19.854,0.176,0.29432,39.641195,0.108319,0.994116,13.071896,41
north-sea,2023,11.58,11.36,10.99,11.27,0.093,0.196469,55.991155,0.048807,0.998808,13.17933,41
pacific-north,2023,23.27,23.07,22.94,23.138,-0.003,0.119566,29.13773,-0.512453,-0.858715,17.983864,41
pacific-south,2023,20.13,19.71,19.76,19.892,0.013,0.15171,-29.29769,-0.812176,-0.583412,18.148866,41
red,2023,29.04,28.5,28.75,28.788,0.008,0.174287,20.302025,0.622928,0.78228,13.012457,41
south-china,2023,28.3,28.31,28.25,28.304,-0.003,0.043174,11.16138,0.913678,-0.406438,15.019307,41
southern,2023,-0.93,-0.97,-1.0,-0.928,-0.021,0.052688,-72.7774,-0.698579,-0.715533,16.901883,41
tasman,2023,17.05,17.11,16.7,16.896,0.058,0.201355,-40.43461,0.311587,-0.950217,15.020206,41
arabian,2024,28.66,28.48,28.09,28.348,0.089,0.219399,12.45006,0.892737,0.450579,15.248859,42
arctic,2024,-1.51,-1.53,-1.51,-1.508,-0.011,0.031241,80.71087,-0.663278,-0.748373,15.460999,42
atlantic-north,2024,22.29,22.24,21.89,22.024,0.126,0.19805,34.248285,-0.672091,0.740468,17.350575,42
atlantic-south,2024,17.4,17.38,17.26,17.29,0.06,0.087178,-30.052735,-0.283797,0.958885,17.511694,42
baltic,2024,10.6,10.0,10.16,10.296,-0.035,0.360144,56.751155,0.324147,0.946007,12.295761,42
bengal,2024,29.28,28.94,28.91,29.012,0.051,0.148243,14.952905,0.998516,0.054454,14.60031,42
bering,2024,4.67,4.9,4.91,4.89,-0.094,0.183412,58.967385,-0.158169,-0.987412,14.671337,42
black,2024,17.02,16.56,15.73,16.332,0.175,0.479224,43.712375,0.560251,0.828323,12.953789,42
caribbean,2024,28.98,28.65,28.27,28.524,0.146,0.2653,15.28978,-0.953381,0.301769,14.854371,42
caspian,2024,16.01,16.07,16.04,16.028,0.008,0.027129,41.860385,0.771846,0.635809,12.8917,42
coral,2024,27.12,26.83,27.32,27.038,0.017,0.168808,-18.698505,0.380185,-0.92491,15.224138,42
gulf-mexico,2024,26.63,26.99,26.61,26.628,0.074,0.216,24.262605,-0.999978,-0.00665,14.25895,42
iho-adriatic-sea,2024,19.87,19.24,19.22,19.274,0.18,0.321596,42.750975,0.274561,0.96157,11.860389,42
iho-aegean-sea,2024,21.15,20.61,19.94,20.582,0.104,0.385404,38.064275,0.434155,0.900838,12.178673,42
iho-alboran-sea,2024,19.84,20.14,19.81,19.814,0.08,0.193659,36.00498,-0.059967,0.9982,10.904011,42
iho-andaman-or-burma-sea,2024,29.76,29.32,29.16,29.362,0.087,0.21876,11.345655,0.995242,-0.097431,13.323568,42
iho-arafura-sea,2024,28.86,28.45,28.96,28.756,-0.01,0.17095,-10.39485,0.686759,-0.726885,13.831679,42
iho-baffin-bay,2024,-0.13,-0.14,-0.23,-0.1,-0.054,0.125379,76.206255,-0.960545,0.278125,13.18762,42
iho-banda-sea,2024,29.36,28.88,29.41,29.154,0.043,0.200459,-4.85558,0.793037,-0.609173,13.443201,42
iho-barentsz-sea,2024,2.83,2.99,3.07,2.862,0.036,0.177809,73.955765,0.603995,0.796988,14.172227,42
iho-bass-strait,2024,16.81,16.11,16.28,16.246,0.163,0.300173,-39.35622,0.559203,-0.82903,11.637695,42
iho-bay-of-biscay,2024,16.42,16.56,16.48,16.312,0.097,0.28124,45.567995,-0.063151,0.998004,12.067709,42
iho-beaufort-sea,2024,-0.49,-0.38,-0.79,-0.648,0.099,0.177809,72.07828,-0.657818,-0.753177,12.994443,42
iho-bismarck-sea,2024,30.28,29.89,30.4,30.178,-0.007,0.171161,-3.51689,0.531651,-0.846963,12.741831,42
iho-celebes-sea,2024,29.66,29.56,29.67,29.612,0.013,0.044452,4.320085,0.849589,-0.527446,13.027678,42
iho-celtic-sea,2024,14.04,14.19,13.99,13.862,0.156,0.271249,49.57831,-0.146291,0.989242,12.280984,42
iho-ceram-sea,2024,29.45,29.08,29.59,29.322,0.028,0.179488,-3.22909,0.747368,-0.66441,11.985275,42
iho-chukchi-sea,2024,0.12,0.49,0.9,0.536,-0.143,0.357916,68.851175,-0.125299,-0.992119,12.764697,42
iho-davis-strait,2024,1.93,2.01,1.42,1.78,0.057,0.202682,65.055565,-0.846344,0.532637,13.53112,42
iho-east-siberian-sea,2024,-0.93,-0.78,-0.66,-0.616,-0.165,0.234487,72.69595,0.353866,-0.935296,13.372628,42
iho-eastern-china-sea,2024,23.45,22.96,22.77,22.964,0.147,0.254998,28.689,0.810496,-0.585744,13.538823,42
iho-english-channel,2024,13.89,13.87,13.61,13.57,0.169,0.324654,49.79585,-0.044076,0.999028,11.310102,42
iho-flores-sea,2024,29.25,28.72,29.14,28.976,0.05,0.196224,-7.10454,0.870955,-0.491364,11.533032,42
iho-great-australian-bight,2024,16.89,16.42,16.51,16.524,0.098,0.187894,-37.505585,0.733327,-0.679876,14.094371,42
iho-greenland-sea,2024,1.21,1.11,1.2,1.214,-0.022,0.077097,73.913585,-0.141862,0.989886,13.994943,42
iho-gulf-of-aden,2024,28.99,29.03,28.52,28.744,0.108,0.241296,12.781685,0.745063,0.666994,12.469715,42
iho-gulf-of-alaska,2024,7.97,8.07,8.09,8.028,-0.03,0.191875,57.908245,-0.562787,-0.826602,12.941426,42
iho-gulf-of-bothnia,2024,8.41,8.26,8.12,8.312,-0.037,0.216278,62.78759,0.334482,0.942402,11.677191,42
iho-gulf-of-california,2024,24.16,24.3,24.38,24.238,-0.008,0.140911,27.3495,-0.931231,-0.364428,12.100261,42
iho-gulf-of-finland,2024,8.58,8.34,8.22,8.352,0.016,0.286105,61.031815,0.521086,0.853504,10.977348,42
iho-gulf-of-guinea,2024,28.62,28.49,28.19,28.472,0.011,0.148513,2.77271,0.064397,0.997924,13.525242,42
iho-gulf-of-st-lawrence,2024,7.1,6.88,6.94,6.918,0.092,0.239533,48.66826,-0.878473,0.477793,12.581716,42
iho-gulf-of-thailand,2024,29.66,29.23,29.21,29.358,0.041,0.174287,9.90349,0.977828,-0.209412,12.593929,42
iho-halmahera-sea,2024,29.71,29.51,29.9,29.644,0.027,0.14541,0.437415,0.774409,-0.632686,11.228075,42
iho-hudson-bay,2024,1.36,1.94,1.55,1.704,-0.069,0.236694,58.60554,-0.997337,0.072937,13.641849,42
iho-hudson-strait,2024,0.3,0.58,0.27,0.372,0.013,0.109435,61.466505,-0.930268,0.366881,12.213959,42
iho-inner-seas-off-the-west-coast-of-scotland,2024,11.59,11.83,11.56,11.444,0.175,0.287653,56.46592,-0.121627,0.992576,10.70905,42
iho-ionian-sea,2024,21.28,20.74,20.63,20.724,0.184,0.294116,38.47898,0.322653,0.946517,12.053467,42
iho-irish-sea-and-st-george-s-channel,2024,12.23,12.47,12.26,12.124,0.142,0.254213,53.43632,-0.079881,0.996804,10.731206,42
iho-japan-sea,2024,15.21,15.09,14.48,14.74,0.229,0.351852,42.18206,0.706473,-0.70774,13.879648,42
iho-java-sea,2024,29.43,28.98,29.25,29.212,0.013,0.159549,-5.161905,0.925947,-0.377653,13.236044,42
iho-kara-sea,2024,-0.1,0.01,0.09,-0.0,-0.041,0.151658,73.75758,0.949378,0.314137,13.726479,42
iho-labrador-sea,2024,4.68,4.68,4.18,4.502,0.066,0.189145,53.9349,-0.795011,0.606595,13.677779,42
iho-laccadive-sea,2024,29.53,29.3,28.93,29.232,0.066,0.203313,7.04053,0.970503,0.241089,13.635995,42
iho-laptev-sea,2024,-0.5,-0.43,-0.35,-0.292,-0.114,0.172093,72.49477,0.718747,-0.695271,13.179195,42
iho-makassar-strait,2024,29.72,29.37,29.45,29.492,0.033,0.13467,-2.133915,0.884652,-0.466253,12.186416,42
iho-malacca-strait,2024,30.11,29.6,29.5,29.678,0.094,0.229817,4.62758,0.986752,-0.162235,12.176829,42
iho-molukka-sea,2024,29.67,29.41,29.76,29.566,0.027,0.128779,1.29441,0.806409,-0.591359,12.302019,42
iho-mozambique-channel,2024,27.59,27.07,26.89,27.072,0.153,0.267313,-18.652675,0.646908,0.762568,14.13694,42
iho-norwegian-sea,2024,7.6,7.5,7.33,7.454,0.042,0.091564,68.77561,0.033764,0.99943,14.188602,42
iho-persian-gulf,2024,27.64,28.05,27.54,27.682,0.062,0.190515,27.25814,0.777543,0.62883,12.408351,42
iho-philippine-sea,2024,28.14,27.84,27.94,27.994,-0.004,0.11342,18.90921,0.720574,-0.693378,15.536311,42
iho-sea-of-okhotsk,2024,4.8,5.64,5.46,5.216,0.005,0.302298,52.970885,0.505452,-0.862855,14.298006,42
iho-skagerrak,2024,11.24,11.24,11.26,11.178,0.025,0.176454,58.491525,0.17484,0.984597,10.380145,42
iho-solomon-sea,2024,29.74,29.27,29.95,29.626,0.003,0.223839,-8.362475,0.4558,-0.890082,13.512255,42
iho-sulu-sea,2024,29.58,29.39,29.41,29.41,0.05,0.094446,9.24238,0.860336,-0.509727,12.720177,42
iho-the-coastal-waters-of-southeast-alaska-and-british-columbia,2024,9.76,9.78,9.78,9.726,0.005,0.189484,53.145505,-0.75872,-0.651416,11.748468,42
iho-the-northwestern-passages,2024,-0.44,-0.47,-0.59,-0.512,0.015,0.077305,72.743745,-0.999893,-0.014615,13.883329,42
iho-timor-sea,2024,29.29,28.86,29.17,29.132,-0.016,0.154583,-11.69447,0.798564,-0.60191,12.967616,42
iho-tyrrhenian-sea,2024,20.45,20.15,20.19,20.026,0.196,0.312512,40.88606,0.204983,0.978765,12.28902,42
iho-white-sea,2024,4.67,4.75,4.5,4.514,0.07,0.314998,66.11883,0.588055,0.808821,11.426851,42
iho-yellow-sea,2024,16.16,15.78,15.65,15.706,0.185,0.274707,37.10378,0.823032,-0.567996,12.917778,42
indian,2024,18.99,18.79,18.66,18.734,0.09,0.144028,-24.80201,0.985963,0.166965,17.874379,42
med-east,2024,22.63,22.35,21.96,22.192,0.162,0.260799,33.972405,0.388183,0.921582,13.970857,42
med-west,2024,20.09,20.31,20.05,19.962,0.132,0.260031,39.641195,0.108319,0.994116,13.071896,42
north-sea,2024,11.3,11.58,11.36,11.296,0.069,0.190011,55.991155,0.048807,0.998808,13.17933,42
pacific-north,2024,23.3,23.27,23.07,23.152,0.057,0.132876,29.13773,-0.512453,-0.858715,17.983864,42
pacific-south,2024,20.03,20.13,19.71,19.902,0.067,0.158669,-29.29769,-0.812176,-0.583412,18.148866,42
red,2024,28.97,29.04,28.5,28.812,0.063,0.188828,20.302025,0.622928,0.78228,13.012457,42
south-china,2024,28.62,28.3,28.31,28.372,0.053,0.130752,11.16138,0.913678,-0.406438,15.019307,42
southern,2024,-0.89,-0.93,-0.97,-0.93,0.001,0.05099,-72.7774,-0.698579,-0.715533,16.901883,42
tasman,2024,16.99,17.05,17.11,16.892,0.111,0.199239,-40.43461,0.311587,-0.950217,15.020206,42
arabian,2025,28.16,28.66,28.48,28.3,0.067,0.228823,12.45006,0.892737,0.450579,15.248859,43
arctic,2025,-1.44,-1.51,-1.53,-1.506,0.02,0.034986,80.71087,-0.663278,-0.748373,15.460999,43
atlantic-north,2025,21.9,22.29,22.24,22.032,0.052,0.191979,34.248285,-0.672091,0.740468,17.350575,43
atlantic-south,2025,17.2,17.4,17.38,17.296,0.006,0.079398,-30.052735,-0.283797,0.958885,17.511694,43
baltic,2025,10.39,10.6,10.0,10.208,0.144,0.258256,56.751155,0.324147,0.946007,12.295761,43
bengal,2025,29.05,29.28,28.94,29.01,0.073,0.147648,14.952905,0.998516,0.054454,14.60031,43
bering,2025,5.12,4.67,4.9,4.872,0.048,0.153023,58.967385,-0.158169,-0.987412,14.671337,43
black,2025,16.55,17.02,16.56,16.342,0.269,0.483131,43.712375,0.560251,0.828323,12.953789,43
caribbean,2025,28.58,28.98,28.65,28.554,0.129,0.261427,15.28978,-0.953381,0.301769,14.854371,43
caspian,2025,16.04,16.01,16.07,16.038,-0.001,0.019391,41.860385,0.771846,0.635809,12.8917,43
coral,2025,27.32,27.12,26.83,27.106,0.056,0.197747,-18.698505,0.380185,-0.92491,15.224138,43
gulf-mexico,2025,26.81,26.63,26.99,26.67,0.102,0.226627,24.262605,-0.999978,-0.00665,14.25895,43
iho-adriatic-sea,2025,19.32,19.87,19.24,19.31,0.149,0.314579,42.750975,0.274561,0.96157,11.860389,43
iho-aegean-sea,2025,20.5,21.15,20.61,20.55,0.111,0.38424,38.064275,0.434155,0.900838,12.178673,43
iho-alboran-sea,2025,20.45,19.84,20.14,19.956,0.185,0.311679,36.00498,-0.059967,0.9982,10.904011,43
iho-andaman-or-burma-sea,2025,29.27,29.76,29.32,29.336,0.08,0.220418,11.345655,0.995242,-0.097431,13.323568,43
iho-arafura-sea,2025,28.91,28.86,28.45,28.786,0.022,0.181835,-10.39485,0.686759,-0.726885,13.831679,43
iho-baffin-bay,2025,0.14,-0.13,-0.14,-0.1,0.066,0.125379,76.206255,-0.960545,0.278125,13.18762,43
iho-banda-sea,2025,29.23,29.36,28.88,29.19,0.027,0.194628,-4.85558,0.793037,-0.609173,13.443201,43
iho-barentsz-sea,2025,3.23,2.83,2.99,2.934,0.112,0.231309,73.955765,0.603995,0.796988,14.172227,43
iho-bass-strait,2025,16.55,16.81,16.11,16.342,0.171,0.305247,-39.35622,0.559203,-0.82903,11.637695,43
iho-bay-of-biscay,2025,16.64,16.42,16.56,16.374,0.168,0.310973,45.567995,-0.063151,0.998004,12.067709,43
iho-beaufort-sea,2025,-1.03,-0.49,-0.38,-0.7,-0.014,0.234776,72.07828,-0.657818,-0.753177,12.994443,43
iho-bismarck-sea,2025,30.27,30.28,29.89,30.192,0.018,0.175203,-3.51689,0.531651,-0.846963,12.741831,43
iho-celebes-sea,2025,29.62,29.66,29.56,29.62,0.005,0.041473,4.320085,0.849589,-0.527446,13.027678,43
iho-celtic-sea,2025,14.24,14.04,14.19,13.986,0.159,0.273978,49.57831,-0.146291,0.989242,12.280984,43
iho-ceram-sea,2025,29.45,29.45,29.08,29.37,0.02,0.175157,-3.22909,0.747368,-0.66441,11.985275,43
iho-chukchi-sea,2025,0.82,0.12,0.49,0.502,0.05,0.319149,68.851175,-0.125299,-0.992119,12.764697,43
iho-davis-strait,2025,1.86,1.93,2.01,1.8,0.067,0.204646,65.055565,-0.846344,0.532637,13.53112,43
iho-east-siberian-sea,2025,-0.68,-0.93,-0.78,-0.696,-0.077,0.16378,72.69595,0.353866,-0.935296,13.372628,43
iho-eastern-china-sea,2025,23.07,23.45,22.96,23.028,0.104,0.232413,28.689,0.810496,-0.585744,13.538823,43
iho-english-channel,2025,14.01,13.89,13.87,13.676,0.23,0.362304,49.79585,-0.044076,0.999028,11.310102,43
iho-flores-sea,2025,28.9,29.25,28.72,28.966,0.027,0.198555,-7.10454,0.870955,-0.491364,11.533032,43
iho-great-australian-bight,2025,16.69,16.89,16.42,16.578,0.1,0.18904,-37.505585,0.733327,-0.679876,14.094371,43
iho-greenland-sea,2025,1.52,1.21,1.11,1.278,0.035,0.143304,73.913585,-0.141862,0.989886,13.994943,43
iho-gulf-of-aden,2025,28.39,28.99,29.03,28.672,0.039,0.279457,12.781685,0.745063,0.666994,12.469715,43
iho-gulf-of-alaska,2025,8.65,7.97,8.07,8.098,0.176,0.307402,57.908245,-0.562787,-0.826602,12.941426,43
iho-gulf-of-bothnia,2025,8.97,8.41,8.26,8.37,0.205,0.320811,62.78759,0.334482,0.942402,11.677191,43
iho-gulf-of-california,2025,24.03,24.16,24.3,24.174,-0.016,0.148,27.3495,-0.931231,-0.364428,12.100261,43
iho-gulf-of-finland,2025,8.58,8.58,8.34,8.324,0.172,0.25374,61.031815,0.521086,0.853504,10.977348,43
iho-gulf-of-guinea,2025,28.23,28.62,28.49,28.406,-0.011,0.166925,2.77271,0.064397,0.997924,13.525242,43
iho-gulf-of-st-lawrence,2025,6.54,7.1,6.88,6.928,-0.112,0.221847,48.66826,-0.878473,0.477793,12.581716,43
iho-gulf-of-thailand,2025,29.15,29.66,29.23,29.298,0.027,0.183674,9.90349,0.977828,-0.209412,12.593929,43
iho-halmahera-sea,2025,29.77,29.71,29.51,29.686,0.027,0.14541,0.437415,0.774409,-0.632686,11.228075,43
iho-hudson-bay,2025,1.77,1.36,1.94,1.722,-0.063,0.237605,58.60554,-0.997337,0.072937,13.641849,43
iho-hudson-strait,2025,0.68,0.3,0.58,0.44,0.065,0.161617,61.466505,-0.930268,0.366881,12.213959,43
iho-inner-seas-off-the-west-coast-of-scotland,2025,11.83,11.59,11.83,11.606,0.125,0.224375,56.46592,-0.121627,0.992576,10.70905,43
iho-ionian-sea,2025,20.67,21.28,20.74,20.76,0.103,0.273569,38.47898,0.322653,0.946517,12.053467,43
iho-irish-sea-and-st-george-s-channel,2025,12.47,12.23,12.47,12.248,0.129,0.241197,53.43632,-0.079881,0.996804,10.731206,43
iho-japan-sea,2025,14.97,15.21,15.09,14.874,0.143,0.278754,42.18206,0.706473,-0.70774,13.879648,43
iho-java-sea,2025,29.2,29.43,28.98,29.19,0.04,0.151921,-5.161905,0.925947,-0.377653,13.236044,43
iho-kara-sea,2025,0.06,-0.1,0.01,-0.032,0.037,0.114088,73.75758,0.949378,0.314137,13.726479,43
iho-labrador-sea,2025,4.11,4.68,4.68,4.442,-0.04,0.247419,53.9349,-0.795011,0.606595,13.677779,43
iho-laccadive-sea,2025,29.26,29.53,29.3,29.224,0.092,0.201256,7.04053,0.970503,0.241089,13.635995,43
iho-laptev-sea,2025,-0.19,-0.5,-0.43,-0.308,-0.039,0.157531,72.49477,0.718747,-0.695271,13.179195,43
iho-makassar-strait,2025,29.5,29.72,29.37,29.48,0.055,0.13069,-2.133915,0.884652,-0.466253,12.186416,43
iho-malacca-strait,2025,29.59,30.11,29.6,29.656,0.083,0.231914,4.62758,0.986752,-0.162235,12.176829,43
iho-molukka-sea,2025,29.61,29.67,29.41,29.59,0.013,0.12345,1.29441,0.806409,-0.591359,12.302019,43
iho-mozambique-channel,2025,27.22,27.59,27.07,27.134,0.134,0.258349,-18.652675,0.646908,0.762568,14.13694,43
iho-norwegian-sea,2025,7.86,7.6,7.5,7.538,0.119,0.185084,68.77561,0.033764,0.99943,14.188602,43
iho-persian-gulf,2025,27.15,27.64,28.05,27.606,-0.09,0.287235,27.25814,0.777543,0.62883,12.408351,43
iho-philippine-sea,2025,28.01,28.14,27.84,27.974,0.034,0.099116,18.90921,0.720574,-0.693378,15.536311,43
iho-sea-of-okhotsk,2025,5.51,4.8,5.64,5.316,0.002,0.300307,52.970885,0.505452,-0.862855,14.298006,43
iho-skagerrak,2025,11.25,11.24,11.24,11.164,0.082,0.167165,58.491525,0.17484,0.984597,10.380145,43
iho-solomon-sea,2025,29.86,29.74,29.27,29.688,0.027,0.236761,-8.362475,0.4558,-0.890082,13.512255,43
iho-sulu-sea,2025,29.29,29.58,29.39,29.392,0.017,0.106283,9.24238,0.860336,-0.509727,12.720177,43
iho-the-coastal-waters-of-southeast-alaska-and-british-columbia,2025,10.27,9.76,9.78,9.792,0.178,0.285615,53.145505,-0.75872,-0.651416,11.748468,43
iho-the-northwestern-passages,2025,-0.33,-0.44,-0.47,-0.49,0.073,0.105262,72.743745,-0.999893,-0.014615,13.883329,43
iho-timor-sea,2025,29.35,29.29,28.86,29.15,0.066,0.172627,-11.69447,0.798564,-0.60191,12.967616,43
iho-tyrrhenian-sea,2025,20.27,20.45,20.15,20.13,0.162,0.288998,40.88606,0.204983,0.978765,12.28902,43
iho-white-sea,2025,5.15,4.67,4.75,4.596,0.265,0.40396,66.11883,0.588055,0.808821,11.426851,43
iho-yellow-sea,2025,16.14,16.16,15.78,15.872,0.153,0.232843,37.10378,0.823032,-0.567996,12.917778,43
indian,2025,18.82,18.99,18.79,18.77,0.079,0.13842,-24.80201,0.985963,0.166965,17.874379,43
med-east,2025,22.26,22.63,22.35,22.25,0.109,0.236051,33.972405,0.388183,0.921582,13.970857,43
med-west,2025,20.24,20.09,20.31,20.048,0.142,0.266563,39.641195,0.108319,0.994116,13.071896,43
north-sea,2025,11.56,11.3,11.58,11.358,0.108,0.213953,55.991155,0.048807,0.998808,13.17933,43
pacific-north,2025,23.22,23.3,23.27,23.16,0.079,0.135499,29.13773,-0.512453,-0.858715,17.983864,43
pacific-south,2025,20.02,20.03,20.13,19.93,0.084,0.16456,-29.29769,-0.812176,-0.583412,18.148866,43
red,2025,28.79,28.97,29.04,28.81,0.055,0.188997,20.302025,0.622928,0.78228,13.012457,43
south-china,2025,28.13,28.62,28.3,28.322,0.007,0.16216,11.16138,0.913678,-0.406438,15.019307,43
southern,2025,-0.82,-0.89,-0.93,-0.922,0.044,0.063056,-72.7774,-0.698579,-0.715533,16.901883,43
tasman,2025,17.11,16.99,17.05,16.992,0.07,0.15263,-40.43461,0.311587,-0.950217,15.020206,43
