{"type":"FeatureCollection","features":[{"type":"Feature","properties":{},"geometry":{"type":"Polygon","coordinates":[[[179.999219,-16.168555],[179.848242,-16.30166],[179.793848,-16.370313],[179.748145,-16.446289],[179.619141,-16.527734],[179.56416,-16.636914],[179.568164,-16.747461],[179.69707,-16.631934],[179.841016,-16.5375],[179.884961,-16.518457],[179.930371,-16.519434],[179.926563,-16.55166],[179.905957,-16.583594],[179.890039,-16.666992],[179.92793,-16.744434],[179.820801,-16.736914],[179.714746,-16.743555],[179.588965,-16.787012],[179.46543,-16.806055],[179.419336,-16.806543],[179.375,-16.791992],[179.345996,-16.769727],[179.32334,-16.718066],[179.300488,-16.710352],[179.202344,-16.712695],[179.055469,-16.813574],[179.006836,-16.900195],[178.950391,-16.904004],[178.883691,-16.886035],[178.80293,-16.952148],[178.706641,-16.976172],[178.665039,-16.92002],[178.638086,-16.85127],[178.603711,-16.800586],[178.497461,-16.787891],[178.51377,-16.726074],[178.541992,-16.700488],[178.567773,-16.663867],[178.583594,-16.621875],[178.634277,-16.648535],[178.686328,-16.665625],[178.744531,-16.63418],[178.805078,-16.631445],[178.865723,-16.540039],[178.960547,-16.482813],[179.091406,-16.4375],[179.224609,-16.405176],[179.293555,-16.398633],[179.35918,-16.379883],[179.475098,-16.294141],[179.551758,-16.249902],[179.635254,-16.223242],[179.715039,-16.207617],[179.788867,-16.221484],[179.848145,-16.214258],[180,-16.15293],[179.999219,-16.168555]]]}},{"type":"Feature","properties":{},"geometry":{"type":"Polygon","coordinates":[[[177.23418,-17.14707],[177.182813,-17.163867],[177.210156,-17.084277],[177.239258,-17.059375],[177.25752,-17.054199],[177.287402,-17.048633],[177.275781,-17.104883],[177.23418,-17.14707]]]}},{"type":"Feature","properties":{},"geometry":{"type":"Polygon","coordinates":[[[127.372656,0.791309],[127.338379,0.758447],[127.306055,0.769434],[127.286426,0.811914],[127.292773,0.84248],[127.319824,0.862012],[127.353809,0.847461],[127.372656,0.791309]]]}},{"type":"Feature","properties":{},"geometry":{"type":"Polygon","coordinates":[[[-81.334814,24.650488],[-81.364795,24.629932],[-81.379053,24.636279],[-81.379053,24.66626],[-81.42168,24.732617],[-81.420068,24.75],[-81.322314,24.685059],[-81.319824,24.667627],[-81.334814,24.650488]]]}},{"type":"Feature","properties":{},"geometry":{"type":"Polygon","coordinates":[[[-80.829395,24.803662],[-80.84834,24.803662],[-80.838867,24.817871],[-80.799414,24.846289],[-80.785205,24.835254],[-80.786768,24.821045],[-80.829395,24.803662]]]}},{"type":"Feature","properties":{},"geometry":{"type":"Polygon","coordinates":[[[-80.638281,24.903174],[-80.665137,24.898438],[-80.625684,24.941113],[-80.6146,24.937939],[-80.638281,24.903174]]]}},{"type":"Feature","properties":{},"geometry":{"type":"Polygon","coordinates":[[[178.280176,-17.371973],[178.280176,-17.416211],[178.309473,-17.435352],[178.338574,-17.438477],[178.410938,-17.523047],[178.523242,-17.595801],[178.591602,-17.651465],[178.595703,-17.699023],[178.574902,-17.749316],[178.603809,-17.839355],[178.617871,-17.932813],[178.667676,-18.080859],[178.597363,-18.108984],[178.486719,-18.112305],[178.461133,-18.138965],[178.423438,-18.124219],[178.331543,-18.135254],[178.24375,-18.183984],[178.160156,-18.250195],[178.063965,-18.250391],[177.955469,-18.264063],[177.84707,-18.254883],[177.770801,-18.219531],[177.636426,-18.181055],[177.457324,-18.148242],[177.383203,-18.120703],[177.321387,-18.077539],[177.263477,-17.968652],[177.254883,-17.914941],[177.263965,-17.863477],[177.316309,-17.846094],[177.360156,-17.82002],[177.366406,-17.786035],[177.385742,-17.762305],[177.410938,-17.753711],[177.423242,-17.737305],[177.405566,-17.682129],[177.400684,-17.631641],[177.504492,-17.539551],[177.617969,-17.461035],[177.817969,-17.388477],[177.940234,-17.395117],[178.127637,-17.339258],[178.187598,-17.312988],[178.247168,-17.329102],[178.280176,-17.371973]]]}},{"type":"Feature","properties":{},"geometry":{"type":"Polygon","coordinates":[[[164.202344,-20.246094],[164.315137,-20.308887],[164.435938,-20.282227],[164.588086,-20.381152],[164.975684,-20.681055],[165.111914,-20.744531],[165.191797,-20.768848],[165.252344,-20.817969],[165.306641,-20.887012],[165.380566,-20.93584],[165.4125,-20.981348],[165.420508,-21.042773],[165.447168,-21.080566],[165.582422,-21.17998],[165.662793,-21.267188],[165.774609,-21.311719],[165.822852,-21.36377],[165.885352,-21.38916],[165.949512,-21.442383],[166.057813,-21.483887],[166.30332,-21.637207],[166.492969,-21.782813],[166.5875,-21.872852],[166.689648,-21.953027],[166.820117,-22.016992],[166.942383,-22.090137],[167.004297,-22.261523],[166.970313,-22.322852],[166.9,-22.35332],[166.834961,-22.355469],[166.774121,-22.376172],[166.570605,-22.265527],[166.522168,-22.249219],[166.467969,-22.256055],[166.437695,-22.231543],[166.416406,-22.196191],[166.292285,-22.155078],[166.17666,-22.08916],[166.143164,-22.044434],[166.12373,-21.98877],[166.096094,-21.956641],[165.933008,-21.908008],[165.823438,-21.853809],[165.743848,-21.777344],[165.620215,-21.724219],[165.427637,-21.615039],[165.328613,-21.580078],[165.241992,-21.525488],[165.010156,-21.326855],[164.927441,-21.289844],[164.855273,-21.201563],[164.655664,-20.99209],[164.559473,-20.905859],[164.454688,-20.829102],[164.374512,-20.739258],[164.312891,-20.632715],[164.169727,-20.480176],[164.152148,-20.414941],[164.158105,-20.347949],[164.123633,-20.304883],[164.065039,-20.278613],[164.037305,-20.233594],[164.040527,-20.172852],[164.059668,-20.141504],[164.202344,-20.246094]]]}},{"type":"Feature","properties":{},"geometry":{"type":"Polygon","coordinates":[[[127.732715,0.848145],[127.805371,0.825928],[127.881055,0.832129],[127.918652,0.876807],[127.929102,0.934717],[127.967285,1.042578],[128.055273,1.115625],[128.116992,1.127051],[128.160742,1.157812],[128.153125,1.237891],[128.157422,1.316602],[128.222461,1.400635],[128.424121,1.517529],[128.539258,1.559229],[128.688379,1.572559],[128.705176,1.527734],[128.688086,1.463721],[128.716895,1.367285],[128.702637,1.106396],[128.66875,1.069434],[128.514551,0.979248],[128.345996,0.907129],[128.298828,0.876807],[128.257227,0.80498],[128.260645,0.733789],[128.397949,0.638818],[128.61123,0.549951],[128.655273,0.508252],[128.683789,0.438477],[128.691602,0.360352],[128.743262,0.323242],[128.81543,0.305371],[128.863281,0.268359],[128.899609,0.21626],[128.54043,0.337891],[128.446484,0.391553],[128.332813,0.397949],[128.220605,0.414258],[128.106055,0.460889],[127.983105,0.471875],[127.924414,0.438086],[127.901367,0.372266],[127.887402,0.29834],[127.914648,0.206299],[127.912207,0.150537],[127.888965,0.049512],[127.977832,-0.24834],[128.089453,-0.485254],[128.253516,-0.731641],[128.33457,-0.816309],[128.425488,-0.892676],[128.278125,-0.87002],[128.233398,-0.787695],[128.046387,-0.706055],[128.01084,-0.657324],[127.888965,-0.423535],[127.85332,-0.379883],[127.74082,-0.300391],[127.691602,-0.241895],[127.674805,-0.162891],[127.687402,-0.079932],[127.681348,0.034863],[127.685449,0.149023],[127.708691,0.288086],[127.668652,0.336768],[127.616211,0.38291],[127.555371,0.489648],[127.537109,0.610889],[127.541797,0.680664],[127.566992,0.742529],[127.600684,0.796045],[127.608008,0.848242],[127.52041,0.924023],[127.428516,1.13999],[127.420313,1.251953],[127.537109,1.46748],[127.534668,1.57207],[127.55791,1.634229],[127.570703,1.700146],[127.631738,1.843701],[127.731445,1.966113],[127.899902,2.137354],[127.964258,2.174707],[128.036426,2.199023],[128.042773,2.15708],[128.03125,2.119873],[127.906738,1.945654],[127.890137,1.906299],[127.886816,1.832959],[127.946484,1.789648],[128.010938,1.701221],[128.02373,1.583496],[128.025879,1.458105],[128.011719,1.331738],[127.987695,1.2896],[127.885352,1.162793],[127.652832,1.013867],[127.633008,0.977197],[127.634375,0.936133],[127.677441,0.886572],[127.732715,0.848145]]]}},{"type":"Feature","properties":{},"geometry":{"type":"Polygon","coordinates":[[[69.184863,-49.10957],[69.265137,-49.11543],[69.314258,-49.10625],[69.534961,-48.974316],[69.592773,-48.970996],[69.587305,-49.071973],[69.644043,-49.117383],[69.572266,-49.129004],[69.43623,-49.124023],[69.405078,-49.181738],[69.542383,-49.255664],[69.610742,-49.26582],[69.666602,-49.264941],[69.770703,-49.248145],[69.854395,-49.221582],[69.983984,-49.159863],[70.061328,-49.136035],[70.208398,-49.134961],[70.284961,-49.076465],[70.320215,-49.058594],[70.40625,-49.061133],[70.484277,-49.083887],[70.530859,-49.136914],[70.555469,-49.201465],[70.536816,-49.265527],[70.485059,-49.327637],[70.389844,-49.365625],[70.411426,-49.410938],[70.386133,-49.433984],[70.338379,-49.435254],[70.297656,-49.424805],[70.237793,-49.371582],[70.16582,-49.342969],[69.993164,-49.344922],[69.915625,-49.348535],[69.902148,-49.389258],[69.861133,-49.420508],[69.818359,-49.437695],[69.759961,-49.430176],[69.749219,-49.447559],[69.780273,-49.490137],[69.855957,-49.544043],[69.986426,-49.581641],[70.062891,-49.589355],[70.073438,-49.517773],[70.16582,-49.509375],[70.247754,-49.530664],[70.307129,-49.583496],[70.258789,-49.600781],[70.216211,-49.628809],[70.207422,-49.665039],[70.124316,-49.704395],[70.075098,-49.708594],[69.918945,-49.689355],[69.826074,-49.644922],[69.803906,-49.613574],[69.74668,-49.601758],[69.682031,-49.642188],[69.612891,-49.650977],[69.477637,-49.617383],[69.352734,-49.563184],[69.274609,-49.542773],[69.153125,-49.529687],[69.085938,-49.65293],[68.992969,-49.70498],[68.872656,-49.709863],[68.814746,-49.699609],[68.782813,-49.65127],[68.791211,-49.599609],[68.810547,-49.550195],[68.84834,-49.499609],[68.87207,-49.444336],[68.861914,-49.392188],[68.818457,-49.353906],[68.841406,-49.285352],[68.798828,-49.231641],[68.813574,-49.19209],[68.883398,-49.164941],[68.853809,-49.141309],[68.816699,-49.135059],[68.790137,-49.103711],[68.769531,-49.065918],[68.796582,-48.994727],[68.836914,-48.926172],[68.832031,-48.84873],[68.900293,-48.775586],[68.958691,-48.693848],[69.002441,-48.66123],[69.057227,-48.656445],[69.08125,-48.679297],[69.093066,-48.723926],[69.071582,-48.752832],[69.122754,-48.766016],[69.136133,-48.861035],[69.104102,-48.899902],[69.099414,-48.937598],[69.032715,-49.017578],[69.052148,-49.081934],[69.184863,-49.10957]]]}},{"type":"Feature","properties":{},"geometry":{"type":"Polygon","coordinates":[[[63.373828,80.700098],[63.187598,80.697607],[63.002148,80.712842],[62.760449,80.762695],[62.520313,80.821875],[62.592578,80.853027],[62.819336,80.893799],[63.11582,80.966797],[63.614746,80.980908],[63.855957,80.981152],[64.095703,80.99834],[64.165918,81.035742],[64.210449,81.106348],[64.255859,81.144434],[64.310156,81.175195],[64.575391,81.198486],[64.802051,81.197266],[65.027734,81.169482],[65.171973,81.144043],[65.309766,81.096436],[65.382031,81.056738],[65.360059,81.008203],[65.37207,80.968018],[65.437402,80.930713],[64.997461,80.818896],[64.54834,80.75542],[63.373828,80.700098]]]}},{"type":"Feature","properties":{},"geometry":{"type":"Polygon","coordinates":[[[57.95625,80.123242],[57.800098,80.104053],[57.392285,80.13916],[57.332324,80.158105],[57.281445,80.193896],[57.214063,80.328271],[57.211719,80.368457],[57.18623,80.39624],[57.083398,80.445215],[57.011133,80.468311],[57.075,80.493945],[57.521973,80.475391],[58.480469,80.464746],[58.97168,80.415869],[59.115918,80.388428],[59.255469,80.343213],[58.397949,80.31875],[58.283887,80.297803],[58.285742,80.248145],[58.255469,80.201807],[58.163184,80.196533],[57.95625,80.123242]]]}},{"type":"Feature","properties":{},"geometry":{"type":"Polygon","coordinates":[[[-25.432324,70.921338],[-25.397217,70.862451],[-25.393652,70.834668],[-25.401367,70.811279],[-25.420801,70.79458],[-25.467773,70.779687],[-25.380127,70.740576],[-25.35166,70.714307],[-25.346338,70.693311],[-25.402246,70.652686],[-25.800586,70.598926],[-25.911328,70.573047],[-26.049707,70.509131],[-26.217871,70.454053],[-26.273877,70.454346],[-26.33916,70.511426],[-26.604687,70.553369],[-27.104785,70.531494],[-27.690039,70.478662],[-27.897998,70.454004],[-28.003027,70.467139],[-28.035254,70.486816],[-28.036816,70.514355],[-27.967529,70.594824],[-27.939551,70.615283],[-27.805273,70.642041],[-27.714209,70.712793],[-27.743994,70.789746],[-27.708936,70.897119],[-27.617236,70.91377],[-27.3875,70.875635],[-27.238867,70.867578],[-26.975586,70.862695],[-26.621777,70.875635],[-26.337451,70.919238],[-25.818896,71.043652],[-25.726807,71.042041],[-25.66084,70.997949],[-25.612305,70.976318],[-25.458252,70.942529],[-25.432324,70.921338]]]}},{"type":"Feature","properties":{},"geometry":{"type":"Polygon","coordinates":[[[159.750391,-9.272656],[159.970605,-9.433301],[160.065332,-9.418652],[160.35459,-9.421582],[160.525195,-9.53623],[160.625488,-9.588867],[160.681836,-9.691602],[160.751465,-9.715039],[160.794336,-9.767383],[160.818945,-9.862793],[160.80166,-9.87832],[160.713086,-9.913867],[160.649219,-9.928613],[160.481641,-9.894727],[160.321094,-9.821289],[160.002344,-9.812402],[159.853711,-9.791504],[159.802734,-9.763477],[159.755469,-9.726074],[159.680469,-9.636816],[159.621875,-9.532129],[159.612305,-9.470703],[159.607422,-9.353809],[159.625586,-9.31123],[159.686328,-9.268652],[159.750391,-9.272656]]]}},{"type":"Feature","properties":{},"geometry":{"type":"Polygon","coordinates":[[[117.311133,8.4396],[117.218555,8.367285],[117.228516,8.456689],[117.255859,8.540967],[117.349902,8.713574],[117.417773,8.76665],[117.52998,8.902588],[117.593262,8.968311],[117.744922,9.098242],[117.884766,9.240674],[117.931543,9.25127],[117.983008,9.253418],[118.023828,9.269775],[118.114844,9.34668],[118.343945,9.602783],[118.533398,9.793652],[118.727539,10.03501],[118.820117,10.105322],[118.845117,10.131299],[119.023828,10.353564],[119.079883,10.38584],[119.143066,10.409277],[119.186035,10.439453],[119.223828,10.477295],[119.287012,10.574023],[119.312695,10.687109],[119.29668,10.750977],[119.261133,10.845166],[119.305664,10.973633],[119.340723,11.03291],[119.465332,11.293799],[119.50127,11.346436],[119.55332,11.313525],[119.560254,11.266797],[119.53457,11.156836],[119.532617,11.101611],[119.561914,11.045508],[119.52666,10.953174],[119.616113,10.707373],[119.684375,10.551709],[119.686914,10.500342],[119.595215,10.407422],[119.540527,10.379346],[119.422461,10.354395],[119.369336,10.327295],[119.284766,10.251709],[119.231934,10.152148],[119.218555,10.100684],[119.191504,10.061084],[118.948633,9.993457],[118.834668,9.949316],[118.782129,9.916113],[118.75498,9.862109],[118.773828,9.766797],[118.569629,9.422754],[118.504492,9.332666],[118.434961,9.256006],[118.349609,9.201465],[118.229297,9.167969],[118.134082,9.101367],[118.069434,8.983545],[117.989551,8.8771],[117.888574,8.798242],[117.779785,8.728613],[117.679883,8.677832],[117.572168,8.641992],[117.539648,8.595605],[117.516602,8.53833],[117.469141,8.511377],[117.4125,8.49585],[117.311133,8.4396]]]}},{"type":"Feature","properties":{},"geometry":{"type":"Polygon","coordinates":[[[122.496191,11.615088],[122.612695,11.56416],[122.72627,11.60791],[122.838086,11.595654],[122.93125,11.529297],[122.900781,11.487354],[122.894531,11.441309],[123.102734,11.541455],[123.158301,11.535547],[123.156445,11.442529],[123.144141,11.363574],[123.119531,11.286816],[123.075488,11.196875],[123.016504,11.116504],[122.93877,11.058154],[122.84668,11.022461],[122.80293,10.990039],[122.789453,10.941211],[122.791113,10.879736],[122.769922,10.823828],[122.673145,10.800928],[122.52207,10.691895],[122.197656,10.6229],[122.108594,10.575537],[122.051758,10.514062],[121.988379,10.458301],[121.954004,10.444385],[121.938281,10.470898],[121.933789,10.493652],[121.980078,10.638574],[121.972363,10.698877],[121.950293,10.757373],[121.964355,10.87168],[122.020703,10.979102],[122.050879,11.097363],[122.059668,11.325684],[122.103516,11.64292],[122.101367,11.680859],[122.066992,11.72373],[121.94082,11.758301],[121.891211,11.790869],[121.916016,11.854346],[121.963672,11.897363],[122.029199,11.89541],[122.086816,11.855078],[122.290723,11.772021],[122.399219,11.702197],[122.496191,11.615088]]]}},{"type":"Feature","properties":{},"geometry":{"type":"Polygon","coordinates":[[[123.130859,9.064111],[123.064648,9.053369],[122.994727,9.058838],[122.947852,9.107959],[122.866602,9.319824],[122.772461,9.371338],[122.664551,9.410352],[122.610352,9.443213],[122.5625,9.482812],[122.410937,9.693896],[122.399512,9.823047],[122.425586,9.896094],[122.471484,9.961523],[122.523242,9.979199],[122.648242,9.981543],[122.712988,9.990137],[122.855566,10.086914],[122.86582,10.125],[122.866504,10.284033],[122.852344,10.395264],[122.816992,10.503809],[122.855566,10.553418],[122.905859,10.602539],[122.958398,10.69834],[122.96875,10.765723],[122.969727,10.836182],[122.983301,10.886621],[123.024414,10.911816],[123.221777,10.988672],[123.256641,10.993945],[123.510645,10.923047],[123.5625,10.816064],[123.567578,10.780762],[123.527734,10.662012],[123.492871,10.582324],[123.406934,10.458984],[123.343555,10.325391],[123.296094,10.124512],[123.266211,10.059033],[123.186621,9.933301],[123.162012,9.864258],[123.162695,9.714648],[123.149414,9.659326],[123.149805,9.606152],[123.308398,9.356982],[123.321875,9.31748],[123.320508,9.272949],[123.293359,9.217285],[123.228711,9.121387],[123.19248,9.087891],[123.130859,9.064111]]]}},{"type":"Feature","properties":{},"geometry":{"type":"Polygon","coordinates":[[[124.574609,11.343066],[124.644336,11.308105],[124.724316,11.32207],[124.821094,11.401416],[124.92998,11.372852],[124.993945,11.255908],[125.026563,11.211719],[125.044336,11.135254],[125.039746,10.951904],[125.013184,10.785693],[125.033789,10.751465],[125.083887,10.721582],[125.127539,10.684717],[125.16416,10.637451],[125.187695,10.584863],[125.197168,10.457227],[125.260059,10.349609],[125.268457,10.307715],[125.25332,10.263818],[125.148438,10.272412],[125.140039,10.235352],[125.142578,10.189453],[125.105371,10.218311],[125.043945,10.323437],[124.9875,10.367578],[125.004883,10.19707],[125.023535,10.115283],[125.026563,10.033105],[124.929102,10.095898],[124.812793,10.134619],[124.780762,10.168066],[124.791699,10.274561],[124.789551,10.327539],[124.737695,10.439746],[124.798633,10.682227],[124.797168,10.731787],[124.786719,10.781396],[124.738672,10.879736],[124.662695,10.961963],[124.616113,10.962207],[124.502832,10.904443],[124.445508,10.923584],[124.411719,11.150342],[124.366016,11.370703],[124.330957,11.4271],[124.308203,11.486182],[124.330664,11.535205],[124.374121,11.51499],[124.435938,11.457227],[124.510938,11.423877],[124.548242,11.39502],[124.574609,11.343066]]]}},{"type":"Feature","properties":{},"geometry":{"type":"Polygon","coordinates":[[[125.239551,12.527881],[125.310352,12.446289],[125.327539,12.387207],[125.320215,12.321826],[125.352246,12.292773],[125.408789,12.284863],[125.48125,12.251953],[125.535645,12.191406],[125.50332,12.135791],[125.513379,12.05459],[125.456543,11.952539],[125.464258,11.771582],[125.496875,11.71377],[125.5,11.65542],[125.491797,11.594336],[125.505762,11.544238],[125.592969,11.378223],[125.608984,11.323047],[125.582324,11.279492],[125.573535,11.238232],[125.627344,11.233887],[125.704004,11.164795],[125.749121,11.073584],[125.735645,11.049609],[125.674414,11.120801],[125.628125,11.132031],[125.431836,11.112598],[125.311523,11.142285],[125.233398,11.145068],[125.155859,11.267041],[125.087891,11.287354],[125.034277,11.34126],[124.945312,11.47915],[124.916992,11.558398],[124.978906,11.638477],[124.998242,11.702344],[124.99502,11.764941],[124.935645,11.754639],[124.884277,11.775488],[124.821094,11.8521],[124.795801,11.896338],[124.749805,11.93335],[124.676758,12.020898],[124.571875,12.055127],[124.529102,12.079199],[124.445703,12.152783],[124.384863,12.243994],[124.325781,12.403809],[124.294727,12.569336],[124.56582,12.526221],[124.840137,12.53457],[125.150195,12.572559],[125.239551,12.527881]]]}},{"type":"Feature","properties":{},"geometry":{"type":"Polygon","coordinates":[[[120.704395,13.479492],[120.755371,13.470996],[120.915332,13.501074],[120.980762,13.485986],[121.024707,13.428711],[121.079297,13.410742],[121.122461,13.38125],[121.202734,13.432324],[121.284375,13.374121],[121.356836,13.265479],[121.442187,13.188428],[121.522754,13.131201],[121.538672,13.088867],[121.489746,13.01958],[121.474805,12.931592],[121.479688,12.837109],[121.540625,12.638184],[121.519238,12.584229],[121.458008,12.507959],[121.412305,12.423047],[121.418164,12.38877],[121.400098,12.360742],[121.394336,12.300586],[121.356836,12.313086],[121.322363,12.303613],[121.288867,12.276709],[121.236719,12.218799],[121.155469,12.236328],[121.116992,12.253418],[121.107617,12.303613],[121.083398,12.338965],[121.048535,12.359961],[120.9625,12.446533],[120.922168,12.511621],[120.921484,12.581104],[120.899414,12.64585],[120.854785,12.703662],[120.795996,12.747998],[120.776367,12.790576],[120.76875,12.840918],[120.763672,12.969824],[120.680273,13.130615],[120.651367,13.169141],[120.573145,13.208887],[120.508301,13.260059],[120.480664,13.311035],[120.455469,13.393506],[120.438086,13.40542],[120.3875,13.40166],[120.338477,13.412354],[120.352734,13.472949],[120.40127,13.517041],[120.468359,13.522412],[120.65332,13.497607],[120.704395,13.479492]]]}},{"type":"Feature","properties":{},"geometry":{"type":"Polygon","coordinates":[[[155.957617,-6.686816],[155.933203,-6.780469],[155.914941,-6.79668],[155.891895,-6.761523],[155.80498,-6.795605],[155.763477,-6.834375],[155.719336,-6.862793],[155.617383,-6.855957],[155.520898,-6.830273],[155.427344,-6.782715],[155.344043,-6.72168],[155.260547,-6.626074],[155.208594,-6.526855],[155.234473,-6.411621],[155.202148,-6.307617],[155.044629,-6.233691],[155.010156,-6.209766],[154.940234,-6.106152],[154.870313,-6.061426],[154.781934,-5.970703],[154.759277,-5.931348],[154.721094,-5.816504],[154.708984,-5.74707],[154.741113,-5.545313],[154.729297,-5.444434],[154.772656,-5.454102],[154.818457,-5.494043],[154.870508,-5.521387],[154.99707,-5.539941],[155.093848,-5.620215],[155.186719,-5.776953],[155.197852,-5.82832],[155.227539,-5.865234],[155.323047,-5.931738],[155.372559,-5.974414],[155.466992,-6.145117],[155.519336,-6.181543],[155.581055,-6.196191],[155.638477,-6.220801],[155.73418,-6.295703],[155.822559,-6.380469],[155.882227,-6.469629],[155.927637,-6.565039],[155.957617,-6.686816]]]}},{"type":"Feature","properties":{},"geometry":{"type":"Polygon","coordinates":[[[152.96582,-4.756348],[152.891699,-4.832422],[152.845605,-4.761523],[152.786523,-4.699414],[152.739941,-4.63584],[152.680664,-4.498438],[152.677734,-4.429199],[152.693359,-4.355957],[152.696777,-4.282031],[152.668164,-4.131836],[152.598438,-3.994824],[152.355762,-3.668164],[152.279395,-3.582422],[152.192188,-3.505859],[152.136328,-3.487109],[152.023242,-3.46875],[151.972949,-3.453418],[151.879785,-3.400098],[151.793164,-3.337891],[151.578516,-3.153516],[151.465039,-3.101367],[151.405078,-3.036914],[151.066797,-2.829004],[150.968066,-2.779883],[150.847852,-2.779785],[150.746094,-2.738867],[150.826465,-2.712891],[150.842969,-2.643555],[150.825391,-2.572949],[150.995313,-2.688281],[151.174609,-2.789062],[151.226465,-2.870313],[151.314746,-2.875293],[151.475391,-2.94248],[151.585742,-3.003027],[151.689844,-3.072852],[151.807129,-3.172852],[152.03291,-3.251367],[152.065039,-3.279883],[152.179395,-3.410352],[152.329492,-3.520996],[152.380469,-3.581934],[153.016797,-4.105664],[153.124219,-4.252344],[153.13252,-4.352441],[153.111523,-4.391699],[153.044336,-4.476367],[153.045605,-4.576367],[153.023242,-4.666309],[152.96582,-4.756348]]]}},{"type":"Feature","properties":{},"geometry":{"type":"Polygon","coordinates":[[[138.535352,-8.273633],[138.296289,-8.405176],[137.982813,-8.381934],[137.871875,-8.379688],[137.687695,-8.411719],[137.650391,-8.386133],[137.685156,-8.262207],[137.83252,-7.932227],[138.00752,-7.641602],[138.081836,-7.566211],[138.185352,-7.495313],[138.295508,-7.438477],[138.543848,-7.37959],[138.769824,-7.39043],[138.801953,-7.414648],[138.899414,-7.511621],[138.962598,-7.587988],[138.989063,-7.696094],[138.892969,-7.882129],[138.785938,-8.059082],[138.611719,-8.19834],[138.535352,-8.273633]]]}},{"type":"Feature","properties":{},"geometry":{"type":"Polygon","coordinates":[[[129.754688,-2.86582],[129.984375,-2.97666],[130.103418,-2.992969],[130.303613,-2.978516],[130.379102,-2.989355],[130.569922,-3.130859],[130.625586,-3.228027],[130.641699,-3.311914],[130.671094,-3.391504],[130.718066,-3.411328],[130.773438,-3.41875],[130.845605,-3.533301],[130.859961,-3.570312],[130.805078,-3.857715],[130.580371,-3.748828],[130.363086,-3.625195],[130.269727,-3.579297],[130.019531,-3.474707],[129.981152,-3.438867],[129.953125,-3.391602],[129.844141,-3.327148],[129.62666,-3.317188],[129.54502,-3.318848],[129.511719,-3.328516],[129.52041,-3.363184],[129.52168,-3.433691],[129.467676,-3.453223],[129.332813,-3.408691],[129.212109,-3.392676],[129.107617,-3.349219],[128.96748,-3.326074],[128.952051,-3.304199],[128.964063,-3.27168],[128.957813,-3.241113],[128.925391,-3.229297],[128.8625,-3.234961],[128.801758,-3.265625],[128.75127,-3.300488],[128.676953,-3.396582],[128.638965,-3.433398],[128.516602,-3.449121],[128.465918,-3.439844],[128.419238,-3.416016],[128.27998,-3.240527],[128.233008,-3.202637],[128.180664,-3.17168],[128.132031,-3.157422],[128.082129,-3.184082],[128.055762,-3.238574],[128.043945,-3.30332],[128.030078,-3.340527],[127.97002,-3.444336],[127.92041,-3.506055],[127.902344,-3.496289],[127.927832,-3.397266],[127.92793,-3.341406],[127.897168,-3.282324],[127.87793,-3.22207],[128.113379,-2.93457],[128.198535,-2.865918],[128.569824,-2.842188],[128.790527,-2.856641],[128.910742,-2.849609],[128.991113,-2.828516],[129.057715,-2.838477],[129.074316,-2.895117],[129.116309,-2.937012],[129.174414,-2.933496],[129.27959,-2.889063],[129.371094,-2.820508],[129.427344,-2.790723],[129.48418,-2.785742],[129.542969,-2.790332],[129.600488,-2.806152],[129.754688,-2.86582]]]}},{"type":"Feature","properties":{},"geometry":{"type":"Polygon","coordinates":[[[126.861133,-3.087891],[127.025488,-3.166016],[127.062891,-3.216992],[127.092383,-3.277539],[127.124707,-3.31084],[127.163477,-3.338086],[127.227344,-3.391016],[127.244238,-3.471094],[127.22959,-3.633008],[127.155176,-3.647266],[127.085059,-3.670898],[126.940918,-3.764551],[126.869922,-3.78291],[126.794141,-3.78916],[126.740332,-3.813672],[126.686328,-3.823633],[126.54668,-3.77168],[126.411133,-3.710645],[126.214551,-3.605176],[126.17832,-3.579395],[126.14668,-3.522754],[126.056543,-3.420996],[126.033984,-3.355859],[126.026465,-3.170508],[126.050098,-3.128125],[126.088281,-3.105469],[126.219629,-3.148145],[126.30625,-3.103223],[126.555078,-3.065234],[126.808301,-3.069141],[126.861133,-3.087891]]]}},{"type":"Feature","properties":{},"geometry":{"type":"Polygon","coordinates":[[[122.78291,-8.611719],[122.641504,-8.647266],[122.553809,-8.680957],[122.470215,-8.725488],[122.417285,-8.734668],[122.321484,-8.738281],[122.185742,-8.730273],[122.094141,-8.744727],[121.838672,-8.860352],[121.738281,-8.87041],[121.651367,-8.89873],[121.621289,-8.853809],[121.58457,-8.820605],[121.499609,-8.812207],[121.414648,-8.814844],[121.32832,-8.916895],[121.19082,-8.895508],[121.1375,-8.904492],[121.086133,-8.925977],[121.035254,-8.935449],[120.981836,-8.92832],[120.780957,-8.848828],[120.550488,-8.801855],[120.319531,-8.820312],[120.120898,-8.776953],[120.012109,-8.810156],[119.909375,-8.857617],[119.879102,-8.807617],[119.841406,-8.763574],[119.80791,-8.697656],[119.807031,-8.622949],[119.818164,-8.570508],[119.847656,-8.522852],[119.866113,-8.473145],[119.874805,-8.419824],[119.918262,-8.445117],[119.96377,-8.435547],[120.099219,-8.377539],[120.231152,-8.289844],[120.354102,-8.257812],[120.424902,-8.248926],[120.485547,-8.266113],[120.547168,-8.259863],[120.610254,-8.24043],[120.70957,-8.307813],[120.751367,-8.321484],[120.886133,-8.32666],[121.008691,-8.365527],[121.118164,-8.423535],[121.27666,-8.47793],[121.371973,-8.550879],[121.444531,-8.577832],[121.498438,-8.585156],[121.547949,-8.575293],[121.610352,-8.526172],[121.683398,-8.505859],[121.74707,-8.506641],[121.862891,-8.493945],[121.911719,-8.482129],[121.966504,-8.455176],[122.020117,-8.471875],[122.06709,-8.49668],[122.263086,-8.624902],[122.323242,-8.62832],[122.433496,-8.600781],[122.466602,-8.566406],[122.483594,-8.513574],[122.51377,-8.469629],[122.555859,-8.431543],[122.603516,-8.402441],[122.75,-8.353125],[122.850488,-8.304395],[122.919141,-8.221875],[122.758594,-8.185938],[122.792383,-8.126563],[122.845703,-8.093262],[122.916992,-8.105566],[122.97832,-8.151953],[123.005957,-8.329102],[122.955469,-8.354102],[122.923633,-8.380957],[122.902148,-8.416309],[122.811133,-8.481152],[122.846777,-8.562207],[122.82002,-8.595703],[122.78291,-8.611719]]]}},{"type":"Feature","properties":{},"geometry":{"type":"Polygon","coordinates":[[[120.0125,-9.374707],[120.057617,-9.419727],[120.221094,-9.506348],[120.248047,-9.542871],[120.258301,-9.603125],[120.291113,-9.647852],[120.364746,-9.654688],[120.443652,-9.645605],[120.503711,-9.674023],[120.555566,-9.719043],[120.632617,-9.806445],[120.700391,-9.903125],[120.784473,-9.957031],[120.832617,-10.0375],[120.804199,-10.108496],[120.698047,-10.206641],[120.64043,-10.22793],[120.561719,-10.235645],[120.43916,-10.294043],[120.394531,-10.263477],[120.255469,-10.242285],[120.144824,-10.200098],[120.051953,-10.122852],[119.998438,-10.039746],[119.930664,-9.966504],[119.812793,-9.91748],[119.601074,-9.773535],[119.470313,-9.760547],[119.416504,-9.771094],[119.362598,-9.771777],[119.085449,-9.706934],[119.042383,-9.669043],[119.008398,-9.620508],[118.977344,-9.572852],[118.958789,-9.519336],[118.994141,-9.47207],[119.031445,-9.440234],[119.185645,-9.384473],[119.295898,-9.367188],[119.423926,-9.369824],[119.614746,-9.352441],[119.795117,-9.380469],[119.850781,-9.35957],[119.94209,-9.301465],[119.973828,-9.321582],[120.0125,-9.374707]]]}},{"type":"Feature","properties":{},"geometry":{"type":"Polygon","coordinates":[[[118.242383,-8.317773],[118.292383,-8.357227],[118.337891,-8.353516],[118.433203,-8.293262],[118.490625,-8.271484],[118.552148,-8.27041],[118.611914,-8.280664],[118.670605,-8.323438],[118.691797,-8.393457],[118.713867,-8.414941],[118.74834,-8.331152],[118.794238,-8.305859],[118.845703,-8.293066],[118.926172,-8.297656],[118.987793,-8.337695],[119.043848,-8.456738],[119.04209,-8.560938],[119.0625,-8.599805],[119.101074,-8.628223],[119.129687,-8.668164],[119.104199,-8.709961],[119.078906,-8.730469],[119.00625,-8.749609],[118.971484,-8.741211],[118.939355,-8.713086],[118.90332,-8.702734],[118.821191,-8.712109],[118.745898,-8.735449],[118.75625,-8.773633],[118.818066,-8.79082],[118.836719,-8.808887],[118.832617,-8.833398],[118.808301,-8.838281],[118.72793,-8.805273],[118.673633,-8.811914],[118.478613,-8.856445],[118.426953,-8.855469],[118.397852,-8.813379],[118.399902,-8.703711],[118.378906,-8.674609],[118.233984,-8.807813],[118.189941,-8.840527],[118.131543,-8.855957],[118.070703,-8.850586],[117.86123,-8.931445],[117.79541,-8.920117],[117.731641,-8.919922],[117.50791,-9.00752],[117.387891,-9.031934],[117.326367,-9.033691],[117.265039,-9.026172],[117.210254,-9.034082],[117.16123,-9.069238],[117.061328,-9.099023],[116.958203,-9.076367],[116.871094,-9.046191],[116.788477,-9.006348],[116.767969,-8.955469],[116.77207,-8.894336],[116.806934,-8.810938],[116.783105,-8.664648],[116.80127,-8.597949],[116.835059,-8.532422],[116.88623,-8.508301],[116.953125,-8.503418],[117.063672,-8.444434],[117.164844,-8.367188],[117.223633,-8.374512],[117.356641,-8.428516],[117.43457,-8.434961],[117.56709,-8.426367],[117.621777,-8.45957],[117.643359,-8.535547],[117.672852,-8.563281],[117.712109,-8.582617],[117.806055,-8.711133],[117.893164,-8.704395],[117.969531,-8.728027],[118.104102,-8.650293],[118.205957,-8.652148],[118.234863,-8.591895],[118.174023,-8.527539],[118.100488,-8.475195],[118.061035,-8.464258],[118.017871,-8.467383],[117.979102,-8.458887],[117.814844,-8.34209],[117.766406,-8.279004],[117.738379,-8.20459],[117.755273,-8.149512],[117.868262,-8.100879],[117.920996,-8.089063],[118.11748,-8.122266],[118.150684,-8.15],[118.202832,-8.267285],[118.242383,-8.317773]]]}},{"type":"Feature","properties":{},"geometry":{"type":"Polygon","coordinates":[[[116.64082,-8.613867],[116.514258,-8.820996],[116.559375,-8.854395],[116.586523,-8.886133],[116.377246,-8.929004],[116.289844,-8.906152],[116.239355,-8.912109],[116.026758,-8.873145],[115.874609,-8.825586],[115.857324,-8.787891],[115.869336,-8.742773],[115.914453,-8.758008],[116.031641,-8.765234],[116.076465,-8.744922],[116.077734,-8.611328],[116.061133,-8.437402],[116.219824,-8.295215],[116.304297,-8.237988],[116.401563,-8.204199],[116.646973,-8.282715],[116.6875,-8.304102],[116.718945,-8.336035],[116.734082,-8.386914],[116.64082,-8.613867]]]}},{"type":"Feature","properties":{},"geometry":{"type":"Polygon","coordinates":[[[115.447852,-8.155176],[115.549414,-8.208301],[115.690918,-8.363574],[115.704297,-8.407129],[115.661426,-8.448242],[115.559961,-8.51416],[115.333789,-8.615723],[115.29502,-8.663672],[115.247168,-8.75752],[115.236133,-8.797559],[115.220215,-8.819531],[115.194238,-8.835449],[115.144922,-8.849023],[115.091504,-8.829395],[115.139746,-8.768945],[115.141602,-8.696875],[115.105664,-8.629492],[115.055078,-8.573047],[114.952051,-8.496387],[114.84209,-8.428516],[114.731348,-8.393945],[114.613184,-8.37832],[114.570898,-8.34541],[114.501758,-8.26084],[114.478906,-8.214746],[114.467578,-8.166309],[114.475293,-8.119434],[114.504297,-8.116602],[114.62002,-8.127734],[114.833008,-8.182617],[114.938477,-8.187109],[114.998145,-8.174414],[115.154004,-8.065723],[115.191016,-8.06748],[115.340234,-8.11543],[115.447852,-8.155176]]]}},{"type":"Feature","properties":{},"geometry":{"type":"Polygon","coordinates":[[[106.045703,-1.669434],[106.080078,-1.738281],[106.127148,-1.800195],[106.161719,-1.866992],[106.208789,-2.188672],[106.365918,-2.464844],[106.818457,-2.57334],[106.744336,-2.617969],[106.706641,-2.658008],[106.678809,-2.704004],[106.612012,-2.895508],[106.618555,-2.936133],[106.657617,-3.001172],[106.667188,-3.071777],[106.610547,-3.071387],[106.546777,-3.055566],[106.496094,-3.029004],[106.44873,-2.994238],[106.397363,-2.966602],[106.341602,-2.94873],[106.250098,-2.894043],[106.125879,-2.855371],[105.99873,-2.824902],[105.937207,-2.743555],[105.908008,-2.643262],[105.939063,-2.493457],[105.907617,-2.451953],[105.862402,-2.41543],[105.806836,-2.307422],[105.78584,-2.181348],[105.705273,-2.132617],[105.599023,-2.103125],[105.552734,-2.079004],[105.342871,-2.125098],[105.292578,-2.114258],[105.247656,-2.079395],[105.133398,-2.042578],[105.137695,-1.972656],[105.191016,-1.916895],[105.316211,-1.860547],[105.374805,-1.813184],[105.386523,-1.750781],[105.364258,-1.705078],[105.373145,-1.657324],[105.412695,-1.611035],[105.45957,-1.574707],[105.585449,-1.526758],[105.64043,-1.610449],[105.667578,-1.680371],[105.700879,-1.731055],[105.754492,-1.658691],[105.72041,-1.533887],[105.816113,-1.506055],[105.910059,-1.50498],[105.980957,-1.53916],[106.027344,-1.593164],[106.045703,-1.669434]]]}},{"type":"Feature","properties":{},"geometry":{"type":"Polygon","coordinates":[[[22.617383,58.62124],[22.688379,58.597021],[22.753809,58.604687],[22.820117,58.621533],[22.964258,58.605713],[23.292871,58.483496],[23.323242,58.45083],[23.127148,58.435986],[23.082617,58.398486],[23.035449,58.372314],[22.979883,58.363867],[22.885156,58.311279],[22.757031,58.260889],[22.730273,58.230664],[22.498438,58.23623],[22.37168,58.217139],[22.269336,58.160742],[22.227344,58.051807],[22.152441,57.966797],[22.07627,57.936035],[21.996875,57.931348],[21.978027,57.963281],[21.985547,57.995166],[22.15293,58.115332],[22.187695,58.154346],[22.104395,58.17168],[22.03457,58.213379],[21.882129,58.262354],[21.854492,58.30166],[21.891016,58.30459],[21.924414,58.315869],[21.965039,58.348828],[21.984082,58.38667],[21.862305,58.497168],[21.924414,58.514258],[22.001855,58.510254],[22.081348,58.478125],[22.168555,58.51582],[22.205566,58.521387],[22.266602,58.507959],[22.328125,58.580859],[22.474414,58.604883],[22.546973,58.627393],[22.617383,58.62124]]]}},{"type":"Feature","properties":{},"geometry":{"type":"Polygon","coordinates":[[[21.608105,78.595703],[21.745605,78.572021],[22.043164,78.576953],[22.207324,78.407666],[22.299512,78.228174],[22.449316,78.215234],[22.73457,78.239941],[22.988867,78.251953],[23.119238,78.238623],[23.35166,78.186279],[23.451953,78.149463],[23.364648,78.120508],[23.151953,78.088086],[23.116699,77.991504],[23.330566,77.957861],[23.683984,77.875439],[23.883008,77.864746],[24.238281,77.898535],[24.571484,77.834424],[24.901855,77.756592],[24.129785,77.658252],[24.061914,77.630615],[23.95498,77.557715],[23.841211,77.497754],[23.736133,77.462354],[23.505176,77.401416],[23.380859,77.380322],[23.101367,77.385059],[22.99668,77.360791],[22.899512,77.311377],[22.801758,77.275781],[22.553711,77.26665],[22.426953,77.315918],[22.468848,77.331104],[22.486621,77.360107],[22.44248,77.429346],[22.678906,77.500146],[22.732617,77.539355],[22.685352,77.553516],[22.620313,77.549609],[22.448242,77.571143],[22.397266,77.570117],[22.25459,77.528857],[22.056836,77.501172],[21.856152,77.494141],[21.049902,77.440967],[20.928125,77.459668],[20.873145,77.565332],[21.201074,77.619482],[21.251465,77.710938],[21.33418,77.771777],[21.430859,77.812109],[21.608398,77.916064],[21.653125,77.923535],[21.210449,78.005762],[21.035449,78.05918],[20.844922,78.165869],[20.786426,78.252148],[20.52832,78.325586],[20.560254,78.419385],[20.372754,78.412012],[20.22793,78.477832],[20.362695,78.514795],[21.046875,78.556738],[21.454785,78.597559],[21.608105,78.595703]]]}},{"type":"Feature","properties":{},"geometry":{"type":"Polygon","coordinates":[[[62.167773,80.834766],[62.227734,80.794385],[62.191797,80.730225],[62.114551,80.683691],[62.075781,80.616943],[61.769141,80.601025],[61.68125,80.586328],[61.597461,80.534961],[61.285156,80.504736],[61.05127,80.418604],[60.722266,80.434668],[60.27832,80.494434],[59.900195,80.446094],[59.649805,80.43125],[59.346387,80.505029],[59.304395,80.521533],[59.288184,80.572656],[59.30625,80.617773],[59.386523,80.712549],[59.495117,80.766504],[59.549414,80.783594],[59.592285,80.816504],[59.71582,80.836377],[60.094531,80.848584],[60.234961,80.837744],[60.278027,80.801465],[60.481543,80.804248],[60.820215,80.826562],[61.313184,80.862646],[61.597461,80.89292],[61.850586,80.885937],[62.10293,80.866602],[62.167773,80.834766]]]}},{"type":"Feature","properties":{},"geometry":{"type":"Polygon","coordinates":[[[47.441992,80.853662],[47.899512,80.812695],[48.243262,80.823486],[48.345215,80.818994],[48.445703,80.806006],[48.547363,80.779053],[48.686523,80.717773],[48.683594,80.633252],[48.625488,80.629297],[48.044336,80.668164],[47.777344,80.75625],[47.705273,80.765186],[47.600098,80.741943],[47.512305,80.687939],[47.41416,80.674512],[47.303906,80.606201],[47.198242,80.614941],[47.144922,80.609033],[47.011035,80.562109],[46.677539,80.561328],[46.623926,80.540674],[46.513672,80.475537],[46.378125,80.456787],[46.141406,80.446729],[46.059863,80.483789],[46.023633,80.540869],[45.969043,80.569482],[45.64082,80.536963],[45.389258,80.560303],[45.149219,80.59873],[44.90498,80.611279],[45.124512,80.652246],[46.327441,80.735156],[46.799121,80.755225],[47.020605,80.814404],[47.352344,80.85293],[47.441992,80.853662]]]}},{"type":"Feature","properties":{},"geometry":{"type":"Polygon","coordinates":[[[50.265234,69.185596],[50.283008,69.088867],[50.220605,69.048779],[50.164453,69.037549],[50.140918,69.098145],[50.093945,69.125537],[49.920801,69.053271],[49.839844,68.973779],[49.62627,68.859717],[49.180469,68.778418],[48.910352,68.743066],[48.666992,68.733154],[48.439063,68.804883],[48.315918,68.942383],[48.294434,68.984229],[48.278809,69.040332],[48.280273,69.096631],[48.296289,69.183887],[48.319922,69.269238],[48.413867,69.345654],[48.631348,69.436035],[48.844922,69.494727],[48.95332,69.509277],[49.225195,69.51123],[49.996289,69.309424],[50.167285,69.25708],[50.265234,69.185596]]]}},{"type":"Feature","properties":{},"geometry":{"type":"Polygon","coordinates":[[[60.450488,69.934863],[60.480664,69.885498],[60.477246,69.793701],[60.440234,69.725928],[60.327148,69.715283],[60.215918,69.687695],[60.026172,69.717041],[59.919531,69.696973],[59.812793,69.695654],[59.724609,69.706201],[59.637012,69.721045],[59.578223,69.738623],[59.58125,69.790869],[59.502637,69.866211],[59.381543,69.89043],[59.268359,69.898438],[59.144238,69.921924],[59.08252,69.910791],[59.004004,69.883301],[58.952734,69.892773],[58.680078,70.051025],[58.63418,70.088037],[58.605566,70.129199],[58.568066,70.155664],[58.473047,70.266846],[58.519922,70.318311],[58.615332,70.35083],[58.678027,70.35957],[58.794238,70.432959],[59.005273,70.465186],[59.048047,70.460498],[59.088281,70.437109],[59.309863,70.36167],[59.425977,70.310937],[59.529102,70.248975],[59.636328,70.197021],[59.955859,70.10835],[60.172266,70.022852],[60.392578,69.962402],[60.450488,69.934863]]]}},{"type":"Feature","properties":{},"geometry":{"type":"Polygon","coordinates":[[[70.673926,73.09502],[70.380371,73.048096],[70.29834,73.044482],[70.118652,73.056299],[70.040723,73.037158],[69.920117,73.084521],[69.930371,73.126611],[69.985645,73.169238],[70.01875,73.224316],[69.995898,73.359375],[70.149609,73.444727],[70.35,73.477637],[70.940234,73.514404],[71.023242,73.504199],[71.141211,73.477979],[71.231641,73.447754],[71.351172,73.372217],[71.444922,73.34209],[71.589551,73.283154],[71.630469,73.224805],[71.626172,73.173975],[71.355664,73.162451],[70.886719,73.119629],[70.673926,73.09502]]]}},{"type":"Feature","properties":{},"geometry":{"type":"Polygon","coordinates":[[[92.683496,79.685205],[92.440625,79.675488],[92.153711,79.684668],[91.683594,79.790576],[91.37627,79.835498],[91.126074,79.904932],[91.070312,79.981494],[91.229297,80.030713],[91.425977,80.049219],[91.751953,80.052295],[92.173438,80.045459],[92.592773,79.996533],[93.481543,79.941113],[93.803125,79.904541],[93.603516,79.816748],[93.382031,79.783887],[93.155078,79.737598],[92.92627,79.704492],[92.683496,79.685205]]]}},{"type":"Feature","properties":{},"geometry":{"type":"Polygon","coordinates":[[[113.387207,74.400439],[113.353125,74.352979],[113.299219,74.317139],[113.258887,74.272705],[113.190234,74.239307],[112.977637,74.196826],[112.811328,74.10293],[112.782422,74.095068],[112.195801,74.14624],[112.105078,74.163232],[111.912109,74.219238],[111.642969,74.272949],[111.503418,74.353076],[111.570117,74.368311],[111.6375,74.374316],[111.879785,74.363818],[111.949219,74.38877],[111.982813,74.456299],[111.989355,74.49624],[112.007617,74.526758],[112.084473,74.548975],[112.951758,74.47959],[113.28623,74.441016],[113.387207,74.400439]]]}},{"type":"Feature","properties":{},"geometry":{"type":"Polygon","coordinates":[[[141.010254,73.999463],[140.507227,73.918652],[140.409473,73.92168],[140.183203,74.00459],[140.101562,74.184277],[140.193555,74.236719],[140.300293,74.257227],[140.407422,74.266455],[140.849219,74.273779],[140.944336,74.264648],[141.038574,74.242725],[141.079492,74.209326],[141.097461,74.167822],[141.046875,74.050391],[141.010254,73.999463]]]}},{"type":"Feature","properties":{},"geometry":{"type":"Polygon","coordinates":[[[23.852246,35.535449],[23.920605,35.528174],[24.013281,35.529443],[24.034375,35.5354],[24.093359,35.593848],[24.166016,35.595215],[24.197754,35.537451],[24.124023,35.51084],[24.108984,35.495801],[24.123145,35.483643],[24.178516,35.459521],[24.255371,35.468604],[24.257715,35.423145],[24.274902,35.385986],[24.312891,35.363818],[24.354004,35.359473],[24.444922,35.366016],[24.53457,35.380762],[24.626953,35.409912],[24.721289,35.424805],[25.003125,35.409863],[25.104297,35.346924],[25.296777,35.339355],[25.475684,35.306201],[25.569629,35.328076],[25.730176,35.348584],[25.755859,35.326367],[25.735156,35.184033],[25.74502,35.142725],[25.791309,35.122852],[25.837109,35.132568],[25.893359,35.179199],[26.028027,35.215283],[26.167871,35.215088],[26.285547,35.309766],[26.320215,35.315137],[26.298633,35.268604],[26.280859,35.159229],[26.255566,35.095166],[26.244336,35.044678],[26.165625,35.018604],[26.04668,35.01416],[25.829688,35.025195],[25.610938,35.007324],[25.205762,34.959277],[24.799805,34.934473],[24.745215,34.950635],[24.743945,35.014355],[24.735156,35.058301],[24.708887,35.089062],[24.583398,35.115332],[24.463672,35.160352],[23.994336,35.221924],[23.883594,35.246094],[23.703906,35.233496],[23.638086,35.235156],[23.592773,35.257227],[23.561621,35.295166],[23.547559,35.415576],[23.569824,35.534766],[23.608691,35.56626],[23.626563,35.530371],[23.672656,35.513916],[23.71543,35.550146],[23.715039,35.604736],[23.736914,35.655518],[23.770801,35.634229],[23.793359,35.556201],[23.852246,35.535449]]]}},{"type":"Feature","properties":{},"geometry":{"type":"Polygon","coordinates":[[[23.41543,38.958643],[23.471973,38.850098],[23.525,38.813477],[23.63623,38.770215],[23.688477,38.764697],[23.878223,38.686572],[24.099023,38.670996],[24.127539,38.648486],[24.154688,38.588281],[24.199707,38.541016],[24.211035,38.504248],[24.1875,38.463428],[24.220117,38.338623],[24.275781,38.22002],[24.359668,38.1625],[24.463965,38.145117],[24.563281,38.14751],[24.588379,38.123975],[24.578516,38.020166],[24.536523,37.979736],[24.502344,37.969922],[24.472656,37.980518],[24.445801,38.00498],[24.416504,38.016553],[24.359473,38.018555],[24.317773,38.060352],[24.212012,38.117529],[24.192578,38.15166],[24.189063,38.204297],[24.144141,38.243066],[24.102832,38.316846],[24.063574,38.337207],[24.041895,38.374121],[24.040137,38.38999],[23.88623,38.400732],[23.758789,38.401221],[23.650781,38.443066],[23.617383,38.552539],[23.55332,38.581982],[23.505273,38.612939],[23.465234,38.655859],[23.364063,38.73501],[23.252148,38.801221],[23.143945,38.844824],[23.029102,38.873389],[22.935742,38.839648],[22.881348,38.847656],[22.870313,38.870508],[22.986328,38.915918],[23.145801,39.002686],[23.258203,39.031348],[23.312695,39.034912],[23.41543,38.958643]]]}},{"type":"Feature","properties":{},"geometry":{"type":"Polygon","coordinates":[[[34.463184,35.593506],[33.941992,35.292041],[33.90791,35.202393],[33.93125,35.140381],[34.004492,35.065234],[34.023633,35.045557],[34.050195,34.988379],[33.936523,34.971484],[33.822461,34.965918],[33.758984,34.973242],[33.699414,34.969873],[33.514453,34.806445],[33.414941,34.750879],[33.296582,34.717725],[33.176074,34.698047],[33.115527,34.695557],[33.062305,34.674805],[33.024902,34.636914],[33.023926,34.6],[33.00791,34.56958],[32.941797,34.575879],[32.914258,34.635498],[32.867188,34.661133],[32.750098,34.647803],[32.692969,34.649365],[32.505566,34.70625],[32.449023,34.729443],[32.41377,34.778027],[32.317188,34.95332],[32.300977,35.082959],[32.390918,35.049805],[32.475,35.08999],[32.555957,35.155762],[32.652344,35.182666],[32.712695,35.171045],[32.772363,35.15957],[32.879883,35.180566],[32.926367,35.278076],[32.941602,35.39043],[33.123438,35.358203],[33.307813,35.341504],[33.458789,35.335889],[33.607617,35.35415],[34.063477,35.473975],[34.19248,35.545703],[34.272363,35.569971],[34.411133,35.629297],[34.556055,35.662061],[34.463184,35.593506]]]}},{"type":"Feature","properties":{},"geometry":{"type":"Polygon","coordinates":[[[19.076465,57.835938],[18.99375,57.812109],[18.945117,57.741602],[18.878125,57.729687],[18.813867,57.706201],[18.790918,57.483105],[18.90791,57.39834],[18.843652,57.386475],[18.784863,57.361084],[18.742871,57.323535],[18.699902,57.242725],[18.538477,57.196924],[18.477344,57.163037],[18.387207,57.087646],[18.340234,56.978223],[18.248926,56.931543],[18.146387,56.920508],[18.206543,57.010156],[18.285352,57.083203],[18.20957,57.133301],[18.163965,57.211719],[18.105078,57.271875],[18.151953,57.339062],[18.128906,57.44917],[18.136523,57.556641],[18.204883,57.610889],[18.283203,57.655127],[18.405176,57.756836],[18.537402,57.830566],[18.721875,57.863721],[18.805176,57.833154],[18.841113,57.900195],[18.900586,57.915479],[18.956445,57.9],[19.076465,57.835938]]]}},{"type":"Feature","properties":{},"geometry":{"type":"Polygon","coordinates":[[[12.56875,55.785059],[12.571191,55.684961],[12.545215,55.655811],[12.507031,55.636621],[12.407129,55.61626],[12.320605,55.587842],[12.243457,55.537891],[12.215039,55.466504],[12.275391,55.414258],[12.385156,55.385645],[12.413086,55.286182],[12.322461,55.237109],[12.089941,55.188135],[12.065527,55.069922],[12.073047,54.976758],[12.068848,54.909033],[12.050391,54.815332],[11.862305,54.772607],[11.740918,54.915332],[11.739844,54.972461],[11.703613,55.03916],[11.696777,55.095996],[11.653809,55.186914],[11.475879,55.211523],[11.406836,55.214746],[11.310254,55.197852],[11.286328,55.204443],[11.170703,55.328613],[11.189746,55.465625],[11.128027,55.534766],[11.119531,55.566064],[11.120996,55.600732],[11.070312,55.629297],[11.008789,55.644434],[10.978906,55.721533],[11.049609,55.740234],[11.224414,55.731201],[11.275488,55.736475],[11.322266,55.752539],[11.463672,55.879297],[11.45957,55.907227],[11.474707,55.943457],[11.627734,55.956885],[11.695898,55.90791],[11.682227,55.829492],[11.690918,55.729004],[11.783594,55.70166],[11.819727,55.697656],[11.858301,55.771875],[11.885352,55.807959],[11.92207,55.828076],[11.93457,55.895898],[11.912793,55.937305],[11.866406,55.968164],[12.039648,56.052148],[12.218945,56.118652],[12.323242,56.122119],[12.428223,56.105859],[12.525781,56.083398],[12.578711,56.064062],[12.608398,56.033008],[12.542969,55.958984],[12.524805,55.918457],[12.56875,55.785059]]]}},{"type":"Feature","properties":{},"geometry":{"type":"Polygon","coordinates":[[[10.645117,55.609814],[10.686816,55.557617],[10.738086,55.446338],[10.819238,55.321875],[10.785352,55.269775],[10.808398,55.203027],[10.785254,55.133398],[10.623828,55.052441],[10.442773,55.048779],[10.25459,55.087891],[9.98877,55.163184],[9.967383,55.205469],[9.930078,55.228906],[9.858984,55.357227],[9.860645,55.515479],[9.994238,55.535303],[10.286133,55.61084],[10.353613,55.598975],[10.424023,55.560352],[10.505078,55.558057],[10.622754,55.612842],[10.645117,55.609814]]]}},{"type":"Feature","properties":{},"geometry":{"type":"Polygon","coordinates":[[[3.145313,39.790088],[3.241113,39.756689],[3.342188,39.786719],[3.395898,39.777295],[3.448926,39.76123],[3.461816,39.697754],[3.414648,39.627148],[3.34873,39.555664],[3.292969,39.477051],[3.244727,39.386621],[3.15459,39.333252],[3.072852,39.30127],[2.900098,39.368359],[2.799805,39.385059],[2.769824,39.410254],[2.745996,39.510254],[2.700586,39.542139],[2.634082,39.556201],[2.575879,39.530664],[2.499512,39.477881],[2.458789,39.530469],[2.394336,39.540381],[2.37002,39.57207],[2.371289,39.613086],[2.784961,39.854834],[2.904785,39.908301],[3.158691,39.970508],[3.197559,39.961084],[3.164453,39.924219],[3.166992,39.907715],[3.198633,39.889844],[3.190918,39.861377],[3.158691,39.836572],[3.145313,39.790088]]]}},{"type":"Feature","properties":{},"geometry":{"type":"Polygon","coordinates":[[[-120.55625,-73.756055],[-120.378125,-73.855859],[-120.312305,-73.921973],[-120.272461,-73.98916],[-120.989502,-74.157031],[-121.019043,-74.173438],[-121.054102,-74.259961],[-121.036426,-74.279297],[-121.004687,-74.292871],[-121.002441,-74.326367],[-121.062402,-74.337305],[-122.286621,-74.403125],[-122.859082,-74.342676],[-122.938428,-74.302051],[-122.956055,-74.240332],[-122.890625,-74.227051],[-122.764746,-74.218652],[-122.794189,-74.19043],[-122.875244,-74.141211],[-122.880762,-74.099023],[-122.71001,-73.993652],[-122.624707,-73.965527],[-122.951172,-73.866602],[-122.991553,-73.844141],[-123.034668,-73.837598],[-123.19082,-73.849316],[-123.346191,-73.843066],[-123.291797,-73.803027],[-123.249072,-73.738672],[-123.112158,-73.682227],[-123.0125,-73.672949],[-122.910449,-73.679688],[-122.435693,-73.681641],[-121.966699,-73.711816],[-121.497314,-73.732813],[-120.722217,-73.751953],[-120.55625,-73.756055]]]}},{"type":"Feature","properties":{},"geometry":{"type":"Polygon","coordinates":[[[-126.329883,-73.28623],[-126.065283,-73.314844],[-125.975879,-73.356836],[-125.856641,-73.388281],[-125.735791,-73.405664],[-125.626807,-73.453223],[-125.561328,-73.536426],[-125.503906,-73.5625],[-125.326172,-73.617871],[-125.263965,-73.666406],[-125.276074,-73.690527],[-125.612402,-73.710742],[-125.723193,-73.702734],[-125.828418,-73.718359],[-125.859912,-73.748633],[-125.857031,-73.780176],[-125.798584,-73.801953],[-125.674414,-73.822168],[-125.552393,-73.820117],[-125.326855,-73.795508],[-125.224414,-73.800781],[-125.108789,-73.825977],[-124.993408,-73.829785],[-124.694385,-73.749609],[-124.61748,-73.735254],[-124.53999,-73.739746],[-124.128516,-73.833984],[-124.042041,-73.880371],[-124.100537,-73.906836],[-124.151807,-73.944238],[-124.129346,-73.971094],[-123.932324,-74.008008],[-123.851172,-74.057031],[-123.800439,-74.07627],[-123.811035,-74.117383],[-123.83877,-74.168262],[-123.836719,-74.225684],[-123.937402,-74.256152],[-123.982471,-74.256055],[-124.199414,-74.225586],[-124.872998,-74.208301],[-125.089551,-74.182422],[-125.420801,-74.069922],[-125.549316,-74.062695],[-125.682715,-74.035449],[-125.886865,-73.95459],[-126.244092,-73.890918],[-126.47168,-73.812109],[-126.465576,-73.746289],[-126.496094,-73.700195],[-126.538379,-73.680176],[-126.582666,-73.669922],[-126.710938,-73.653613],[-126.838232,-73.657324],[-126.90166,-73.676758],[-127.006396,-73.725781],[-127.12207,-73.73418],[-127.211621,-73.724414],[-127.231641,-73.713477],[-127.23291,-73.585547],[-127.332031,-73.56748],[-127.414355,-73.516309],[-127.429053,-73.446875],[-127.394336,-73.382227],[-127.267627,-73.304004],[-127.123535,-73.294336],[-126.977832,-73.308008],[-126.82998,-73.29082],[-126.596875,-73.278906],[-126.329883,-73.28623]]]}},{"type":"Feature","properties":{},"geometry":{"type":"Polygon","coordinates":[[[-66.173633,-80.077832],[-66.267187,-80.081445],[-66.319482,-80.075098],[-66.366895,-80.054297],[-66.4104,-79.97334],[-66.904199,-79.908887],[-66.962354,-79.872656],[-66.993652,-79.793359],[-67.077246,-79.761816],[-67.719141,-79.620215],[-67.770752,-79.589453],[-67.80874,-79.545898],[-67.687939,-79.528418],[-67.438232,-79.560352],[-66.978906,-79.568652],[-66.881299,-79.582227],[-66.785205,-79.608008],[-66.273779,-79.612012],[-66.01416,-79.624414],[-65.870312,-79.737695],[-65.579248,-79.770801],[-65.539551,-79.836914],[-65.504443,-79.954297],[-65.899023,-80.040527],[-65.989404,-80.054004],[-66.173633,-80.077832]]]}},{"type":"Feature","properties":{},"geometry":{"type":"Polygon","coordinates":[[[-57.845996,-64.053906],[-57.808545,-64.067578],[-57.773682,-64.061523],[-57.741162,-64.047852],[-57.710059,-64.015137],[-57.59292,-63.96709],[-57.479736,-63.961621],[-57.51709,-64.010645],[-57.249463,-64.09707],[-57.272803,-64.166211],[-57.222266,-64.221387],[-57.327637,-64.237793],[-57.413965,-64.295898],[-57.338379,-64.318262],[-57.294678,-64.366992],[-57.387891,-64.378906],[-57.580762,-64.350391],[-57.683203,-64.357227],[-57.670752,-64.310938],[-57.70332,-64.293262],[-57.822852,-64.302051],[-57.871484,-64.400977],[-57.909766,-64.410059],[-57.952246,-64.394043],[-57.920703,-64.33125],[-57.971094,-64.32041],[-58.021582,-64.321582],[-58.169482,-64.368555],[-58.214062,-64.369727],[-58.304443,-64.314551],[-58.019971,-64.241992],[-58.137695,-64.206152],[-58.162207,-64.160742],[-58.14707,-64.097363],[-58.250439,-64.106836],[-58.352002,-64.130664],[-58.397607,-64.134766],[-58.438086,-64.113477],[-58.424951,-64.067773],[-58.341895,-63.994336],[-58.274805,-63.916211],[-58.145654,-63.877637],[-58.070361,-63.847461],[-57.970703,-63.834668],[-57.925684,-63.806055],[-57.831348,-63.803809],[-57.779492,-63.868262],[-57.780664,-63.906836],[-57.826953,-63.949219],[-57.845996,-64.053906]]]}},{"type":"Feature","properties":{},"geometry":{"type":"Polygon","coordinates":[[[-63.180566,-64.469531],[-63.276953,-64.57334],[-63.130518,-64.572363],[-63.03208,-64.534961],[-62.928223,-64.519336],[-62.836523,-64.571875],[-63.025586,-64.610938],[-63.202588,-64.680273],[-63.275439,-64.717383],[-63.354883,-64.733887],[-63.457812,-64.727344],[-63.558447,-64.73418],[-63.646875,-64.803027],[-63.739502,-64.834277],[-63.769922,-64.808398],[-63.804395,-64.791504],[-64.00708,-64.768555],[-64.09917,-64.732715],[-64.18374,-64.70957],[-64.27207,-64.697559],[-64.226221,-64.635352],[-64.171094,-64.581934],[-63.867139,-64.509766],[-63.896924,-64.487109],[-63.916162,-64.457227],[-63.674414,-64.421387],[-63.668311,-64.383984],[-63.683105,-64.342773],[-63.605566,-64.31416],[-63.53418,-64.272949],[-63.485596,-64.260547],[-63.333594,-64.266211],[-63.229639,-64.323633],[-63.270703,-64.380664],[-63.180566,-64.469531]]]}},{"type":"Feature","properties":{},"geometry":{"type":"Polygon","coordinates":[[[-73.706641,-70.635156],[-73.550342,-70.723438],[-73.694531,-70.794336],[-74.205029,-70.924121],[-74.504736,-70.973438],[-74.805811,-71.012305],[-76.176318,-71.132422],[-76.271289,-71.132812],[-76.363965,-71.116797],[-76.421484,-71.09043],[-76.511523,-70.99082],[-76.500244,-70.941406],[-76.377637,-70.894141],[-76.248877,-70.86377],[-76.03457,-70.835938],[-75.21001,-70.772559],[-75.126953,-70.751758],[-75.059912,-70.705566],[-75.037549,-70.650586],[-75.007471,-70.608887],[-74.953613,-70.590234],[-74.898486,-70.590527],[-74.790479,-70.630957],[-74.589697,-70.791992],[-74.527148,-70.769727],[-74.468652,-70.72666],[-74.456152,-70.586719],[-74.400977,-70.575879],[-74.225,-70.614648],[-74.114551,-70.655371],[-74.112646,-70.576758],[-74.03833,-70.55293],[-73.957812,-70.560938],[-73.879492,-70.578125],[-73.706641,-70.635156]]]}},{"type":"Feature","properties":{},"geometry":{"type":"Polygon","coordinates":[[[-74.987109,-69.727832],[-74.810156,-69.752441],[-74.549707,-69.860938],[-74.46543,-69.916895],[-74.437988,-69.949609],[-74.460059,-69.97168],[-74.578418,-69.998047],[-74.671777,-70.131738],[-74.848828,-70.179297],[-75.268408,-70.149414],[-75.726758,-70.096094],[-75.764453,-70.085059],[-75.80415,-70.038184],[-75.812939,-69.983984],[-75.759521,-69.916113],[-75.681348,-69.881641],[-75.339941,-69.840234],[-75.313916,-69.816797],[-75.264551,-69.749316],[-75.178955,-69.735156],[-75.136377,-69.740625],[-74.987109,-69.727832]]]}},{"type":"Feature","properties":{},"geometry":{"type":"Polygon","coordinates":[[[-74.354443,-73.098438],[-74.498926,-73.229199],[-74.522461,-73.243945],[-74.667676,-73.275293],[-74.615381,-73.311426],[-74.575488,-73.327734],[-74.550635,-73.369141],[-74.467139,-73.427148],[-74.366113,-73.464258],[-74.4521,-73.56543],[-74.574658,-73.611328],[-75.90083,-73.332617],[-76.003223,-73.287988],[-76.053125,-73.254688],[-76.09043,-73.202832],[-76.096387,-73.150488],[-76.062402,-73.108789],[-76.017676,-73.085449],[-75.897656,-73.056348],[-75.774658,-73.054297],[-75.505859,-73.108887],[-75.467578,-73.101074],[-75.417236,-73.051563],[-75.276221,-73.050391],[-75.243848,-73.009375],[-75.439453,-72.994238],[-75.600293,-72.952637],[-75.701758,-72.911035],[-75.731055,-72.879297],[-75.376855,-72.82041],[-74.473877,-72.89375],[-74.335547,-72.918945],[-74.275781,-72.95127],[-74.223877,-72.99707],[-74.354443,-73.098438]]]}},{"type":"Feature","properties":{},"geometry":{"type":"Polygon","coordinates":[[[-67.988477,-67.474414],[-68.092529,-67.538672],[-68.175098,-67.558203],[-68.250391,-67.539648],[-68.325098,-67.532422],[-68.381299,-67.555371],[-68.439404,-67.65625],[-68.506738,-67.707129],[-68.58042,-67.732813],[-68.622363,-67.722559],[-68.664062,-67.722852],[-68.733691,-67.745703],[-68.818311,-67.753418],[-68.901367,-67.744238],[-68.982324,-67.67998],[-69.097559,-67.602734],[-69.120361,-67.57793],[-69.138037,-67.515234],[-69.132666,-67.452637],[-69.082422,-67.403125],[-68.819922,-67.233594],[-68.733594,-67.157227],[-68.656348,-67.07041],[-68.574609,-66.992578],[-68.416846,-66.85332],[-68.335938,-66.802051],[-67.937646,-66.656836],[-67.830518,-66.624316],[-67.711133,-66.633008],[-67.681152,-66.708984],[-67.74082,-66.746191],[-67.932373,-66.844531],[-67.969189,-66.982129],[-67.968408,-67.032227],[-67.948926,-67.044824],[-67.876074,-67.062402],[-67.827783,-67.081934],[-67.761182,-67.122949],[-67.687842,-67.147363],[-67.848047,-67.219141],[-67.956348,-67.255371],[-68.030078,-67.3],[-68.175146,-67.344141],[-68.235107,-67.371973],[-68.144434,-67.382422],[-68.006982,-67.417969],[-67.969482,-67.450293],[-67.988477,-67.474414]]]}},{"type":"Feature","properties":{},"geometry":{"type":"Polygon","coordinates":[[[-178.876465,71.577051],[-178.438965,71.541162],[-178.353564,71.529199],[-178.214697,71.481641],[-178.133887,71.465479],[-178.056641,71.437598],[-177.974805,71.390527],[-177.816992,71.33999],[-177.584131,71.281689],[-177.532178,71.263086],[-177.498486,71.219141],[-177.523584,71.166895],[-177.821777,71.067578],[-178.062695,71.041943],[-178.527979,71.014795],[-179.156885,70.939844],[-179.415674,70.918994],[-179.506689,70.923438],[-179.734033,70.97168],[-180,70.993018],[-180,71.094336],[-179.999951,71.184229],[-179.999951,71.399707],[-180,71.464648],[-180,71.537744],[-179.844873,71.550977],[-179.691016,71.577979],[-179.546387,71.582422],[-179.402051,71.56665],[-179.256494,71.57168],[-179.111572,71.596191],[-178.994043,71.593213],[-178.876465,71.577051]]]}},{"type":"Feature","properties":{},"geometry":{"type":"Polygon","coordinates":[[[-58.850195,-51.269922],[-58.69751,-51.328516],[-58.50625,-51.308105],[-58.42583,-51.324219],[-58.378711,-51.373047],[-58.406738,-51.418359],[-58.467432,-51.411816],[-58.519238,-51.423926],[-58.508936,-51.483594],[-58.47373,-51.509082],[-58.271582,-51.574707],[-58.234521,-51.578613],[-58.241113,-51.551074],[-58.276221,-51.506055],[-58.289307,-51.45752],[-58.259229,-51.41709],[-58.206445,-51.404687],[-57.976514,-51.384375],[-57.92251,-51.403516],[-57.808496,-51.517969],[-57.91543,-51.533789],[-57.960449,-51.583203],[-57.866357,-51.60459],[-57.791797,-51.636133],[-57.831152,-51.68457],[-57.838184,-51.70918],[-58.003955,-51.743457],[-58.150928,-51.76543],[-58.217627,-51.822461],[-58.335986,-51.86377],[-58.683496,-51.93623],[-58.643066,-51.994824],[-58.637695,-52.023047],[-58.652783,-52.099219],[-59.13125,-52.00791],[-59.19585,-52.017676],[-59.068018,-52.173047],[-59.162793,-52.201758],[-59.256348,-52.183105],[-59.341504,-52.195996],[-59.395654,-52.308008],[-59.532227,-52.236426],[-59.64873,-52.134375],[-59.64917,-52.077246],[-59.53667,-51.970605],[-59.570801,-51.925391],[-59.30874,-51.780469],[-59.261768,-51.737305],[-59.180029,-51.7125],[-59.09541,-51.704102],[-59.059521,-51.685449],[-59.065381,-51.650195],[-59.099463,-51.589746],[-59.096631,-51.491406],[-58.88667,-51.35791],[-58.91748,-51.27207],[-58.850195,-51.269922]]]}},{"type":"Feature","properties":{},"geometry":{"type":"Polygon","coordinates":[[[-37.10332,-54.065625],[-37.006055,-54.114258],[-36.928906,-54.081152],[-36.848926,-54.085059],[-36.805176,-54.101465],[-36.760059,-54.107715],[-36.703809,-54.108105],[-36.606885,-54.189844],[-36.647412,-54.262305],[-36.541016,-54.248047],[-36.448633,-54.308398],[-36.406738,-54.30332],[-36.38584,-54.278906],[-36.326465,-54.251172],[-36.285254,-54.288672],[-36.235645,-54.360449],[-36.172607,-54.382227],[-36.116895,-54.458301],[-36.073145,-54.554102],[-36.033105,-54.567676],[-35.964648,-54.568066],[-35.895312,-54.554785],[-35.921533,-54.6375],[-35.913281,-54.71084],[-35.798584,-54.763477],[-35.866943,-54.792383],[-35.938916,-54.834277],[-36.085498,-54.866797],[-36.123633,-54.85293],[-36.251709,-54.779883],[-36.311475,-54.69375],[-36.445752,-54.570703],[-36.47207,-54.534473],[-36.506543,-54.51123],[-36.628125,-54.496094],[-36.734961,-54.466602],[-36.823877,-54.404297],[-36.851709,-54.366016],[-36.885986,-54.339453],[-37.006738,-54.340918],[-37.082812,-54.311523],[-37.158105,-54.271484],[-37.497656,-54.155859],[-37.630908,-54.16748],[-37.692285,-54.134766],[-37.689014,-54.076758],[-37.618848,-54.04209],[-37.912793,-54.028906],[-38.017432,-54.008008],[-37.945508,-53.995605],[-37.53584,-53.99375],[-37.382227,-53.984082],[-37.36875,-54.00918],[-37.232812,-54.060547],[-37.10332,-54.065625]]]}},{"type":"Feature","properties":{},"geometry":{"type":"Polygon","coordinates":[[[-73.773389,-43.345898],[-73.848584,-43.366797],[-73.918701,-43.371973],[-73.989941,-43.356641],[-74.114404,-43.35791],[-74.238574,-43.318848],[-74.354932,-43.263574],[-74.387354,-43.231641],[-74.373145,-43.185742],[-74.289355,-43.079492],[-74.209473,-42.878711],[-74.156299,-42.590527],[-74.198828,-42.481348],[-74.193555,-42.436035],[-74.174072,-42.381543],[-74.164355,-42.325488],[-74.170312,-42.268945],[-74.160205,-42.216406],[-74.072314,-42.105859],[-74.059375,-42.05625],[-74.056836,-42.002344],[-74.018799,-41.890918],[-74.030518,-41.854004],[-74.063037,-41.822754],[-74.03667,-41.795508],[-73.730957,-41.877246],[-73.527832,-41.896289],[-73.516943,-41.980859],[-73.477783,-42.047168],[-73.454492,-42.165918],[-73.4229,-42.192871],[-73.439258,-42.277832],[-73.532812,-42.314453],[-73.524561,-42.392578],[-73.470801,-42.466309],[-73.549268,-42.492578],[-73.633887,-42.508203],[-73.653467,-42.528711],[-73.714746,-42.544727],[-73.789258,-42.585742],[-73.766846,-42.621875],[-73.673047,-42.704395],[-73.568262,-42.761621],[-73.510742,-42.847168],[-73.436328,-42.936523],[-73.472656,-42.993262],[-73.54082,-43.07373],[-73.649609,-43.127148],[-73.749658,-43.159082],[-73.737891,-43.291406],[-73.773389,-43.345898]]]}},{"type":"Feature","properties":{},"geometry":{"type":"Polygon","coordinates":[[[-60.28623,-51.461914],[-60.141553,-51.480957],[-60.008691,-51.410547],[-59.91709,-51.388086],[-59.841602,-51.40332],[-59.788428,-51.445996],[-59.711328,-51.439258],[-59.493457,-51.395703],[-59.465088,-51.410547],[-59.387598,-51.359961],[-59.32085,-51.383594],[-59.268066,-51.427539],[-59.293945,-51.478516],[-59.354199,-51.510938],[-59.392432,-51.556152],[-59.437012,-51.592676],[-59.514209,-51.626563],[-59.573193,-51.680859],[-59.714893,-51.807715],[-59.921387,-51.969531],[-59.989746,-51.984082],[-60.132275,-51.993848],[-60.19375,-51.982715],[-60.246338,-51.986426],[-60.288281,-52.07373],[-60.353467,-52.139941],[-60.384229,-52.154004],[-60.452002,-52.160254],[-60.484082,-52.170312],[-60.508398,-52.194727],[-60.686377,-52.188379],[-60.812207,-52.147754],[-60.961426,-52.057324],[-60.7625,-51.946484],[-60.591064,-51.951562],[-60.449756,-51.877148],[-60.334473,-51.839551],[-60.288672,-51.80127],[-60.238477,-51.771973],[-60.238135,-51.733789],[-60.276514,-51.716602],[-60.32832,-51.718359],[-60.37959,-51.735156],[-60.500098,-51.756543],[-60.58252,-51.712695],[-60.528076,-51.696387],[-60.467236,-51.697168],[-60.280957,-51.656055],[-60.245166,-51.638867],[-60.302637,-51.580469],[-60.414941,-51.54502],[-60.505811,-51.485449],[-60.522754,-51.463184],[-60.518262,-51.427832],[-60.568457,-51.357812],[-60.515723,-51.354297],[-60.445459,-51.399414],[-60.28623,-51.461914]]]}},{"type":"Feature","properties":{},"geometry":{"type":"Polygon","coordinates":[[[-74.476172,-49.147852],[-74.466797,-49.294531],[-74.483594,-49.441895],[-74.52207,-49.622949],[-74.515771,-49.65957],[-74.47085,-49.668555],[-74.458838,-49.691113],[-74.471973,-49.78623],[-74.496094,-49.859473],[-74.542578,-49.919141],[-74.569824,-49.990723],[-74.594727,-50.006641],[-74.703369,-50.019238],[-74.762988,-50.011426],[-74.81084,-49.929688],[-74.824707,-49.879492],[-74.821924,-49.813867],[-74.88042,-49.725879],[-74.882227,-49.692188],[-74.859326,-49.63418],[-74.812012,-49.605273],[-74.804834,-49.516016],[-74.781006,-49.489258],[-74.727051,-49.452344],[-74.718848,-49.437012],[-74.723828,-49.423828],[-74.743848,-49.422461],[-74.960107,-49.533008],[-74.981299,-49.56416],[-74.99082,-49.605664],[-74.993506,-49.751758],[-75.031543,-49.83623],[-75.066016,-49.852344],[-75.166943,-49.855957],[-75.300098,-49.847461],[-75.451172,-49.769922],[-75.549805,-49.791309],[-75.570117,-49.69707],[-75.520752,-49.62168],[-75.337061,-49.628223],[-75.305859,-49.494043],[-75.364209,-49.4625],[-75.428857,-49.408398],[-75.46748,-49.358887],[-75.433154,-49.32207],[-75.32666,-49.268652],[-75.269629,-49.262891],[-75.216846,-49.292773],[-75.086035,-49.270215],[-75.093701,-49.185352],[-75.210156,-49.148047],[-75.184229,-49.083594],[-75.037109,-49.02207],[-74.949219,-48.960156],[-74.945215,-48.889453],[-74.980762,-48.818848],[-74.969531,-48.791309],[-74.89624,-48.733203],[-74.793457,-48.705078],[-74.74668,-48.708887],[-74.651562,-48.749902],[-74.566602,-48.754785],[-74.546094,-48.766895],[-74.530664,-48.812598],[-74.476172,-49.147852]]]}},{"type":"Feature","properties":{},"geometry":{"type":"Polygon","coordinates":[[[-72.986133,-44.780078],[-73.228467,-44.859961],[-73.35,-44.833203],[-73.39707,-44.774316],[-73.420068,-44.724805],[-73.445068,-44.641016],[-73.403662,-44.596094],[-73.314941,-44.531348],[-73.281982,-44.489551],[-73.266016,-44.440234],[-73.271582,-44.394141],[-73.26001,-44.350293],[-73.207715,-44.334961],[-73.028418,-44.384082],[-72.842432,-44.457715],[-72.776367,-44.508594],[-72.764062,-44.549023],[-72.845312,-44.638477],[-72.897168,-44.712012],[-72.986133,-44.780078]]]}},{"type":"Feature","properties":{},"geometry":{"type":"Polygon","coordinates":[[[-61.801123,49.093896],[-62.219531,49.079102],[-62.552637,49.140869],[-62.799609,49.170703],[-63.041504,49.224951],[-63.565869,49.399316],[-63.625879,49.459912],[-63.676221,49.534326],[-63.776611,49.602002],[-63.884912,49.657715],[-64.440039,49.827734],[-64.485205,49.886963],[-64.372949,49.925928],[-64.24375,49.944385],[-64.131445,49.94165],[-63.760156,49.875244],[-63.291992,49.816846],[-63.088818,49.772705],[-62.858545,49.705469],[-62.633447,49.623926],[-62.133008,49.40708],[-62.043066,49.389795],[-61.817139,49.283545],[-61.73584,49.20376],[-61.696143,49.139014],[-61.745508,49.105762],[-61.801123,49.093896]]]}},{"type":"Feature","properties":{},"geometry":{"type":"Polygon","coordinates":[[[-61.105176,45.944727],[-61.071338,45.937109],[-60.936572,45.985547],[-60.865234,45.983496],[-60.868408,45.948633],[-60.984277,45.910693],[-61.037549,45.882227],[-60.970605,45.855811],[-60.971533,45.837988],[-61.051953,45.79502],[-61.09209,45.748389],[-61.059033,45.703369],[-60.930371,45.747705],[-60.877588,45.748096],[-60.806104,45.738086],[-60.737891,45.751416],[-60.699072,45.77334],[-60.472363,45.946533],[-60.460596,45.968701],[-60.704883,45.93291],[-60.733301,45.956592],[-60.573193,46.061426],[-60.585742,46.11665],[-60.504932,46.203857],[-60.430859,46.255615],[-60.376514,46.28457],[-60.297949,46.31123],[-60.243848,46.270117],[-60.226465,46.195557],[-60.09248,46.206006],[-59.961426,46.190967],[-59.865039,46.159521],[-59.85,46.141406],[-59.848779,46.112939],[-59.880908,46.061621],[-59.934033,46.019434],[-59.828027,45.965137],[-59.842187,45.941553],[-60.01582,45.880469],[-60.114453,45.818896],[-60.205078,45.743018],[-60.386084,45.654639],[-60.672949,45.59082],[-60.763721,45.59082],[-60.871582,45.610693],[-60.978613,45.606152],[-61.083691,45.582373],[-61.186426,45.58501],[-61.236328,45.57251],[-61.283691,45.573877],[-61.323437,45.598486],[-61.40835,45.669092],[-61.449805,45.716211],[-61.495312,45.941455],[-61.480615,46.059766],[-61.408643,46.170361],[-61.302197,46.243848],[-61.240527,46.302539],[-60.98252,46.650488],[-60.931982,46.729443],[-60.870166,46.796777],[-60.759668,46.863379],[-60.61665,46.975781],[-60.571045,46.998828],[-60.489062,47.009717],[-60.408203,47.003516],[-60.431348,46.962939],[-60.425439,46.923193],[-60.331738,46.767822],[-60.33291,46.737012],[-60.384082,46.61333],[-60.482422,46.413525],[-60.507715,46.303369],[-60.494531,46.270264],[-60.534424,46.214551],[-60.576855,46.172168],[-60.744824,46.092676],[-60.830566,46.074121],[-60.912207,46.04458],[-61.105176,45.944727]]]}},{"type":"Feature","properties":{},"geometry":{"type":"Polygon","coordinates":[[[-171.463037,63.640039],[-171.447852,63.615674],[-171.343359,63.619629],[-171.196924,63.609131],[-171.034863,63.585498],[-170.874609,63.593994],[-170.67251,63.668848],[-170.551855,63.688477],[-170.43042,63.698828],[-170.299365,63.680615],[-170.171289,63.640918],[-170.121826,63.617529],[-170.082422,63.57666],[-170.056299,63.527197],[-170.017383,63.491748],[-169.777441,63.447998],[-169.624121,63.430566],[-169.587207,63.406592],[-169.554541,63.373486],[-169.427588,63.34834],[-169.295068,63.35752],[-169.221094,63.348584],[-168.996045,63.347314],[-168.716016,63.310596],[-168.761328,63.21377],[-168.852393,63.17124],[-169.109033,63.184912],[-169.364697,63.171143],[-169.47085,63.121289],[-169.559277,63.058203],[-169.571289,62.996777],[-169.622852,62.968555],[-169.676367,62.956104],[-169.719824,62.990088],[-169.777783,63.09375],[-169.818604,63.122363],[-169.863428,63.140381],[-169.988477,63.173145],[-170.115381,63.193848],[-170.1896,63.196338],[-170.243115,63.232275],[-170.272705,63.284277],[-170.323535,63.311133],[-170.42417,63.349268],[-170.5271,63.379297],[-170.848389,63.444385],[-170.954053,63.45293],[-171.06123,63.445898],[-171.176025,63.416211],[-171.287305,63.372168],[-171.401172,63.339258],[-171.519141,63.331982],[-171.631836,63.351221],[-171.737842,63.394238],[-171.790967,63.424707],[-171.819385,63.477246],[-171.81792,63.529834],[-171.803516,63.580518],[-171.746387,63.703076],[-171.646484,63.727002],[-171.463037,63.640039]]]}},{"type":"Feature","properties":{},"geometry":{"type":"Polygon","coordinates":[[[-166.135449,60.383545],[-166.043652,60.333936],[-165.994922,60.331152],[-165.840918,60.34624],[-165.784473,60.335596],[-165.729688,60.314209],[-165.695801,60.281543],[-165.689355,60.224121],[-165.714404,60.172852],[-165.706934,60.100586],[-165.712354,60.069336],[-165.630566,60.028369],[-165.605029,59.972803],[-165.591797,59.913135],[-165.769287,59.893213],[-165.946729,59.890039],[-166.099854,59.849609],[-166.131201,59.819775],[-166.106689,59.775439],[-166.14873,59.764111],[-166.187549,59.773828],[-166.261621,59.814893],[-166.342969,59.834424],[-166.627637,59.864648],[-166.985059,59.983887],[-167.138867,60.008545],[-167.295117,60.095703],[-167.436426,60.206641],[-167.344336,60.224463],[-167.251709,60.233545],[-166.836328,60.216992],[-166.784375,60.296436],[-166.730957,60.31626],[-166.598975,60.33877],[-166.475684,60.382764],[-166.420361,60.381689],[-166.363867,60.364746],[-166.246973,60.391162],[-166.184961,60.396777],[-166.135449,60.383545]]]}},{"type":"Feature","properties":{},"geometry":{"type":"Polygon","coordinates":[[[-163.476025,54.980713],[-163.378955,54.815527],[-163.336914,54.783203],[-163.274512,54.765576],[-163.187109,54.747754],[-163.135059,54.723291],[-163.089258,54.686084],[-163.083252,54.668994],[-163.358105,54.735693],[-163.530859,54.63833],[-163.583008,54.625684],[-164.073291,54.620996],[-164.171289,54.603027],[-164.234619,54.571338],[-164.34668,54.482422],[-164.403516,54.447852],[-164.463477,54.427344],[-164.59082,54.404346],[-164.743799,54.407471],[-164.823438,54.419092],[-164.866162,54.461377],[-164.903955,54.544775],[-164.903711,54.567969],[-164.887646,54.607813],[-164.751465,54.662939],[-164.706201,54.691992],[-164.529785,54.880859],[-164.478613,54.906836],[-164.424316,54.913184],[-164.273682,54.900049],[-164.145068,54.955127],[-163.867969,55.039111],[-163.807129,55.049072],[-163.607471,55.05083],[-163.553027,55.037842],[-163.510889,55.014307],[-163.476025,54.980713]]]}},{"type":"Feature","properties":{},"geometry":{"type":"Polygon","coordinates":[[[-77.261475,18.457422],[-77.139551,18.421484],[-77.01377,18.40293],[-76.959375,18.401855],[-76.908203,18.39043],[-76.793262,18.304297],[-76.700732,18.257178],[-76.349854,18.151855],[-76.232764,17.970312],[-76.210791,17.913525],[-76.301465,17.879834],[-76.415527,17.868213],[-76.524609,17.866211],[-76.625391,17.900977],[-76.669385,17.927637],[-76.774316,17.94043],[-76.748291,17.964893],[-76.794824,17.976318],[-76.853223,17.97373],[-76.89624,17.904102],[-76.944141,17.848779],[-77.035937,17.854102],[-77.071289,17.90127],[-77.119482,17.880078],[-77.158398,17.845068],[-77.20498,17.714941],[-77.279883,17.779541],[-77.361426,17.833691],[-77.463867,17.856055],[-77.670752,17.859717],[-77.768164,17.877393],[-77.849414,17.9875],[-77.881299,18.019043],[-77.962988,18.047559],[-78.044482,18.173828],[-78.073633,18.191162],[-78.294092,18.218066],[-78.339502,18.287207],[-78.325977,18.349756],[-78.252441,18.42627],[-78.216699,18.448096],[-78.094531,18.444824],[-77.978174,18.467822],[-77.926855,18.500684],[-77.873437,18.522217],[-77.451611,18.467041],[-77.354248,18.466455],[-77.261475,18.457422]]]}},{"type":"Feature","properties":{},"geometry":{"type":"Polygon","coordinates":[[[-66.129395,18.444922],[-66.098486,18.425195],[-66.068408,18.428027],[-66.092676,18.468994],[-66.07041,18.468994],[-65.87876,18.443848],[-65.755566,18.401611],[-65.628809,18.381396],[-65.62085,18.242334],[-65.718408,18.18667],[-65.782227,18.128613],[-65.834131,18.057324],[-65.970801,17.974365],[-66.135498,17.949463],[-66.24502,17.947266],[-66.285889,17.949951],[-66.325781,17.96416],[-66.408545,17.950586],[-66.510791,17.987012],[-66.598437,17.977881],[-66.772412,17.986572],[-66.837598,17.955078],[-66.9,17.9479],[-66.96123,17.95376],[-67.01333,17.967871],[-67.142383,17.966699],[-67.196875,17.994189],[-67.174316,18.152539],[-67.172461,18.224219],[-67.20415,18.283398],[-67.238965,18.320654],[-67.264062,18.3646],[-67.213379,18.393604],[-67.171777,18.435791],[-67.158643,18.499219],[-67.113037,18.514795],[-67.059619,18.522168],[-66.812891,18.492529],[-66.188574,18.475781],[-66.153076,18.470654],[-66.129395,18.444922]]]}},{"type":"Feature","properties":{},"geometry":{"type":"Polygon","coordinates":[[[-152.898047,57.823926],[-152.89082,57.768994],[-152.850146,57.775684],[-152.69624,57.832275],[-152.616016,57.848877],[-152.511572,57.851465],[-152.42876,57.825684],[-152.411914,57.805908],[-152.419141,57.782324],[-152.4854,57.734424],[-152.482617,57.70332],[-152.411475,57.646094],[-152.236523,57.614893],[-152.215283,57.597705],[-152.216211,57.577002],[-152.33667,57.482227],[-152.380859,57.460107],[-152.412207,57.454785],[-152.630957,57.471826],[-152.831152,57.502881],[-152.912158,57.508154],[-152.940771,57.498096],[-152.997461,57.468945],[-152.956836,57.460352],[-152.781348,57.453418],[-152.719531,57.41084],[-152.692529,57.37959],[-152.679053,57.345117],[-152.714063,57.330957],[-152.789111,57.320654],[-152.879053,57.320801],[-152.990283,57.281982],[-153.051611,57.237646],[-153.274365,57.226367],[-153.443701,57.167187],[-153.503564,57.137988],[-153.524414,57.103076],[-153.588281,57.077686],[-153.732568,57.052344],[-153.646533,57.02959],[-153.633057,57.010352],[-153.631445,56.983691],[-153.643311,56.960742],[-153.757227,56.85835],[-153.972705,56.774219],[-154.027344,56.777979],[-154.050781,56.788477],[-154.07002,56.804541],[-154.07085,56.820654],[-153.793213,56.989502],[-153.804199,56.997803],[-153.879736,57.003516],[-153.999365,57.049951],[-154.083789,57.020068],[-154.102979,57.02124],[-154.080469,57.061035],[-154.025439,57.108496],[-154.035059,57.121826],[-154.065332,57.133691],[-154.134863,57.140771],[-154.24375,57.143018],[-154.324414,57.131787],[-154.376807,57.107031],[-154.381104,57.096533],[-154.269531,57.099463],[-154.239209,57.086865],[-154.209131,57.06333],[-154.19082,57.036133],[-154.184326,57.005322],[-154.207715,56.963818],[-154.260938,56.911768],[-154.338965,56.920898],[-154.498779,57.036572],[-154.569336,57.205908],[-154.705957,57.335352],[-154.712207,57.36626],[-154.673193,57.446094],[-154.535303,57.559424],[-154.387061,57.590479],[-154.281445,57.638086],[-154.179346,57.652441],[-154.116162,57.651221],[-154.029834,57.630713],[-153.99502,57.587305],[-154.015869,57.566895],[-154.00791,57.556152],[-153.947363,57.530078],[-153.881885,57.439014],[-153.80542,57.358203],[-153.75459,57.325342],[-153.687695,57.305127],[-153.756934,57.366846],[-153.797803,57.443262],[-153.818359,57.595605],[-153.838135,57.63584],[-153.799463,57.64668],[-153.690137,57.640723],[-153.693164,57.663428],[-153.808496,57.714746],[-153.879443,57.757178],[-153.906104,57.790771],[-153.904443,57.819873],[-153.841553,57.862842],[-153.805811,57.875098],[-153.768994,57.880371],[-153.695605,57.87124],[-153.662646,57.857813],[-153.568555,57.761084],[-153.524463,57.731006],[-153.487939,57.730957],[-153.454053,57.747021],[-153.422705,57.77915],[-153.39043,57.798389],[-153.357129,57.804688],[-153.252393,57.790479],[-153.21748,57.795752],[-153.200293,57.82002],[-153.201025,57.863281],[-153.175195,57.878857],[-153.168848,57.910645],[-153.225928,57.957617],[-153.160449,57.971973],[-152.943262,57.936035],[-152.850391,57.896777],[-152.898047,57.823926]]]}},{"type":"Feature","properties":{},"geometry":{"type":"Polygon","coordinates":[[[-152.416943,58.360205],[-152.380762,58.3521],[-152.343018,58.411621],[-152.31626,58.413477],[-152.197949,58.363086],[-152.125244,58.374268],[-152.078516,58.312354],[-152.036621,58.306689],[-151.997754,58.314209],[-151.974365,58.309863],[-151.98252,58.244336],[-152.068896,58.17793],[-152.109082,58.161133],[-152.165479,58.178271],[-152.186523,58.184668],[-152.223584,58.214014],[-152.25166,58.251123],[-152.268359,58.251709],[-152.334375,58.208057],[-152.332666,58.186523],[-152.305225,58.154053],[-152.309229,58.133887],[-152.381152,58.124268],[-152.451611,58.129248],[-152.537646,58.100977],[-152.558203,58.118604],[-152.571338,58.168213],[-152.598242,58.162598],[-152.63877,58.101807],[-152.683057,58.06333],[-152.763867,58.031396],[-152.781543,58.015918],[-152.840723,58.013818],[-152.928418,57.993701],[-152.982568,57.99707],[-153.305469,58.063086],[-153.381348,58.087207],[-153.11582,58.238525],[-152.976123,58.297021],[-152.895361,58.293848],[-152.814551,58.275635],[-152.771875,58.278564],[-152.768701,58.345605],[-152.843945,58.395605],[-152.841113,58.416406],[-152.674658,58.450586],[-152.612305,58.445703],[-152.543555,58.428174],[-152.478467,58.399707],[-152.416943,58.360205]]]}},{"type":"Feature","properties":{},"geometry":{"type":"Polygon","coordinates":[[[-130.97915,55.48916],[-131.013916,55.379297],[-131.082764,55.266797],[-131.187891,55.206299],[-131.261865,55.219775],[-131.316309,55.268506],[-131.366846,55.26582],[-131.420703,55.275879],[-131.450928,55.316309],[-131.422363,55.368408],[-131.447559,55.408789],[-131.474512,55.373486],[-131.521826,55.341064],[-131.641309,55.298926],[-131.723682,55.218359],[-131.7625,55.16582],[-131.810986,55.223096],[-131.841992,55.358691],[-131.846094,55.41626],[-131.759473,55.503076],[-131.647559,55.585547],[-131.624951,55.831689],[-131.269238,55.955371],[-131.236182,55.948975],[-131.120654,55.856641],[-130.997803,55.727637],[-130.965967,55.669531],[-130.965039,55.568018],[-130.97915,55.48916]]]}},{"type":"Feature","properties":{},"geometry":{"type":"Polygon","coordinates":[[[-133.566113,56.339209],[-133.376611,56.317773],[-133.202979,56.319824],[-133.143701,56.278564],[-133.104492,56.235107],[-133.081738,56.194189],[-133.075439,56.155859],[-133.080127,56.128711],[-133.101221,56.099805],[-133.096631,56.090039],[-132.757568,55.99502],[-132.597607,55.89502],[-132.533789,55.84248],[-132.496973,55.798096],[-132.430176,55.687012],[-132.288867,55.558105],[-132.214746,55.518848],[-132.172705,55.480615],[-132.196338,55.47915],[-132.295898,55.507471],[-132.511279,55.593945],[-132.528857,55.590479],[-132.54834,55.543701],[-132.581738,55.502637],[-132.631299,55.473193],[-132.591602,55.464355],[-132.417871,55.48291],[-132.272021,55.398633],[-132.215283,55.383545],[-132.160254,55.322998],[-132.158398,55.299805],[-132.19043,55.25498],[-132.214893,55.236768],[-132.206689,55.224414],[-132.165967,55.218018],[-132.005078,55.230615],[-131.976416,55.208594],[-132.000391,55.033838],[-131.977588,54.969482],[-131.97793,54.940234],[-131.996582,54.901416],[-131.997217,54.868604],[-131.982715,54.834912],[-131.980859,54.804834],[-132.02168,54.726318],[-132.064746,54.713135],[-132.134326,54.712549],[-132.189258,54.734863],[-132.266309,54.802344],[-132.341309,54.907227],[-132.370215,54.922217],[-132.468652,54.937939],[-132.486475,54.950391],[-132.549365,54.952588],[-132.593848,54.995752],[-132.588477,55.052344],[-132.626953,55.110059],[-132.622168,55.135937],[-132.665332,55.146777],[-132.701758,55.130518],[-132.682861,55.073926],[-132.70415,55.030078],[-132.782324,55.048486],[-132.912598,55.188477],[-133.060596,55.300928],[-133.118555,55.327637],[-133.103027,55.360254],[-133.030029,55.377539],[-132.970801,55.376172],[-132.958887,55.395557],[-133.082471,55.504102],[-133.078418,55.534912],[-133.033398,55.589697],[-133.089648,55.612598],[-133.24375,55.59541],[-133.298242,55.606885],[-133.342822,55.65083],[-133.368994,55.688965],[-133.502734,55.695898],[-133.553271,55.691162],[-133.640479,55.748779],[-133.680176,55.785156],[-133.664404,55.803809],[-133.584082,55.836523],[-133.537158,55.831934],[-133.446973,55.797021],[-133.411719,55.79834],[-133.322119,55.844629],[-133.308496,55.886475],[-133.241504,55.920801],[-133.252148,55.95708],[-133.289209,56.018701],[-133.37124,56.035889],[-133.538623,55.999268],[-133.684229,55.942773],[-133.742529,55.964844],[-133.755176,55.999463],[-133.599219,56.093652],[-133.530859,56.145654],[-133.544092,56.176514],[-133.594434,56.216357],[-133.598633,56.31626],[-133.566113,56.339209]]]}},{"type":"Feature","properties":{},"geometry":{"type":"Polygon","coordinates":[[[-133.366211,57.003516],[-133.299707,56.972168],[-133.263525,57.00498],[-133.195996,57.003467],[-133.070801,56.974268],[-132.99624,56.93042],[-132.95415,56.880273],[-132.950586,56.850439],[-132.96333,56.782568],[-132.954004,56.713086],[-132.95918,56.677051],[-132.975879,56.647266],[-133.004102,56.62373],[-133.034912,56.620752],[-133.132373,56.683252],[-133.243994,56.79585],[-133.328955,56.830078],[-133.332422,56.818506],[-133.309082,56.78623],[-133.239697,56.725684],[-133.227246,56.689258],[-133.178467,56.644824],[-133.156641,56.611133],[-133.144238,56.566895],[-133.144727,56.528223],[-133.158154,56.495166],[-133.180811,56.473975],[-133.212646,56.4646],[-133.382764,56.473877],[-133.48418,56.451758],[-133.602783,56.464111],[-133.631348,56.484033],[-133.649268,56.516797],[-133.658301,56.596289],[-133.688184,56.71001],[-133.680957,56.79751],[-133.75752,56.87666],[-133.823047,56.924365],[-133.917285,56.96709],[-133.979443,57.00957],[-133.962354,57.043457],[-133.865967,57.068701],[-133.707715,57.062842],[-133.366211,57.003516]]]}},{"type":"Feature","properties":{},"geometry":{"type":"Polygon","coordinates":[[[-134.969775,57.351416],[-134.884863,57.241699],[-134.823193,57.156543],[-134.768506,57.054199],[-134.676855,56.842285],[-134.634082,56.762109],[-134.620703,56.718311],[-134.610547,56.603418],[-134.624316,56.578711],[-134.651709,56.556055],[-134.65708,56.523242],[-134.631689,56.435645],[-134.630029,56.302441],[-134.654004,56.22749],[-134.681885,56.216162],[-134.750293,56.240771],[-134.806445,56.28125],[-134.847998,56.323486],[-134.950146,56.456836],[-134.980566,56.518945],[-134.982422,56.563623],[-134.96665,56.596143],[-134.933203,56.616357],[-134.875098,56.670459],[-134.883447,56.679053],[-134.927588,56.666992],[-135.017822,56.660156],[-135.097168,56.702832],[-135.159033,56.725391],[-135.146582,56.802344],[-135.163135,56.824121],[-135.284814,56.800342],[-135.330615,56.821875],[-135.340625,56.850781],[-135.338379,56.893994],[-135.315137,56.931836],[-135.199609,57.027344],[-135.21123,57.044922],[-135.267383,57.048877],[-135.341357,57.081592],[-135.375293,57.188428],[-135.454932,57.249414],[-135.501953,57.243848],[-135.608936,57.071436],[-135.661865,57.03374],[-135.812305,57.009521],[-135.781641,57.05752],[-135.767725,57.100391],[-135.821143,57.23042],[-135.822754,57.28042],[-135.787109,57.317285],[-135.680908,57.332568],[-135.624512,57.354395],[-135.580566,57.38999],[-135.569629,57.424707],[-135.487305,57.516504],[-135.448682,57.534375],[-135.346289,57.533105],[-135.130664,57.431641],[-135.065234,57.416699],[-134.969775,57.351416]]]}},{"type":"Feature","properties":{},"geometry":{"type":"Polygon","coordinates":[[[-134.680273,58.16167],[-134.426123,58.138818],[-134.240088,58.143994],[-134.070166,57.994531],[-133.965527,57.873779],[-133.904102,57.789209],[-133.869287,57.70752],[-133.822754,57.628662],[-133.826904,57.617578],[-133.925,57.670801],[-133.995557,57.778467],[-134.031641,57.820605],[-134.067236,57.8396],[-134.104736,57.879346],[-134.177539,57.982178],[-134.180273,58.011133],[-134.212598,58.037939],[-134.249951,58.04917],[-134.292334,58.044727],[-134.306885,58.034375],[-134.300391,57.963428],[-134.26709,57.884521],[-134.083691,57.712256],[-133.961133,57.61416],[-133.937012,57.581592],[-133.92085,57.491992],[-133.97373,57.451367],[-133.908838,57.368701],[-133.911133,57.352539],[-133.925293,57.336768],[-134.100049,57.300098],[-134.260156,57.146777],[-134.435303,57.056982],[-134.516016,57.042578],[-134.554785,57.057568],[-134.591504,57.091992],[-134.613086,57.137939],[-134.619531,57.195508],[-134.575879,57.231738],[-134.489209,57.420166],[-134.486768,57.482031],[-134.594824,57.567822],[-134.659863,57.638086],[-134.695117,57.736035],[-134.754102,57.99502],[-134.781494,58.077832],[-134.820117,58.146875],[-134.869971,58.2021],[-134.907666,58.262793],[-134.933105,58.328955],[-134.923486,58.354639],[-134.836963,58.320166],[-134.733203,58.225],[-134.680273,58.16167]]]}},{"type":"Feature","properties":{},"geometry":{"type":"Polygon","coordinates":[[[-135.730371,58.244238],[-135.5875,58.146777],[-135.586279,58.124414],[-135.615381,58.057471],[-135.693115,58.038525],[-135.671143,58.011914],[-135.613232,57.991846],[-135.572021,58.008545],[-135.421191,58.102393],[-135.374707,58.122119],[-135.346631,58.124121],[-135.162842,58.09585],[-135.0021,58.051074],[-134.954688,58.015332],[-134.927979,57.952783],[-134.970654,57.817236],[-135.102588,57.793652],[-135.164746,57.796094],[-135.231201,57.81582],[-135.338477,57.768652],[-135.249561,57.732568],[-134.978857,57.724365],[-134.896631,57.647998],[-134.873096,57.589209],[-134.931494,57.481152],[-135.084863,57.511035],[-135.220215,57.573633],[-135.497852,57.662256],[-135.564209,57.666406],[-135.608545,57.650732],[-135.620654,57.596973],[-135.617822,57.480371],[-135.691943,57.419922],[-135.910791,57.446582],[-135.99668,57.534863],[-136.076611,57.674561],[-136.378223,57.83999],[-136.459912,57.873096],[-136.568604,57.972168],[-136.525098,58.050586],[-136.512305,58.095996],[-136.454395,58.108008],[-136.369531,58.143066],[-136.321973,58.218896],[-136.245703,58.157471],[-136.14375,58.098486],[-136.142334,58.153906],[-136.094385,58.198145],[-135.994385,58.196533],[-135.947412,58.205811],[-135.881738,58.247168],[-135.787061,58.268506],[-135.730371,58.244238]]]}},{"type":"Feature","properties":{},"geometry":{"type":"Polygon","coordinates":[[[-128.552441,52.939746],[-128.506543,52.620703],[-128.509912,52.518604],[-128.576807,52.451807],[-128.624023,52.339893],[-128.678955,52.289648],[-128.730908,52.356543],[-128.735547,52.467725],[-128.749414,52.556055],[-128.766455,52.598389],[-128.746338,52.763379],[-128.769629,52.751221],[-128.831201,52.678809],[-128.899805,52.673828],[-129.022852,52.755957],[-129.084717,52.822461],[-129.094873,52.891846],[-129.175928,52.964941],[-129.184326,52.990674],[-129.177686,53.01792],[-129.111084,53.090674],[-129.084082,53.139697],[-129.060352,53.240625],[-129.033252,53.279932],[-128.970215,53.274365],[-128.857715,53.228564],[-128.740381,53.178857],[-128.632666,53.1125],[-128.552441,52.939746]]]}},{"type":"Feature","properties":{},"geometry":{"type":"Polygon","coordinates":[[[-132.655518,54.12749],[-132.564063,54.068652],[-132.344434,54.106055],[-132.303369,54.098877],[-132.261621,54.076318],[-132.215918,54.028418],[-132.166113,53.955225],[-132.155127,53.875195],[-132.175098,53.846533],[-132.214502,53.814746],[-132.564893,53.687646],[-132.574121,53.675391],[-132.567139,53.663965],[-132.534668,53.651709],[-132.464404,53.65332],[-132.186963,53.684814],[-132.17168,53.706836],[-132.152246,53.806982],[-132.114014,53.860156],[-132.110596,53.900293],[-132.135889,53.99585],[-132.134424,54.034277],[-131.94082,54.041992],[-131.819629,54.077344],[-131.695947,54.143164],[-131.667627,54.141357],[-131.6854,54.022803],[-131.702539,53.986377],[-131.821143,53.841504],[-131.88916,53.713965],[-131.922314,53.587891],[-131.928076,53.379199],[-131.957422,53.308691],[-132.011328,53.265186],[-132.347266,53.189209],[-132.520459,53.194043],[-132.674805,53.263184],[-132.74751,53.310498],[-132.692578,53.367871],[-132.654785,53.370557],[-132.54624,53.359277],[-132.462402,53.337891],[-132.425,53.336963],[-132.431348,53.350439],[-132.670166,53.458594],[-132.84502,53.507715],[-132.897998,53.562695],[-132.899561,53.605371],[-132.913379,53.629199],[-133.052246,53.778125],[-133.079492,53.837012],[-133.097656,53.920264],[-133.097949,54.005615],[-133.063867,54.144043],[-133.048389,54.158936],[-132.991455,54.157812],[-132.893066,54.140771],[-132.655518,54.12749]]]}},{"type":"Feature","properties":{},"geometry":{"type":"Polygon","coordinates":[[[-131.753711,53.195557],[-131.652344,53.102979],[-131.622168,53.020068],[-131.634668,52.922168],[-131.795264,52.885059],[-131.879687,52.914648],[-131.916357,52.909131],[-131.971777,52.879834],[-131.904395,52.866699],[-131.810059,52.818701],[-131.727295,52.756396],[-131.610596,52.745215],[-131.455225,52.701709],[-131.572803,52.62334],[-131.590576,52.578223],[-131.443896,52.45332],[-131.42998,52.422119],[-131.383008,52.415723],[-131.273633,52.42583],[-131.259717,52.415918],[-131.259961,52.390039],[-131.327051,52.317529],[-131.319922,52.303076],[-131.25918,52.29165],[-131.142627,52.291113],[-131.116162,52.219092],[-131.221533,52.153613],[-131.421875,52.237988],[-131.511133,52.32207],[-131.562061,52.399951],[-131.623682,52.443994],[-131.809668,52.541699],[-132.092236,52.752783],[-132.165088,52.783301],[-132.238574,52.866797],[-132.259961,52.906982],[-132.258105,52.933887],[-132.229541,52.948096],[-132.144922,52.957471],[-132.14375,52.999316],[-132.468701,53.071875],[-132.504834,53.086719],[-132.546777,53.1375],[-132.524219,53.144922],[-132.34541,53.136084],[-132.153906,53.160498],[-132.035937,53.17915],[-131.989502,53.201953],[-131.893115,53.231445],[-131.853467,53.229736],[-131.753711,53.195557]]]}},{"type":"Feature","properties":{},"geometry":{"type":"Polygon","coordinates":[[[-63.811279,46.468701],[-63.784229,46.454639],[-63.737012,46.480518],[-63.681445,46.561914],[-63.534375,46.540625],[-63.456494,46.503906],[-63.413135,46.512012],[-63.368652,46.508252],[-63.286084,46.460205],[-63.129395,46.422217],[-62.964014,46.427734],[-62.712012,46.450293],[-62.681934,46.459424],[-62.423096,46.478271],[-62.163574,46.487207],[-62.074268,46.465723],[-62.040869,46.445703],[-62.02373,46.421582],[-62.171777,46.355371],[-62.319971,46.27832],[-62.526074,46.202881],[-62.552002,46.165918],[-62.539209,46.097949],[-62.543262,46.028662],[-62.502588,46.022949],[-62.478076,45.999707],[-62.531348,45.977295],[-62.743164,45.966895],[-62.804883,45.973193],[-62.878369,46.001367],[-62.903516,46.068262],[-62.994629,46.058447],[-63.02207,46.066602],[-62.894531,46.123584],[-62.952637,46.195166],[-63.015039,46.189941],[-63.056348,46.223926],[-63.05293,46.269824],[-62.995117,46.292139],[-62.978467,46.316357],[-63.056885,46.295361],[-63.116992,46.252832],[-63.194727,46.236719],[-63.270801,46.2],[-63.152783,46.18833],[-63.213477,46.159863],[-63.276611,46.153271],[-63.568896,46.209229],[-63.641016,46.230469],[-63.731787,46.289062],[-63.800537,46.367334],[-63.763232,46.370361],[-63.750537,46.384375],[-63.758643,46.397607],[-63.860547,46.408154],[-64.019727,46.404834],[-64.11084,46.425439],[-64.106543,46.562109],[-64.136035,46.599707],[-64.235645,46.631445],[-64.388037,46.640869],[-64.403125,46.691602],[-64.35459,46.769238],[-64.27998,46.835742],[-64.223242,46.90127],[-64.156934,46.954883],[-63.993555,47.061572],[-63.997266,46.981738],[-63.981494,46.912988],[-64.087891,46.775439],[-63.903027,46.639111],[-63.879297,46.608984],[-63.863721,46.572363],[-63.875635,46.538672],[-63.905566,46.508789],[-63.833594,46.493896],[-63.811279,46.468701]]]}},{"type":"Feature","properties":{},"geometry":{"type":"Polygon","coordinates":[[[-72.509766,40.986035],[-72.580859,40.921338],[-72.516602,40.914795],[-72.461328,40.933789],[-72.408984,40.972168],[-72.287451,41.024072],[-72.183887,41.046777],[-72.15127,41.051465],[-72.101904,41.015039],[-72.003955,41.044287],[-71.903223,41.060693],[-72.338965,40.894141],[-72.428076,40.875391],[-72.555566,40.825781],[-72.676074,40.790625],[-72.762842,40.777832],[-73.194287,40.654199],[-73.228516,40.651514],[-73.265527,40.663574],[-73.620898,40.599902],[-73.766748,40.592725],[-73.899561,40.570508],[-73.801318,40.621777],[-73.79917,40.640967],[-73.822656,40.655957],[-73.875195,40.651611],[-73.929004,40.598828],[-74.014893,40.581201],[-74.032031,40.638672],[-74.003369,40.683154],[-73.964551,40.725342],[-73.879248,40.79165],[-73.757227,40.833691],[-73.695215,40.87002],[-73.652246,40.838037],[-73.642822,40.88125],[-73.609766,40.906201],[-73.573828,40.919629],[-73.487402,40.919971],[-73.440869,40.926758],[-73.407227,40.941113],[-73.372705,40.943799],[-73.278174,40.924219],[-73.18584,40.929834],[-73.111279,40.956885],[-73.033789,40.965967],[-72.828809,40.97207],[-72.625098,40.991846],[-72.543652,41.027002],[-72.372559,41.125537],[-72.274121,41.153027],[-72.427393,41.038525],[-72.509766,40.986035]]]}},{"type":"Feature","properties":{},"geometry":{"type":"Polygon","coordinates":[[[151.915625,-4.296777],[151.967578,-4.316992],[152.117188,-4.212207],[152.197266,-4.285156],[152.299414,-4.320703],[152.405664,-4.340723],[152.363574,-4.49082],[152.376074,-4.560254],[152.403516,-4.629297],[152.4,-4.73125],[152.351172,-4.822168],[152.257617,-4.954688],[152.215723,-4.979199],[152.166602,-4.993164],[152.013281,-5.003809],[151.983691,-5.074414],[151.993945,-5.149023],[152.076855,-5.24707],[152.142969,-5.357031],[152.077051,-5.458301],[151.968457,-5.528809],[151.86543,-5.564844],[151.694922,-5.543555],[151.515137,-5.552344],[151.481445,-5.590918],[151.480469,-5.65459],[151.455176,-5.703125],[151.422461,-5.747363],[151.33125,-5.839063],[151.229297,-5.919922],[151.090039,-5.99668],[151.043164,-6.015039],[150.919922,-6.027246],[150.808984,-6.071387],[150.75957,-6.114453],[150.705762,-6.149414],[150.588086,-6.187793],[150.473535,-6.263379],[150.42832,-6.276172],[150.19082,-6.289355],[149.850977,-6.292969],[149.750293,-6.300879],[149.652539,-6.29043],[149.598438,-6.260938],[149.483008,-6.124805],[149.382324,-6.078125],[149.272656,-6.079492],[149.126563,-6.127637],[149.099023,-6.116992],[148.80752,-5.916406],[148.719141,-5.867383],[148.624805,-5.830762],[148.509766,-5.805371],[148.401172,-5.765039],[148.337207,-5.669434],[148.344727,-5.544922],[148.432031,-5.471777],[148.564941,-5.50791],[148.61582,-5.507422],[148.66582,-5.486621],[148.724316,-5.493262],[148.783496,-5.511621],[148.999219,-5.48457],[149.124023,-5.522656],[149.245313,-5.573047],[149.358887,-5.583984],[149.475391,-5.573242],[149.631738,-5.516016],[149.681055,-5.523535],[149.831445,-5.524121],[149.962793,-5.447754],[150.011914,-5.139551],[150.045313,-5.034668],[150.090039,-5.011816],[150.122266,-5.018164],[150.170313,-5.070605],[150.108691,-5.136035],[150.081543,-5.186426],[150.072461,-5.30957],[150.10625,-5.429004],[150.183105,-5.523633],[150.29873,-5.535645],[150.404395,-5.473145],[150.519434,-5.460254],[150.625781,-5.520898],[150.734473,-5.510449],[150.784375,-5.470898],[150.842578,-5.453711],[150.900293,-5.447168],[150.95293,-5.42373],[151.022266,-5.320703],[151.068848,-5.204492],[151.137793,-5.112891],[151.326563,-4.960352],[151.380957,-4.941309],[151.439844,-4.930957],[151.572559,-4.9375],[151.671191,-4.883301],[151.678906,-4.761035],[151.664648,-4.637012],[151.551953,-4.345508],[151.544238,-4.299219],[151.560547,-4.247363],[151.593066,-4.200781],[151.703711,-4.2],[151.819336,-4.216992],[151.864746,-4.26084],[151.915625,-4.296777]]]}},{"type":"Feature","properties":{},"geometry":{"type":"Polygon","coordinates":[[[127.296094,-8.424512],[127.114551,-8.583594],[126.915234,-8.715234],[126.79248,-8.755078],[126.66543,-8.782031],[126.568555,-8.83291],[126.486914,-8.912695],[126.38252,-8.957617],[126.264746,-8.972754],[126.164258,-8.99668],[126.073047,-9.043555],[125.946094,-9.123926],[125.894727,-9.132129],[125.840332,-9.130176],[125.735156,-9.160938],[125.408008,-9.275781],[125.210254,-9.403516],[124.997949,-9.565332],[124.963086,-9.665625],[124.841797,-9.759766],[124.708398,-9.91416],[124.601855,-9.992969],[124.508203,-10.086133],[124.427539,-10.148633],[124.326758,-10.169824],[124.175977,-10.183301],[123.971094,-10.294824],[123.857617,-10.343555],[123.747266,-10.347168],[123.644141,-10.310938],[123.604785,-10.270117],[123.614062,-10.215039],[123.648242,-10.167773],[123.690137,-10.128809],[123.716406,-10.078613],[123.599414,-10.015137],[123.589258,-9.966797],[123.635742,-9.838086],[123.66582,-9.705273],[123.709375,-9.614844],[123.876758,-9.453125],[123.977148,-9.372949],[124.198145,-9.256152],[124.575488,-9.155371],[124.645898,-9.116699],[124.708203,-9.061816],[124.889746,-8.968457],[125.026953,-8.859082],[125.115723,-8.708008],[125.178027,-8.647852],[125.323145,-8.591309],[125.381836,-8.575391],[125.804297,-8.492188],[125.905078,-8.486523],[126.172852,-8.488965],[126.531055,-8.470801],[126.619727,-8.459473],[126.73457,-8.422754],[126.845703,-8.377344],[126.904688,-8.341602],[126.966406,-8.315723],[127.058496,-8.348242],[127.214844,-8.372949],[127.257031,-8.394531],[127.296094,-8.424512]]]}},{"type":"Feature","properties":{},"geometry":{"type":"Polygon","coordinates":[[[145.042969,-40.786719],[145.158691,-40.790625],[145.224316,-40.765137],[145.283008,-40.769922],[145.349414,-40.826367],[145.429395,-40.858203],[145.485156,-40.852344],[145.533496,-40.863965],[145.576465,-40.904102],[145.686035,-40.939063],[145.733789,-40.962012],[145.775391,-40.997168],[145.821484,-41.024609],[146.111133,-41.118066],[146.31748,-41.163477],[146.574414,-41.142383],[146.650586,-41.116211],[146.723438,-41.078027],[146.786035,-41.113672],[146.848145,-41.168066],[146.836035,-41.109375],[146.856641,-41.058301],[146.919434,-41.017773],[146.989844,-40.992383],[147.105762,-40.994238],[147.218848,-40.983398],[147.268945,-40.959766],[147.320508,-40.956445],[147.387695,-40.985547],[147.454785,-41.00166],[147.500781,-40.96416],[147.579297,-40.875586],[147.62168,-40.844727],[147.817676,-40.87168],[147.872949,-40.872559],[147.96875,-40.77959],[148.032813,-40.780957],[148.215234,-40.854883],[148.292871,-40.94707],[148.285449,-41.115332],[148.291602,-41.174609],[148.30625,-41.233105],[148.312207,-41.349707],[148.289844,-41.465039],[148.286914,-41.55498],[148.296582,-41.646191],[148.287598,-41.815723],[148.315723,-41.927734],[148.30166,-42.004199],[148.301465,-42.039941],[148.328027,-42.07373],[148.34082,-42.111133],[148.331055,-42.15918],[148.342578,-42.215332],[148.33125,-42.261621],[148.290332,-42.25498],[148.276953,-42.219434],[148.28457,-42.173438],[148.277148,-42.136426],[148.255762,-42.102637],[148.183105,-42.064746],[148.204395,-42.041992],[148.241602,-42.021875],[148.213672,-41.97002],[148.167188,-42.012305],[148.141211,-42.069824],[148.15625,-42.088281],[148.127539,-42.103711],[148.066602,-42.170312],[148.022754,-42.259473],[148.004883,-42.345117],[148.009375,-42.435937],[147.973535,-42.505859],[147.924414,-42.572461],[147.912109,-42.658496],[147.915039,-42.816406],[147.957715,-42.960449],[147.980859,-43.157031],[147.94541,-43.181836],[147.838574,-43.195117],[147.78584,-43.22002],[147.698926,-43.122559],[147.647949,-43.020605],[147.687305,-42.979883],[147.773926,-43.003418],[147.800391,-42.980273],[147.807422,-42.954102],[147.8,-42.928125],[147.693457,-42.871973],[147.573828,-42.845703],[147.53584,-42.878027],[147.549023,-42.974512],[147.536719,-42.996484],[147.452344,-43.033398],[147.408008,-42.893848],[147.297949,-42.790918],[147.301953,-42.840527],[147.347656,-42.926563],[147.342676,-42.964453],[147.325,-43.013477],[147.280762,-43.031738],[147.259766,-43.071094],[147.259766,-43.126465],[147.24502,-43.215918],[147.172852,-43.255859],[146.996973,-43.156348],[146.984863,-43.189844],[146.9875,-43.21875],[147.077344,-43.275879],[147.035938,-43.319043],[147.004688,-43.369629],[146.954688,-43.502441],[146.873926,-43.6125],[146.834277,-43.619336],[146.699219,-43.601953],[146.548535,-43.508887],[146.413184,-43.519531],[146.186719,-43.512793],[146.043164,-43.547168],[146.013086,-43.444824],[145.981738,-43.408398],[145.994434,-43.376074],[146.108789,-43.354395],[146.226367,-43.355273],[146.208008,-43.316211],[146.176465,-43.301758],[146.125098,-43.31123],[145.975293,-43.277148],[145.873242,-43.292383],[145.802734,-43.244043],[145.681543,-43.075977],[145.609961,-42.998242],[145.567383,-42.967969],[145.517578,-42.951367],[145.487598,-42.92666],[145.268164,-42.544336],[145.237109,-42.455566],[145.198828,-42.230859],[145.372949,-42.338477],[145.434863,-42.406543],[145.468262,-42.492871],[145.527246,-42.388184],[145.516602,-42.354492],[145.360352,-42.227539],[145.339648,-42.190723],[145.331055,-42.14707],[145.294434,-42.191016],[145.234863,-42.196973],[145.258984,-42.107324],[145.238184,-42.019629],[145.055371,-41.826758],[144.915527,-41.644043],[144.77793,-41.418848],[144.766113,-41.390039],[144.764355,-41.341504],[144.697754,-41.190723],[144.662402,-41.078906],[144.646094,-40.980859],[144.709668,-40.78291],[144.718555,-40.672266],[144.818555,-40.72168],[145.042969,-40.786719]]]}},{"type":"Feature","properties":{},"geometry":{"type":"Polygon","coordinates":[[[142.184863,73.895898],[142.435059,73.851562],[142.63916,73.803076],[143.34375,73.56875],[143.410742,73.52085],[143.463965,73.458887],[143.491309,73.246436],[143.451465,73.231299],[143.193262,73.220752],[142.841602,73.244824],[142.586914,73.25332],[142.342188,73.252881],[142.126367,73.281689],[141.59668,73.31084],[141.182715,73.389209],[140.754004,73.446045],[140.662793,73.452002],[140.39248,73.435352],[140.026953,73.361426],[139.925098,73.355225],[139.785547,73.355225],[139.685547,73.425732],[139.920117,73.448584],[140.155176,73.45752],[140.380664,73.483008],[140.593555,73.564551],[140.697461,73.62915],[140.883789,73.777539],[140.983594,73.831543],[141.084766,73.865869],[141.189941,73.876465],[141.311914,73.871875],[141.681934,73.904199],[141.931836,73.914941],[142.184863,73.895898]]]}},{"type":"Feature","properties":{},"geometry":{"type":"Polygon","coordinates":[[[146.795215,75.370752],[147.060352,75.364307],[147.443555,75.437988],[147.496973,75.440527],[148.432422,75.413525],[148.508887,75.387451],[148.518848,75.336475],[148.48916,75.309375],[148.475,75.272412],[148.590137,75.236377],[148.892188,75.228125],[149.083203,75.262061],[149.645313,75.24458],[150.103906,75.219238],[150.280664,75.164014],[150.417188,75.134326],[150.530566,75.099854],[150.612891,75.120166],[150.690332,75.155322],[150.756934,75.162402],[150.822363,75.156543],[150.646289,74.94458],[150.580273,74.918945],[150.33125,74.866797],[149.838086,74.795312],[149.596875,74.772607],[149.050195,74.772461],[148.296875,74.800439],[148.092383,74.825684],[147.971875,74.857324],[147.740918,74.931982],[147.626855,74.958936],[147.257031,74.984277],[147.144043,74.998437],[146.924902,75.0625],[146.70332,75.114209],[146.148535,75.198291],[146.186133,75.295557],[146.257617,75.39375],[146.342969,75.480908],[146.438477,75.558203],[146.5375,75.581787],[146.750977,75.510449],[146.748242,75.428662],[146.795215,75.370752]]]}},{"type":"Feature","properties":{},"geometry":{"type":"Polygon","coordinates":[[[126.005957,9.320947],[126.087598,9.260742],[126.193359,9.276709],[126.191992,9.124902],[126.209082,9.080566],[126.30459,8.952051],[126.319531,8.844727],[126.262988,8.743945],[126.220215,8.696289],[126.141602,8.627295],[126.139551,8.595654],[126.173047,8.560059],[126.282324,8.539307],[126.365332,8.483887],[126.379785,8.326758],[126.458691,8.202832],[126.456641,8.148779],[126.425293,7.927441],[126.435352,7.832812],[126.494434,7.756982],[126.544434,7.724805],[126.570117,7.677246],[126.593359,7.546777],[126.589258,7.325146],[126.581543,7.247754],[126.54668,7.17583],[126.439063,7.012354],[126.294043,6.882324],[126.216895,6.891016],[126.19209,6.852539],[126.240234,6.733887],[126.221191,6.483398],[126.189355,6.309668],[126.14248,6.397559],[126.109766,6.489648],[126.080078,6.73335],[126.043066,6.843164],[125.984961,6.943555],[125.961621,7.033203],[125.901172,7.116992],[125.824414,7.333301],[125.773633,7.322168],[125.689258,7.263037],[125.670215,7.222314],[125.660254,7.160596],[125.640723,7.105078],[125.542188,7.016602],[125.464746,6.911133],[125.400977,6.795752],[125.380664,6.689941],[125.43291,6.607129],[125.486621,6.57373],[125.564551,6.499609],[125.588477,6.465771],[125.670703,6.225],[125.667969,5.978662],[125.607813,5.870166],[125.455859,5.664258],[125.346484,5.598975],[125.287891,5.632275],[125.241016,5.756934],[125.233203,5.808301],[125.264941,5.925586],[125.268457,6.033154],[125.231543,6.069531],[125.191016,6.0625],[125.174023,6.046973],[125.076172,5.90625],[125.035352,5.870654],[124.975195,5.865723],[124.927344,5.875342],[124.636328,5.998193],[124.398828,6.119727],[124.212793,6.233252],[124.078125,6.404443],[124.049707,6.532568],[124.048145,6.666553],[123.987891,6.862988],[123.980859,6.929688],[123.985254,6.993701],[124.045117,7.114111],[124.117578,7.175098],[124.158203,7.218799],[124.190723,7.267334],[124.212891,7.332129],[124.206641,7.396436],[124.182422,7.436719],[124.067969,7.577881],[123.968457,7.664648],[123.764746,7.742627],[123.717383,7.7854],[123.66582,7.817773],[123.608887,7.831641],[123.553223,7.832129],[123.493066,7.80791],[123.477441,7.756348],[123.481641,7.710254],[123.476367,7.665381],[123.390918,7.40752],[123.282031,7.464111],[123.178223,7.529443],[123.150684,7.575195],[123.13877,7.629932],[123.121191,7.666895],[123.09668,7.700439],[123.048926,7.614355],[122.989551,7.546289],[122.916895,7.530518],[122.842969,7.529297],[122.81875,7.558496],[122.791797,7.722461],[122.713965,7.774121],[122.616211,7.763135],[122.497949,7.672754],[122.474414,7.638965],[122.448633,7.561133],[122.319727,7.340234],[122.251465,7.17002],[122.176172,7.004199],[122.14248,6.949658],[122.098145,6.913721],[122.027637,6.928613],[121.964258,6.968213],[121.904199,7.075195],[121.924609,7.199512],[121.991113,7.27876],[122.047168,7.363574],[122.114844,7.659912],[122.119922,7.765381],[122.131836,7.810498],[122.243359,7.945117],[122.337109,8.028418],[122.386719,8.045898],[122.589453,8.093311],[122.672949,8.133105],[122.804395,8.133691],[122.911133,8.156445],[122.996289,8.220508],[123.002734,8.286914],[122.998828,8.356055],[123.017578,8.39834],[123.050586,8.433936],[123.095898,8.480811],[123.147168,8.516016],[123.292871,8.541455],[123.341211,8.57041],[123.380176,8.615625],[123.43457,8.70332],[123.498926,8.681543],[123.563672,8.647461],[123.680078,8.620605],[123.783398,8.547705],[123.849219,8.432715],[123.860547,8.376074],[123.877441,8.188818],[123.853418,8.145117],[123.753125,8.058252],[123.799414,8.049121],[123.931152,8.128418],[123.996875,8.158984],[124.159375,8.201465],[124.197656,8.229541],[124.225781,8.271387],[124.283203,8.385986],[124.325195,8.508447],[124.35791,8.559424],[124.404883,8.599854],[124.45127,8.606348],[124.621777,8.522656],[124.731152,8.562988],[124.761719,8.689795],[124.786816,8.874121],[124.806152,8.924023],[124.868945,8.972266],[124.943848,8.956689],[125.046387,8.890527],[125.141016,8.86875],[125.176172,8.92207],[125.209668,9.027148],[125.247852,9.026562],[125.375586,8.991797],[125.49873,9.014746],[125.533398,9.140918],[125.510156,9.275879],[125.413965,9.669189],[125.471289,9.756787],[125.520898,9.759131],[125.64248,9.654492],[125.87666,9.513135],[125.954688,9.42666],[126.005957,9.320947]]]}},{"type":"Feature","properties":{},"geometry":{"type":"Polygon","coordinates":[[[134.357422,34.256348],[134.495703,34.214746],[134.6375,34.226611],[134.635254,34.043945],[134.655371,33.982617],[134.695312,33.927734],[134.674805,33.847803],[134.738867,33.820508],[134.54873,33.729297],[134.377051,33.608398],[134.306543,33.526807],[134.242676,33.439453],[134.205664,33.346973],[134.181641,33.247217],[134.124121,33.286768],[133.958691,33.44834],[133.854004,33.492676],[133.685645,33.516309],[133.632031,33.510986],[133.285938,33.359961],[133.239941,33.249609],[133.145605,33.083154],[133.100879,33.028223],[133.051172,33.012451],[133.016016,32.983887],[132.977246,32.841992],[132.869922,32.75459],[132.804297,32.752002],[132.692188,32.775928],[132.641797,32.762451],[132.708984,32.90249],[132.601953,32.919531],[132.495117,32.916602],[132.492578,33.007666],[132.427832,33.059375],[132.475781,33.126465],[132.477148,33.181152],[132.505273,33.211279],[132.515039,33.255371],[132.511426,33.293066],[132.44541,33.30459],[132.405176,33.33125],[132.412793,33.430469],[132.374902,33.434082],[132.281055,33.416797],[132.08584,33.340137],[132.032617,33.33999],[132.114453,33.39458],[132.287891,33.469531],[132.365918,33.512451],[132.536035,33.63291],[132.643066,33.689941],[132.698926,33.790918],[132.716211,33.852246],[132.752344,33.906152],[132.784277,33.992432],[132.839453,34.02124],[132.935156,34.095312],[132.990137,34.088135],[133.05127,33.997119],[133.133691,33.927295],[133.193066,33.933203],[133.298828,33.968994],[133.349805,33.977051],[133.47207,33.972803],[133.582031,34.017139],[133.626758,34.069385],[133.643457,34.134668],[133.602637,34.243848],[133.655566,34.232861],[133.70625,34.237354],[133.825586,34.306836],[133.94834,34.348047],[134.075879,34.358398],[134.219238,34.319043],[134.357422,34.256348]]]}},{"type":"Feature","properties":{},"geometry":{"type":"Polygon","coordinates":[[[131.174609,33.602588],[131.30918,33.572754],[131.366016,33.570898],[131.41875,33.584424],[131.498828,33.623584],[131.583008,33.652393],[131.643066,33.637793],[131.696289,33.602832],[131.724219,33.553809],[131.710645,33.502344],[131.615527,33.391846],[131.537402,33.274072],[131.71709,33.2521],[131.896582,33.25459],[131.854688,33.181641],[131.847852,33.118066],[131.902734,33.087793],[131.949316,33.04707],[131.937207,33.010156],[131.910449,32.973682],[132.008594,32.919043],[132.002148,32.882373],[131.97666,32.843945],[131.732129,32.592822],[131.660352,32.465625],[131.610352,32.325488],[131.564648,32.223047],[131.531152,32.116748],[131.505664,32.001953],[131.460254,31.883496],[131.475293,31.778418],[131.459961,31.670801],[131.337207,31.404687],[131.249707,31.409619],[131.139746,31.441846],[131.070801,31.436865],[131.035156,31.377686],[131.098438,31.256152],[130.902246,31.112061],[130.685742,31.015137],[130.68418,31.059277],[130.704492,31.094092],[130.735742,31.12207],[130.758398,31.155811],[130.789746,31.269092],[130.774219,31.383203],[130.708984,31.526074],[130.704199,31.577441],[130.749414,31.598193],[130.779785,31.604102],[130.796289,31.624072],[130.796875,31.671289],[130.77627,31.706299],[130.714551,31.717676],[130.655078,31.718408],[130.613477,31.66543],[130.556055,31.563086],[130.528125,31.459668],[130.54043,31.403076],[130.565918,31.352393],[130.644531,31.26748],[130.621484,31.217529],[130.58877,31.178516],[130.310645,31.266895],[130.250586,31.273193],[130.200684,31.291895],[130.147266,31.408496],[130.260547,31.436572],[130.294141,31.450684],[130.306641,31.487793],[130.321973,31.601465],[130.268945,31.696338],[130.224219,31.730078],[130.187891,31.768848],[130.210938,31.848975],[130.195801,31.949854],[130.194434,32.090771],[130.214063,32.115039],[130.319141,32.143506],[130.394922,32.218994],[130.462012,32.304932],[130.560352,32.456055],[130.640527,32.619238],[130.563281,32.626367],[130.497852,32.656934],[130.569434,32.734131],[130.547266,32.831592],[130.44043,32.951367],[130.381738,33.092578],[130.287305,33.154785],[130.2375,33.177637],[130.176855,33.144531],[130.126855,33.104834],[130.173145,33.012988],[130.167773,32.931787],[130.175,32.851318],[130.222168,32.846826],[130.280078,32.866846],[130.326465,32.852637],[130.353516,32.810352],[130.36084,32.755859],[130.34043,32.701855],[130.297656,32.675],[130.245508,32.677148],[130.192969,32.706299],[130.152051,32.747852],[130.054102,32.770801],[129.950781,32.721729],[129.852539,32.621729],[129.768555,32.570996],[129.808105,32.645264],[129.826758,32.725342],[129.785938,32.781641],[129.690039,32.875244],[129.667773,32.929395],[129.662305,32.994922],[129.679102,33.059961],[129.777734,32.985547],[129.82832,32.892676],[129.900781,32.851904],[129.991699,32.851562],[129.921875,32.987988],[129.896777,33.022363],[129.79873,33.083594],[129.665039,33.186621],[129.580078,33.236279],[129.610156,33.343652],[129.659961,33.36499],[129.702148,33.359814],[129.844141,33.321777],[129.85752,33.375244],[129.836621,33.403809],[129.825684,33.437012],[129.919141,33.483496],[130.07207,33.521777],[130.103418,33.539697],[130.130566,33.578174],[130.167969,33.598291],[130.275098,33.597705],[130.365039,33.634473],[130.439453,33.734229],[130.457227,33.788965],[130.483789,33.834619],[130.669531,33.915479],[130.715625,33.927783],[130.839648,33.917773],[130.953125,33.872021],[131.009082,33.77583],[131.058105,33.672852],[131.174609,33.602588]]]}},{"type":"Feature","properties":{},"geometry":{"type":"Polygon","coordinates":[[[121.008789,22.620361],[120.946875,22.503076],[120.897363,22.37915],[120.877344,22.262207],[120.878418,22.141553],[120.864258,22.032666],[120.839844,21.925],[120.742773,21.956006],[120.690137,22.033105],[120.678027,22.159668],[120.607617,22.312549],[120.58125,22.356396],[120.479785,22.441895],[120.387598,22.484521],[120.316211,22.547607],[120.325586,22.542432],[120.272852,22.627441],[120.232813,22.71792],[120.150098,22.974902],[120.121582,23.037012],[120.083398,23.093701],[120.072461,23.149756],[120.085547,23.212061],[120.121191,23.305176],[120.142969,23.399072],[120.125391,23.526611],[120.132129,23.65293],[120.158984,23.709033],[120.629687,24.478516],[120.757422,24.642285],[120.835938,24.722656],[120.901563,24.813281],[120.964063,24.927979],[121.040625,25.032812],[121.09541,25.065088],[121.36543,25.15918],[121.449609,25.249023],[121.51709,25.276904],[121.593652,25.275342],[121.643066,25.232422],[121.687109,25.181592],[121.733301,25.154102],[121.852832,25.104443],[121.905176,25.056445],[121.929004,24.97373],[121.85625,24.895264],[121.820117,24.824512],[121.813379,24.746338],[121.826367,24.640527],[121.828027,24.534375],[121.737012,24.285254],[121.639355,24.130078],[121.613086,24.052734],[121.583398,23.860889],[121.526074,23.668262],[121.477148,23.424072],[121.397461,23.17251],[121.352246,23.067285],[121.295898,22.966602],[121.16123,22.776367],[121.008789,22.620361]]]}},{"type":"Feature","properties":{},"geometry":{"type":"Polygon","coordinates":[[[110.88877,19.991943],[110.938281,19.947559],[110.970703,19.883301],[110.997656,19.764697],[111.013672,19.655469],[110.912695,19.586084],[110.822266,19.55791],[110.640918,19.291211],[110.603125,19.207031],[110.572168,19.171875],[110.5625,19.135156],[110.566016,19.098535],[110.519336,18.970215],[110.477637,18.812598],[110.45127,18.747949],[110.399512,18.69834],[110.333691,18.673291],[110.29082,18.669531],[110.251758,18.655762],[110.15625,18.569824],[110.048535,18.505225],[110.066406,18.475635],[110.067383,18.447559],[110.020215,18.41626],[109.967676,18.42207],[109.815625,18.39668],[109.759766,18.348291],[109.702734,18.259131],[109.681055,18.247119],[109.589551,18.226318],[109.519336,18.218262],[109.400098,18.281104],[109.340918,18.299609],[109.183203,18.325146],[109.029883,18.367773],[108.922266,18.416113],[108.701563,18.535254],[108.676074,18.750244],[108.638086,18.866309],[108.635645,18.907715],[108.65,19.265039],[108.665527,19.304102],[108.693555,19.338281],[108.791016,19.418164],[108.902832,19.481348],[109.062891,19.613574],[109.179102,19.674121],[109.27666,19.761133],[109.219531,19.757471],[109.177441,19.768457],[109.218945,19.842822],[109.263477,19.882666],[109.314844,19.904395],[109.418164,19.888818],[109.513672,19.904248],[109.584277,19.970312],[109.651367,19.984375],[109.90625,19.962744],[110.083008,19.99292],[110.171582,20.053711],[110.213379,20.056055],[110.343945,20.038818],[110.392285,19.975586],[110.387988,20.018018],[110.393555,20.059229],[110.417578,20.054736],[110.588184,19.976367],[110.58877,20.072461],[110.59834,20.097607],[110.651758,20.137744],[110.678516,20.137061],[110.744531,20.059473],[110.809082,20.014404],[110.88877,19.991943]]]}},{"type":"Feature","properties":{},"geometry":{"type":"Polygon","coordinates":[[[79.982324,9.812695],[80.078418,9.807471],[80.180957,9.81001],[80.252832,9.796338],[80.375977,9.642334],[80.711133,9.366357],[80.893457,9.085889],[80.910059,9.024512],[80.935449,8.971484],[80.979199,8.956934],[81.016016,8.932617],[81.198242,8.661963],[81.219238,8.608398],[81.216211,8.549414],[81.226953,8.505518],[81.274609,8.483594],[81.333984,8.47207],[81.372852,8.431445],[81.422168,8.215234],[81.422168,8.147852],[81.435938,8.118896],[81.66543,7.782471],[81.678711,7.741553],[81.67627,7.710938],[81.68291,7.684473],[81.727344,7.625],[81.79668,7.464795],[81.832031,7.428418],[81.874121,7.28833],[81.876953,7.020459],[81.861426,6.90127],[81.818555,6.756201],[81.767773,6.614307],[81.712695,6.511865],[81.637402,6.425146],[81.37998,6.240918],[81.30625,6.203857],[80.971094,6.088379],[80.724121,5.979053],[80.495801,5.949365],[80.267383,6.009766],[80.095313,6.153174],[80.007227,6.364404],[79.946973,6.584521],[79.859375,6.829297],[79.79209,7.585205],[79.759961,7.796484],[79.707812,8.065674],[79.712988,8.182324],[79.749805,8.294238],[79.749707,8.048877],[79.783496,8.018457],[79.808887,8.05],[79.831934,8.304053],[79.850879,8.411572],[79.941797,8.691504],[79.943652,8.741162],[79.92793,8.846436],[79.928906,8.899219],[80.064844,9.095654],[80.099609,9.209961],[80.118359,9.326855],[80.110938,9.453271],[80.086328,9.577832],[80.196094,9.538135],[80.256445,9.494775],[80.317969,9.46543],[80.367969,9.480469],[80.42832,9.480957],[80.385352,9.548779],[80.257617,9.611279],[80.045801,9.649902],[79.979492,9.699365],[79.954004,9.742334],[79.966992,9.792627],[79.982324,9.812695]]]}},{"type":"Feature","properties":{},"geometry":{"type":"Polygon","coordinates":[[[53.10957,38.803076],[53.100195,38.756152],[53.045898,38.897217],[53.018555,39.052734],[53.05332,39.096582],[53.092188,39.094092],[53.055176,39.037939],[53.10957,38.803076]]]}},{"type":"Feature","properties":{},"geometry":{"type":"Polygon","coordinates":[[[50.184473,44.854639],[50.14873,44.826465],[50.095313,44.830615],[49.995117,44.936963],[50.023047,45.044727],[50.059375,45.066797],[50.109863,45.081934],[50.116602,45.058252],[50.045313,45.01001],[50.038867,44.949121],[50.098145,44.881543],[50.184473,44.854639]]]}},{"type":"Feature","properties":{},"geometry":{"type":"Polygon","coordinates":[[[50.311719,44.97207],[50.277246,44.958594],[50.256152,45.022412],[50.294922,45.075928],[50.349707,45.083008],[50.330859,44.998437],[50.311719,44.97207]]]}},{"type":"Feature","properties":{},"geometry":{"type":"Polygon","coordinates":[[[9.632031,40.882031],[9.682031,40.818115],[9.794336,40.556201],[9.805273,40.499561],[9.782813,40.441504],[9.754199,40.400293],[9.642969,40.268408],[9.659473,40.159229],[9.700781,40.091797],[9.706738,40.017041],[9.686035,39.924365],[9.616992,39.354395],[9.583594,39.253564],[9.5625,39.166016],[9.486328,39.139551],[9.388086,39.167529],[9.26416,39.216797],[9.206934,39.213818],[9.149316,39.196973],[9.101758,39.211279],[9.056348,39.23916],[9.022656,39.043262],[8.966602,38.963721],[8.881348,38.912891],[8.801172,38.909668],[8.718555,38.926709],[8.648535,38.926562],[8.59541,38.964307],[8.55332,39.030322],[8.48623,39.110498],[8.418164,39.205713],[8.410742,39.291797],[8.399121,39.481592],[8.418652,39.523047],[8.44707,39.562793],[8.461035,39.647705],[8.451172,39.72168],[8.471094,39.748096],[8.510742,39.72168],[8.540527,39.731592],[8.538672,39.769678],[8.547754,39.839209],[8.495898,39.897461],[8.407813,39.917236],[8.399316,39.978174],[8.408594,40.037646],[8.455078,40.077588],[8.470801,40.130713],[8.471289,40.292676],[8.40918,40.352344],[8.385352,40.442676],[8.353223,40.500537],[8.295508,40.558643],[8.230273,40.605957],[8.189941,40.651611],[8.180859,40.771045],[8.203809,40.870703],[8.224219,40.91333],[8.245215,40.907031],[8.310156,40.85752],[8.363281,40.846338],[8.468457,40.834326],[8.571875,40.850195],[8.698926,40.895264],[8.821191,40.949902],[8.998145,41.110352],[9.107227,41.14292],[9.163086,41.185156],[9.182129,41.242188],[9.228418,41.25708],[9.283008,41.20166],[9.350781,41.195898],[9.455176,41.150146],[9.500195,41.106348],[9.53877,41.053662],[9.575684,41.030518],[9.615332,41.017285],[9.621191,41.004883],[9.589746,40.99248],[9.553711,40.932129],[9.574023,40.914746],[9.632031,40.882031]]]}},{"type":"Feature","properties":{},"geometry":{"type":"Polygon","coordinates":[[[9.480371,42.80542],[9.454199,42.658594],[9.473242,42.615576],[9.509375,42.585596],[9.526172,42.552637],[9.556445,42.160937],[9.550684,42.129736],[9.428418,41.972412],[9.400879,41.926221],[9.394824,41.731201],[9.374219,41.678809],[9.330859,41.627148],[9.253418,41.460059],[9.186133,41.384912],[9.003027,41.476562],[8.89502,41.516162],[8.84209,41.558887],[8.80752,41.588379],[8.829785,41.627686],[8.879004,41.668555],[8.886816,41.700684],[8.770996,41.737109],[8.717969,41.761426],[8.718652,41.804004],[8.758691,41.87041],[8.74043,41.925146],[8.673633,41.922363],[8.621875,41.930713],[8.615137,41.959131],[8.653418,41.995557],[8.702539,42.043115],[8.700977,42.095605],[8.641602,42.118213],[8.587793,42.16084],[8.566211,42.218799],[8.60791,42.258447],[8.675488,42.284033],[8.625879,42.343408],[8.592383,42.344727],[8.565625,42.357715],[8.5875,42.385303],[8.640039,42.426562],[8.713086,42.549756],[8.814844,42.60791],[8.994922,42.645312],[9.043652,42.66167],[9.088379,42.70498],[9.137891,42.73291],[9.198047,42.729199],[9.253516,42.712451],[9.287695,42.694629],[9.313379,42.713184],[9.338379,42.766895],[9.323047,42.814062],[9.330957,42.943799],[9.363184,43.017383],[9.415234,43.021484],[9.463281,42.981006],[9.46084,42.945215],[9.478613,42.860498],[9.480371,42.80542]]]}},{"type":"Feature","properties":{},"geometry":{"type":"Polygon","coordinates":[[[15.576563,38.220312],[15.508887,38.106641],[15.475684,38.062939],[15.234473,37.784814],[15.206836,37.720557],[15.189844,37.650732],[15.164844,37.589551],[15.131055,37.531885],[15.099512,37.458594],[15.105664,37.375488],[15.116992,37.334717],[15.145996,37.308008],[15.193652,37.282861],[15.230273,37.244336],[15.174121,37.20918],[15.236035,37.138721],[15.288672,37.096924],[15.295703,37.055176],[15.294531,37.013281],[15.185156,36.934814],[15.142383,36.891602],[15.11582,36.839258],[15.104297,36.785254],[15.116309,36.736475],[15.112598,36.687842],[15.002441,36.693896],[14.889648,36.723535],[14.775977,36.7104],[14.614355,36.766602],[14.555469,36.776758],[14.501855,36.798682],[14.367285,36.972852],[14.259082,37.046436],[14.142969,37.103662],[14.024316,37.107129],[13.905469,37.100635],[13.800586,37.135889],[13.587109,37.25415],[13.360938,37.34873],[13.264941,37.410352],[13.221094,37.451807],[13.169922,37.479297],[13.040332,37.506543],[12.924121,37.570508],[12.871191,37.575195],[12.757324,37.567383],[12.699023,37.571826],[12.640234,37.594336],[12.526758,37.669531],[12.454395,37.773779],[12.435547,37.819775],[12.486816,37.938721],[12.547656,38.05293],[12.60166,38.084961],[12.664355,38.10791],[12.702344,38.141699],[12.734375,38.183057],[12.850684,38.063721],[12.902734,38.034863],[12.955469,38.041309],[13.049023,38.084082],[13.056836,38.130908],[13.159961,38.190332],[13.291113,38.191455],[13.35166,38.180518],[13.383496,38.126807],[13.433496,38.110254],[13.491309,38.103125],[13.681543,38.000732],[13.734863,37.984033],[13.788867,37.981201],[13.936621,38.02417],[14.05,38.040527],[14.287695,38.016846],[14.416211,38.042578],[14.505957,38.045508],[14.636719,38.085059],[14.737207,38.150781],[14.789648,38.166992],[14.845898,38.17168],[14.981934,38.167578],[15.11875,38.152734],[15.176074,38.168066],[15.224023,38.211035],[15.27959,38.230371],[15.340723,38.217334],[15.49873,38.290869],[15.568359,38.295898],[15.634668,38.267578],[15.576563,38.220312]]]}},{"type":"Feature","properties":{},"geometry":{"type":"Polygon","coordinates":[[[-52.731152,69.944727],[-52.398242,69.863428],[-52.045312,69.807227],[-52.010791,69.781543],[-51.983398,69.742676],[-51.977051,69.722412],[-51.985107,69.703613],[-52.007471,69.686279],[-51.981689,69.663965],[-51.907764,69.63667],[-51.900195,69.604785],[-51.988428,69.55],[-52.112598,69.489111],[-52.770459,69.363916],[-53.003125,69.342627],[-53.578418,69.256641],[-53.754346,69.260156],[-53.793164,69.264209],[-53.902051,69.302002],[-54.051172,69.337158],[-54.121045,69.364404],[-54.182715,69.403516],[-54.158154,69.427783],[-54.047363,69.437305],[-53.8896,69.43667],[-53.658301,69.465137],[-53.722266,69.490723],[-53.783057,69.506299],[-53.825,69.540332],[-53.921484,69.533691],[-53.99375,69.553174],[-54.133203,69.56543],[-54.496973,69.577197],[-54.734131,69.610547],[-54.804102,69.630518],[-54.865771,69.665039],[-54.919141,69.713623],[-54.84126,69.901904],[-54.787891,69.949854],[-54.6646,69.965674],[-54.363086,69.923828],[-54.322607,69.941895],[-54.652441,70.011182],[-54.773633,70.052539],[-54.809326,70.085107],[-54.830762,70.132959],[-54.830469,70.161084],[-54.815576,70.189404],[-54.78623,70.217773],[-54.705957,70.256152],[-54.371631,70.317285],[-54.007227,70.296436],[-53.375146,70.221289],[-53.296729,70.205371],[-53.10293,70.140869],[-52.731152,69.944727]]]}},{"type":"Feature","properties":{},"geometry":{"type":"Polygon","coordinates":[[[-49.628662,-0.229199],[-49.535205,-0.233594],[-49.402881,-0.214648],[-49.314258,-0.167871],[-49.215088,-0.158691],[-49.116992,-0.163574],[-48.786572,-0.215527],[-48.588037,-0.231641],[-48.51543,-0.248242],[-48.444482,-0.271875],[-48.392676,-0.297363],[-48.379687,-0.352832],[-48.428027,-0.441504],[-48.463965,-0.534766],[-48.497461,-0.664941],[-48.52334,-0.691406],[-48.56665,-0.684473],[-48.539697,-0.800977],[-48.549512,-0.847559],[-48.570947,-0.892871],[-48.624072,-0.986914],[-48.70459,-1.106641],[-48.728516,-1.131738],[-48.789844,-1.17334],[-48.839697,-1.226562],[-48.829004,-1.276563],[-48.804053,-1.326953],[-48.833594,-1.390039],[-48.928906,-1.482324],[-48.985938,-1.504688],[-49.038477,-1.514063],[-49.086865,-1.505078],[-49.172705,-1.412598],[-49.181689,-1.484961],[-49.204785,-1.558984],[-49.233984,-1.599512],[-49.344824,-1.595215],[-49.406592,-1.555566],[-49.506641,-1.511621],[-49.525684,-1.630469],[-49.587891,-1.712402],[-49.650586,-1.738086],[-49.748779,-1.755371],[-49.805127,-1.790234],[-49.911328,-1.762988],[-50.009961,-1.708496],[-50.065723,-1.703809],[-50.109277,-1.747852],[-50.338428,-1.755957],[-50.443457,-1.800684],[-50.507617,-1.787988],[-50.602051,-1.697754],[-50.617188,-1.637695],[-50.673389,-1.516016],[-50.723828,-1.371484],[-50.759766,-1.240234],[-50.729492,-1.126758],[-50.668311,-1.130566],[-50.595898,-1.147461],[-50.580518,-1.139453],[-50.576953,-1.103125],[-50.59292,-1.072949],[-50.709619,-1.077734],[-50.783301,-1.010352],[-50.796094,-0.90625],[-50.780957,-0.689844],[-50.771387,-0.64541],[-50.719922,-0.583398],[-50.703076,-0.528516],[-50.71582,-0.470215],[-50.693701,-0.364453],[-50.645508,-0.272852],[-50.461572,-0.157422],[-50.248242,-0.116406],[-49.628662,-0.229199]]]}},{"type":"Feature","properties":{},"geometry":{"type":"Polygon","coordinates":[[[-7.178613,55.056885],[-7.100635,55.048291],[-7.030762,55.080615],[-6.947168,55.18252],[-6.888965,55.188916],[-6.824854,55.180664],[-6.698828,55.193457],[-6.475049,55.241016],[-6.375293,55.241797],[-6.234229,55.216846],[-6.12915,55.217383],[-6.035791,55.144531],[-5.985742,55.029688],[-5.869189,54.916211],[-5.716846,54.81748],[-5.710742,54.75708],[-5.765186,54.724658],[-5.879102,54.684375],[-5.878613,54.641309],[-5.803467,54.663037],[-5.738623,54.673047],[-5.58252,54.663428],[-5.52793,54.619629],[-5.490186,54.554053],[-5.47041,54.500195],[-5.483887,54.44165],[-5.525879,54.460205],[-5.568555,54.512598],[-5.615967,54.536719],[-5.671094,54.549756],[-5.646094,54.477881],[-5.655957,54.381738],[-5.631885,54.372656],[-5.557812,54.370996],[-5.606787,54.272559],[-5.708057,54.24585],[-5.826172,54.23584],[-5.854639,54.200977],[-5.876074,54.156055],[-5.937744,54.089062],[-6.019043,54.05127],[-6.119531,54.058887],[-6.218018,54.088721],[-6.175732,54.053516],[-6.156934,54.017236],[-6.230664,54.003613],[-6.307617,54.011035],[-6.345166,53.987207],[-6.347607,53.941309],[-6.321582,53.882178],[-6.270117,53.840234],[-6.229004,53.745703],[-6.194873,53.640869],[-6.141846,53.577539],[-6.130957,53.498926],[-6.13877,53.460303],[-6.129102,53.390869],[-6.15166,53.366406],[-6.134717,53.301221],[-6.072266,53.166309],[-6.04502,53.091162],[-6.027393,52.9271],[-6.071484,52.865625],[-6.130664,52.807275],[-6.169336,52.738135],[-6.199219,52.663477],[-6.217236,52.543115],[-6.34541,52.402002],[-6.399951,52.366943],[-6.463184,52.345361],[-6.325,52.24668],[-6.437939,52.202686],[-6.561084,52.188818],[-6.697314,52.213525],[-6.782227,52.210498],[-6.859717,52.178564],[-6.890234,52.159229],[-6.914648,52.168555],[-6.965771,52.249512],[-7.003271,52.165918],[-7.081787,52.139307],[-7.216211,52.144971],[-7.440869,52.122705],[-7.527295,52.098877],[-7.563184,52.061621],[-7.589844,52.018555],[-7.624902,51.993115],[-7.664551,51.979736],[-7.837988,51.947998],[-7.872168,51.935303],[-7.95249,51.865771],[-8.057812,51.825586],[-8.14502,51.813525],[-8.222461,51.854004],[-8.254297,51.87832],[-8.290234,51.890674],[-8.40918,51.88877],[-8.371631,51.87627],[-8.347363,51.847705],[-8.335596,51.792969],[-8.349121,51.739307],[-8.407812,51.712061],[-8.477832,51.707031],[-8.588281,51.651367],[-8.734473,51.636182],[-8.813428,51.584912],[-9.296484,51.498242],[-9.323877,51.497217],[-9.390576,51.519287],[-9.462891,51.529053],[-9.534863,51.522168],[-9.737305,51.47373],[-9.835352,51.48335],[-9.710352,51.603711],[-9.542383,51.664453],[-9.524902,51.681104],[-9.579834,51.689258],[-9.899023,51.64707],[-10.009912,51.611133],[-10.120752,51.600684],[-10.069434,51.655566],[-9.926416,51.730713],[-9.849707,51.766113],[-9.802881,51.780127],[-9.749512,51.824268],[-9.598828,51.874414],[-10.084229,51.770996],[-10.211719,51.783594],[-10.241748,51.812451],[-10.341064,51.798926],[-10.378711,51.86875],[-10.231592,51.974512],[-10.14585,52.02002],[-10.044043,52.04458],[-9.946045,52.079834],[-9.909668,52.122949],[-9.955811,52.13667],[-10.249512,52.125732],[-10.390234,52.134912],[-10.382617,52.169092],[-10.356689,52.206934],[-10.210938,52.27168],[-10.13208,52.28208],[-10.061768,52.275928],[-9.993115,52.259326],[-9.937305,52.237646],[-9.772119,52.250098],[-9.841064,52.291455],[-9.853223,52.375488],[-9.906055,52.403711],[-9.838477,52.442676],[-9.761133,52.466357],[-9.632227,52.546924],[-9.586328,52.55918],[-9.33125,52.57876],[-9.056152,52.621143],[-8.783447,52.679639],[-8.923291,52.712305],[-8.990283,52.75542],[-9.0979,52.668262],[-9.175391,52.634912],[-9.394238,52.61709],[-9.463477,52.626904],[-9.561035,52.653955],[-9.591357,52.643652],[-9.619531,52.622754],[-9.764355,52.57998],[-9.916602,52.569727],[-9.7396,52.648193],[-9.51499,52.781152],[-9.464893,52.823193],[-9.393652,52.89624],[-9.415723,52.92876],[-9.461963,52.947266],[-9.299219,53.097559],[-9.241895,53.124854],[-9.137598,53.129248],[-9.061133,53.153076],[-9.027441,53.153174],[-8.997168,53.162061],[-8.930127,53.20708],[-9.033545,53.235742],[-9.140332,53.250488],[-9.470752,53.234863],[-9.514209,53.238232],[-9.555176,53.252051],[-9.581738,53.271973],[-9.601758,53.323047],[-9.625977,53.334473],[-9.700586,53.334473],[-9.774072,53.318848],[-9.825391,53.320361],[-9.875781,53.342725],[-9.79541,53.394971],[-9.899023,53.407275],[-10.003906,53.397021],[-10.09126,53.412842],[-10.093994,53.445605],[-10.054395,53.47832],[-10.10625,53.509326],[-10.116992,53.548535],[-10.061719,53.567822],[-10.001367,53.561426],[-9.878271,53.59043],[-9.720654,53.604492],[-9.855859,53.633105],[-9.909717,53.657617],[-9.912305,53.695117],[-9.901611,53.727197],[-9.745068,53.781494],[-9.578223,53.80542],[-9.590527,53.841162],[-9.578857,53.879834],[-9.74751,53.891016],[-9.914062,53.863721],[-9.89624,53.937598],[-9.856348,54.004297],[-9.848486,54.048291],[-9.856445,54.095361],[-9.934473,54.075244],[-9.943604,54.141602],[-9.9771,54.187109],[-10.092676,54.155762],[-10.089697,54.21582],[-10.056396,54.257812],[-9.995947,54.276025],[-9.935937,54.268115],[-9.824561,54.268896],[-9.717139,54.300439],[-9.562305,54.308545],[-9.315527,54.298633],[-9.145898,54.209619],[-9.1021,54.225537],[-9.034277,54.281787],[-9.002441,54.287988],[-8.746777,54.263477],[-8.588037,54.231104],[-8.545557,54.241211],[-8.568457,54.303613],[-8.623145,54.346875],[-8.554443,54.403564],[-8.470996,54.441943],[-8.415234,54.461084],[-8.286523,54.484863],[-8.230371,54.507275],[-8.192969,54.580127],[-8.133447,54.64082],[-8.456543,54.609277],[-8.763916,54.681201],[-8.715186,54.732031],[-8.650293,54.760889],[-8.538281,54.782959],[-8.527686,54.809473],[-8.470996,54.831543],[-8.377295,54.889453],[-8.411719,54.965088],[-8.393262,55.02041],[-8.325781,55.056445],[-8.304688,55.108203],[-8.274609,55.146289],[-8.137695,55.159912],[-8.006104,55.195312],[-7.958594,55.191895],[-7.803174,55.200049],[-7.750537,55.185791],[-7.762549,55.24834],[-7.66709,55.256494],[-7.629785,55.243994],[-7.613379,55.199658],[-7.57002,55.171387],[-7.556641,55.122217],[-7.585693,55.084229],[-7.634277,55.05498],[-7.589844,55.025049],[-7.65874,54.970947],[-7.584375,54.993994],[-7.478418,55.046973],[-7.483936,55.090283],[-7.501953,55.144727],[-7.531445,55.193848],[-7.517871,55.247949],[-7.458301,55.281787],[-7.301758,55.298779],[-7.365967,55.360205],[-7.308789,55.36582],[-7.24668,55.353027],[-7.155322,55.305176],[-7.060254,55.267627],[-6.96167,55.237891],[-7.056396,55.17832],[-7.172852,55.137012],[-7.218652,55.091992],[-7.178613,55.056885]]]}},{"type":"Feature","properties":{},"geometry":{"type":"Polygon","coordinates":[[[-64.84502,18.330078],[-64.919971,18.321289],[-65.023633,18.367578],[-64.942041,18.385205],[-64.889111,18.374219],[-64.84502,18.330078]]]}},{"type":"Feature","properties":{},"geometry":{"type":"Polygon","coordinates":[[[178.575488,51.91626],[178.511816,51.899121],[178.477734,51.942529],[178.475,51.967725],[178.509375,51.994678],[178.570605,51.977539],[178.607324,51.953027],[178.575488,51.91626]]]}},{"type":"Feature","properties":{},"geometry":{"type":"Polygon","coordinates":[[[14.313477,36.027588],[14.253613,36.012158],[14.194238,36.042236],[14.180371,36.0604],[14.263281,36.075781],[14.303711,36.062305],[14.320898,36.03623],[14.313477,36.027588]]]}},{"type":"Feature","properties":{},"geometry":{"type":"Polygon","coordinates":[[[13.938281,40.705615],[13.893652,40.696973],[13.867676,40.70874],[13.853516,40.724072],[13.871191,40.761816],[13.962109,40.739404],[13.96084,40.718164],[13.938281,40.705615]]]}},{"type":"Feature","properties":{},"geometry":{"type":"Polygon","coordinates":[[[12.05127,36.757031],[12.00332,36.745996],[11.940625,36.780371],[11.936426,36.828613],[11.948047,36.843066],[12.024219,36.820947],[12.048047,36.776367],[12.05127,36.757031]]]}},{"type":"Feature","properties":{},"geometry":{"type":"Polygon","coordinates":[[[6.333398,53.510742],[6.193262,53.476807],[6.159277,53.483936],[6.167676,53.49375],[6.290918,53.51499],[6.333398,53.510742]]]}},{"type":"Feature","properties":{},"geometry":{"type":"Polygon","coordinates":[[[5.929297,53.458838],[5.732031,53.442627],[5.665332,53.454883],[5.654297,53.466504],[5.708105,53.473389],[5.87627,53.475098],[5.928223,53.46499],[5.929297,53.458838]]]}},{"type":"Feature","properties":{},"geometry":{"type":"Polygon","coordinates":[[[5.108594,53.308008],[4.92373,53.23457],[4.90791,53.24624],[5.027051,53.310205],[5.108594,53.308008]]]}},{"type":"Feature","properties":{},"geometry":{"type":"Polygon","coordinates":[[[5.325781,53.385742],[5.232617,53.377783],[5.190234,53.391797],[5.415137,53.431445],[5.557422,53.443555],[5.582617,53.438086],[5.325781,53.385742]]]}},{"type":"Feature","properties":{},"geometry":{"type":"Polygon","coordinates":[[[-178.988086,-17.97666],[-179.018408,-17.991797],[-179.039209,-17.988379],[-179.063818,-17.972363],[-179.079004,-17.944141],[-179.047607,-17.92041],[-178.999121,-17.947363],[-178.988086,-17.97666]]]}},{"type":"Feature","properties":{},"geometry":{"type":"Polygon","coordinates":[[[-178.761914,-18.233887],[-178.773633,-18.252441],[-178.827344,-18.222168],[-178.8479,-18.202051],[-178.790869,-18.186328],[-178.763086,-18.191406],[-178.761914,-18.233887]]]}},{"type":"Feature","properties":{},"geometry":{"type":"Polygon","coordinates":[[[-178.251123,-17.952734],[-178.306836,-17.963281],[-178.357227,-17.920898],[-178.325391,-17.875781],[-178.280322,-17.886426],[-178.25459,-17.92998],[-178.251123,-17.952734]]]}},{"type":"Feature","properties":{},"geometry":{"type":"Polygon","coordinates":[[[-151.466602,-16.65752],[-151.484912,-16.665137],[-151.50415,-16.646973],[-151.512402,-16.619043],[-151.505762,-16.574023],[-151.457422,-16.603711],[-151.438086,-16.623438],[-151.466602,-16.65752]]]}},{"type":"Feature","properties":{},"geometry":{"type":"Polygon","coordinates":[[[-149.813672,-17.54502],[-149.844922,-17.571094],[-149.886572,-17.552832],[-149.905127,-17.527734],[-149.911816,-17.501172],[-149.902148,-17.469531],[-149.808789,-17.473926],[-149.782422,-17.487793],[-149.813672,-17.54502]]]}},{"type":"Feature","properties":{},"geometry":{"type":"Polygon","coordinates":[[[-120.306592,34.024854],[-120.359717,34.022266],[-120.441553,34.03291],[-120.412939,34.056299],[-120.367725,34.073291],[-120.35332,34.060596],[-120.306592,34.024854]]]}},{"type":"Feature","properties":{},"geometry":{"type":"Polygon","coordinates":[[[-119.438037,33.217187],[-119.48252,33.215332],[-119.543652,33.224609],[-119.575195,33.27832],[-119.525146,33.282031],[-119.478809,33.274609],[-119.442041,33.232422],[-119.438037,33.217187]]]}},{"type":"Feature","properties":{},"geometry":{"type":"Polygon","coordinates":[[[-67.575195,-55.889648],[-67.611426,-55.891699],[-67.699512,-55.873145],[-67.831543,-55.864844],[-67.846436,-55.857227],[-67.849707,-55.842578],[-67.834082,-55.827539],[-67.762061,-55.816113],[-67.544824,-55.825977],[-67.517285,-55.832813],[-67.509814,-55.844336],[-67.545264,-55.877441],[-67.575195,-55.889648]]]}},{"type":"Feature","properties":{},"geometry":{"type":"Polygon","coordinates":[[[-69.899121,12.452002],[-69.895703,12.422998],[-69.942187,12.438525],[-70.00415,12.500488],[-70.066113,12.546973],[-70.050879,12.59707],[-70.035107,12.614111],[-69.973145,12.567627],[-69.911816,12.480469],[-69.899121,12.452002]]]}},{"type":"Feature","properties":{},"geometry":{"type":"Polygon","coordinates":[[[-65.2125,10.906445],[-65.266406,10.883984],[-65.365234,10.906445],[-65.414648,10.937891],[-65.383203,10.973828],[-65.302344,10.973828],[-65.226562,10.930225],[-65.2125,10.906445]]]}},{"type":"Feature","properties":{},"geometry":{"type":"Polygon","coordinates":[[[-72.80459,18.777686],[-72.822217,18.707129],[-73.077979,18.790918],[-73.285254,18.896729],[-73.276416,18.954053],[-73.170605,18.967285],[-73.069141,18.932031],[-72.919238,18.861475],[-72.80459,18.777686]]]}},{"type":"Feature","properties":{},"geometry":{"type":"Polygon","coordinates":[[[-25.027344,36.959961],[-25.031543,36.941553],[-25.088379,36.948877],[-25.159912,36.943359],[-25.198389,36.996533],[-25.163525,37.018555],[-25.08291,37.024023],[-25.044336,37.000195],[-25.027344,36.959961]]]}},{"type":"Feature","properties":{},"geometry":{"type":"Polygon","coordinates":[[[16.650684,42.996582],[16.835547,42.968652],[16.971094,42.981494],[17.093652,42.964355],[17.169824,42.932617],[17.188281,42.917041],[17.089355,42.914893],[16.977539,42.927783],[16.850684,42.895508],[16.738867,42.912744],[16.696387,42.933691],[16.666309,42.959912],[16.650684,42.996582]]]}},{"type":"Feature","properties":{},"geometry":{"type":"Polygon","coordinates":[[[17.194043,43.125781],[17.124121,43.11543],[16.679199,43.123145],[16.549805,43.143896],[16.405859,43.197363],[16.376465,43.21377],[16.521387,43.229248],[16.655957,43.21377],[16.697266,43.174951],[17.061133,43.143896],[17.194043,43.125781]]]}},{"type":"Feature","properties":{},"geometry":{"type":"Polygon","coordinates":[[[16.785254,43.270654],[16.627441,43.268066],[16.490332,43.286182],[16.423145,43.317236],[16.428125,43.343408],[16.448926,43.387061],[16.601562,43.381885],[16.834375,43.35083],[16.891309,43.314648],[16.873633,43.297949],[16.785254,43.270654]]]}},{"type":"Feature","properties":{},"geometry":{"type":"Polygon","coordinates":[[[-2.512305,49.494531],[-2.547363,49.428711],[-2.639014,49.450928],[-2.646143,49.468213],[-2.542187,49.506592],[-2.520898,49.506299],[-2.512305,49.494531]]]}},{"type":"Feature","properties":{},"geometry":{"type":"Polygon","coordinates":[[[-2.018652,49.23125],[-2.009912,49.180811],[-2.05376,49.169824],[-2.091016,49.187402],[-2.165674,49.187402],[-2.23584,49.176367],[-2.220508,49.266357],[-2.082227,49.255371],[-2.018652,49.23125]]]}},{"type":"Feature","properties":{},"geometry":{"type":"Polygon","coordinates":[[[145.708398,18.7625],[145.678125,18.725244],[145.652539,18.752637],[145.645508,18.806787],[145.690137,18.801611],[145.706641,18.790479],[145.708398,18.7625]]]}},{"type":"Feature","properties":{},"geometry":{"type":"Polygon","coordinates":[[[145.712109,16.339111],[145.690234,16.332129],[145.658301,16.335791],[145.636035,16.351514],[145.631055,16.377979],[145.695508,16.379639],[145.719531,16.359766],[145.712109,16.339111]]]}},{"type":"Feature","properties":{},"geometry":{"type":"Polygon","coordinates":[[[145.264844,14.158105],[145.215332,14.111328],[145.17959,14.120996],[145.157422,14.136914],[145.152148,14.163623],[145.232422,14.189453],[145.26543,14.180225],[145.264844,14.158105]]]}},{"type":"Feature","properties":{},"geometry":{"type":"Polygon","coordinates":[[[-59.787598,43.9396],[-59.922266,43.903906],[-60.037744,43.906641],[-60.114258,43.939111],[-60.11748,43.953369],[-59.936035,43.9396],[-59.866357,43.947168],[-59.727148,44.002832],[-59.787598,43.9396]]]}},{"type":"Feature","properties":{},"geometry":{"type":"Polygon","coordinates":[[[-97.014355,27.901611],[-97.036035,27.89917],[-96.987646,27.981055],[-96.978662,28.013867],[-96.899316,28.11748],[-96.857422,28.13291],[-96.839746,28.088818],[-96.921338,28.016016],[-97.014355,27.901611]]]}},{"type":"Feature","properties":{},"geometry":{"type":"Polygon","coordinates":[[[-88.889307,29.712598],[-88.943604,29.660254],[-88.941113,29.680225],[-88.901172,29.732617],[-88.872656,29.752979],[-88.889307,29.712598]]]}},{"type":"Feature","properties":{},"geometry":{"type":"Polygon","coordinates":[[[-88.558105,30.215918],[-88.570654,30.204785],[-88.659229,30.225586],[-88.713086,30.244922],[-88.722852,30.264258],[-88.573975,30.22915],[-88.558105,30.215918]]]}},{"type":"Feature","properties":{},"geometry":{"type":"Polygon","coordinates":[[[-88.071338,30.252344],[-88.159326,30.230908],[-88.289746,30.23291],[-88.31626,30.24043],[-88.263916,30.254736],[-88.109375,30.27373],[-88.071338,30.252344]]]}},{"type":"Feature","properties":{},"geometry":{"type":"Polygon","coordinates":[[[-63.012305,18.04541],[-63.023047,18.019189],[-63.09043,18.041406],[-63.124707,18.064307],[-63.11499,18.090723],[-63.063086,18.115332],[-63.024805,18.113086],[-63.009424,18.104297],[-63.012305,18.04541]]]}},{"type":"Feature","properties":{},"geometry":{"type":"Polygon","coordinates":[[[-65.425586,18.105615],[-65.504004,18.099512],[-65.555078,18.107666],[-65.572217,18.137305],[-65.477148,18.165039],[-65.366211,18.161084],[-65.302686,18.144385],[-65.294873,18.13335],[-65.425586,18.105615]]]}},{"type":"Feature","properties":{},"geometry":{"type":"Polygon","coordinates":[[[-62.532227,17.121875],[-62.582422,17.100586],[-62.624902,17.12959],[-62.615283,17.199121],[-62.574707,17.201025],[-62.53418,17.170117],[-62.532227,17.121875]]]}},{"type":"Feature","properties":{},"geometry":{"type":"Polygon","coordinates":[[[-64.395215,18.4646],[-64.421143,18.457422],[-64.438037,18.458984],[-64.44375,18.473389],[-64.426074,18.513086],[-64.324658,18.51748],[-64.395215,18.4646]]]}},{"type":"Feature","properties":{},"geometry":{"type":"Polygon","coordinates":[[[-64.659814,18.354346],[-64.725977,18.327881],[-64.770605,18.331592],[-64.787695,18.341113],[-64.752441,18.371973],[-64.659814,18.354346]]]}},{"type":"Feature","properties":{},"geometry":{"type":"Polygon","coordinates":[[[-64.593652,18.402832],[-64.671826,18.399121],[-64.695117,18.41167],[-64.650977,18.442529],[-64.569141,18.446289],[-64.545166,18.438135],[-64.593652,18.402832]]]}},{"type":"Feature","properties":{},"geometry":{"type":"Polygon","coordinates":[[[-64.765625,17.794336],[-64.681836,17.750195],[-64.580469,17.750195],[-64.686279,17.706104],[-64.889111,17.701709],[-64.884717,17.772266],[-64.765625,17.794336]]]}},{"type":"Feature","properties":{},"geometry":{"type":"Polygon","coordinates":[[[-77.347559,25.013867],[-77.460498,24.993115],[-77.541211,25.013574],[-77.561914,25.030029],[-77.527344,25.057666],[-77.45127,25.080713],[-77.329102,25.083008],[-77.275586,25.055762],[-77.269141,25.043848],[-77.347559,25.013867]]]}},{"type":"Feature","properties":{},"geometry":{"type":"Polygon","coordinates":[[[-81.044189,24.716797],[-81.08999,24.693115],[-81.137354,24.710498],[-81.085254,24.73418],[-80.930469,24.759473],[-80.988916,24.727881],[-81.044189,24.716797]]]}},{"type":"Feature","properties":{},"geometry":{"type":"Polygon","coordinates":[[[114.232031,22.210547],[114.207227,22.195166],[114.13877,22.268359],[114.134473,22.292236],[114.187402,22.296631],[114.246875,22.263574],[114.243555,22.233545],[114.232031,22.210547]]]}},{"type":"Feature","properties":{},"geometry":{"type":"Polygon","coordinates":[[[-76.54624,34.654883],[-76.568506,34.652539],[-76.607812,34.663574],[-76.661963,34.684668],[-76.673926,34.700146],[-76.622266,34.694531],[-76.54624,34.654883]]]}},{"type":"Feature","properties":{},"geometry":{"type":"Polygon","coordinates":[[[-175.161914,-21.169336],[-175.147656,-21.169434],[-175.131934,-21.139746],[-175.078174,-21.129004],[-175.084082,-21.160742],[-175.156592,-21.263672],[-175.202344,-21.223438],[-175.335449,-21.157715],[-175.362354,-21.106836],[-175.318066,-21.068262],[-175.322607,-21.099316],[-175.300439,-21.113379],[-175.225391,-21.11875],[-175.158008,-21.146484],[-175.199756,-21.155664],[-175.161914,-21.169336]]]}},{"type":"Feature","properties":{},"geometry":{"type":"Polygon","coordinates":[[[52.682422,45.411816],[52.664844,45.401318],[52.59834,45.428174],[52.554297,45.473975],[52.608887,45.528027],[52.65957,45.518066],[52.692969,45.460742],[52.682422,45.411816]]]}},{"type":"Feature","properties":{},"geometry":{"type":"Polygon","coordinates":[[[47.983008,45.488232],[47.967676,45.469971],[47.920313,45.562061],[47.917578,45.618164],[47.947168,45.64707],[47.987109,45.554053],[47.983008,45.488232]]]}},{"type":"Feature","properties":{},"geometry":{"type":"Polygon","coordinates":[[[-58.438818,-52.011035],[-58.432715,-52.099023],[-58.512842,-52.071094],[-58.541406,-52.028418],[-58.49707,-51.999414],[-58.460547,-52.001563],[-58.438818,-52.011035]]]}},{"type":"Feature","properties":{},"geometry":{"type":"Polygon","coordinates":[[[42.590234,15.303418],[42.558691,15.281201],[42.549023,15.320068],[42.569727,15.407324],[42.602344,15.43252],[42.624512,15.367969],[42.610449,15.332275],[42.590234,15.303418]]]}},{"type":"Feature","properties":{},"geometry":{"type":"Polygon","coordinates":[[[40.076465,16.082422],[40.110059,15.985742],[40.012402,16.022656],[39.996094,16.042676],[40.039062,16.080957],[40.048145,16.104492],[40.076465,16.082422]]]}},{"type":"Feature","properties":{},"geometry":{"type":"Polygon","coordinates":[[[36.90166,25.383057],[36.875195,25.383057],[36.805078,25.450732],[36.763867,25.500586],[36.72207,25.534033],[36.530273,25.601562],[36.504297,25.645117],[36.533594,25.688721],[36.554102,25.645361],[36.58877,25.619824],[36.747559,25.55874],[36.924414,25.425537],[36.954785,25.414648],[36.90166,25.383057]]]}},{"type":"Feature","properties":{},"geometry":{"type":"Polygon","coordinates":[[[36.595508,25.712793],[36.586133,25.699219],[36.543945,25.734277],[36.546484,25.811621],[36.582715,25.855518],[36.579883,25.79541],[36.595605,25.734863],[36.595508,25.712793]]]}},{"type":"Feature","properties":{},"geometry":{"type":"Polygon","coordinates":[[[101.318555,2.988477],[101.268066,2.97041],[101.26543,2.996484],[101.274219,3.032812],[101.31123,3.067383],[101.328418,3.047607],[101.318555,2.988477]]]}},{"type":"Feature","properties":{},"geometry":{"type":"Polygon","coordinates":[[[134.716113,-6.549414],[134.66084,-6.558887],[134.633691,-6.477246],[134.679102,-6.456055],[134.728516,-6.505859],[134.716113,-6.549414]]]}},{"type":"Feature","properties":{},"geometry":{"type":"Polygon","coordinates":[[[123.597559,-1.704297],[123.528613,-1.71084],[123.48252,-1.681445],[123.486621,-1.534863],[123.528516,-1.502832],[123.548535,-1.508203],[123.561328,-1.551855],[123.582031,-1.590918],[123.616406,-1.627441],[123.597559,-1.704297]]]}},{"type":"Feature","properties":{},"geometry":{"type":"Polygon","coordinates":[[[126.753027,34.343994],[126.769922,34.296436],[126.689063,34.30542],[126.646094,34.351123],[126.651855,34.390332],[126.7,34.395898],[126.753027,34.343994]]]}},{"type":"Feature","properties":{},"geometry":{"type":"Polygon","coordinates":[[[152.885938,76.121729],[152.786328,76.085791],[152.558594,76.143604],[152.642773,76.174805],[152.799414,76.194824],[152.835059,76.185156],[152.86377,76.163428],[152.885938,76.121729]]]}},{"type":"Feature","properties":{},"geometry":{"type":"Polygon","coordinates":[[[67.344922,69.529834],[67.263965,69.442529],[67.097852,69.447168],[67.047266,69.467041],[67.025879,69.483203],[67.216113,69.575391],[67.328906,69.572119],[67.344922,69.529834]]]}},{"type":"Feature","properties":{},"geometry":{"type":"Polygon","coordinates":[[[66.560938,70.541748],[66.568555,70.501465],[66.51582,70.514893],[66.448633,70.561035],[66.407617,70.615771],[66.394824,70.727295],[66.418164,70.757129],[66.440234,70.772656],[66.462891,70.769336],[66.457715,70.698779],[66.560938,70.541748]]]}},{"type":"Feature","properties":{},"geometry":{"type":"Polygon","coordinates":[[[55.479688,80.273828],[55.195117,80.226807],[55.048438,80.228369],[54.979688,80.256445],[55.091602,80.295557],[55.240039,80.325391],[55.353223,80.317676],[55.434766,80.302246],[55.479688,80.273828]]]}},{"type":"Feature","properties":{},"geometry":{"type":"Polygon","coordinates":[[[18.416211,59.029102],[18.371875,59.01958],[18.349902,59.022607],[18.377246,59.069043],[18.397559,59.089111],[18.464941,59.107861],[18.485547,59.10459],[18.416211,59.029102]]]}},{"type":"Feature","properties":{},"geometry":{"type":"Polygon","coordinates":[[[18.59541,59.470361],[18.570312,59.437256],[18.545117,59.477832],[18.555176,59.485791],[18.572363,59.52583],[18.620898,59.547803],[18.698438,59.534619],[18.697949,59.524609],[18.623828,59.492188],[18.59541,59.470361]]]}},{"type":"Feature","properties":{},"geometry":{"type":"Polygon","coordinates":[[[-122.853076,47.204736],[-122.862598,47.185059],[-122.876758,47.186133],[-122.907959,47.226123],[-122.911914,47.254346],[-122.885107,47.274707],[-122.84917,47.216309],[-122.853076,47.204736]]]}},{"type":"Feature","properties":{},"geometry":{"type":"Polygon","coordinates":[[[105.725391,-10.492969],[105.696875,-10.56416],[105.644336,-10.525],[105.584082,-10.5125],[105.595703,-10.459668],[105.645508,-10.452246],[105.669824,-10.449414],[105.705469,-10.430664],[105.725391,-10.492969]]]}},{"type":"Feature","properties":{},"geometry":{"type":"Polygon","coordinates":[[[-86.419922,16.378369],[-86.580273,16.300244],[-86.63042,16.301758],[-86.556934,16.362109],[-86.438281,16.413867],[-86.337842,16.439209],[-86.255518,16.428223],[-86.419922,16.378369]]]}},{"type":"Feature","properties":{},"geometry":{"type":"Polygon","coordinates":[[[163.975977,-74.832715],[163.844629,-74.832715],[163.763379,-74.802832],[163.737207,-74.733789],[163.741699,-74.711523],[164.002344,-74.628906],[164.208496,-74.607715],[164.098242,-74.731934],[164.05918,-74.752734],[163.975977,-74.832715]]]}},{"type":"Feature","properties":{},"geometry":{"type":"Polygon","coordinates":[[[164.833594,-67.54043],[164.746289,-67.568848],[164.69209,-67.560059],[164.638965,-67.500098],[164.696289,-67.407813],[164.675195,-67.288867],[164.683984,-67.259375],[164.825,-67.326074],[164.850098,-67.363672],[164.907227,-67.418555],[164.918652,-67.447461],[164.860449,-67.503906],[164.833594,-67.54043]]]}},{"type":"Feature","properties":{},"geometry":{"type":"Polygon","coordinates":[[[167.642773,-78.141406],[167.51748,-78.216016],[167.376953,-78.249023],[166.93623,-78.222461],[166.625977,-78.284277],[166.284863,-78.306445],[166.121875,-78.274609],[166.050586,-78.213379],[166.0125,-78.13125],[166.012891,-78.101953],[166.111133,-78.089648],[166.56709,-78.148047],[166.759863,-78.197949],[166.863672,-78.196387],[167.137891,-78.12998],[167.364063,-78.045801],[167.422363,-78.006445],[167.497852,-77.992383],[167.593848,-78.022266],[167.639844,-78.111719],[167.642773,-78.141406]]]}},{"type":"Feature","properties":{},"geometry":{"type":"Polygon","coordinates":[[[163.301953,-66.821191],[163.283594,-66.881934],[163.23457,-66.867969],[163.163867,-66.819141],[163.089648,-66.700586],[163.156152,-66.688477],[163.237891,-66.708789],[163.271094,-66.767578],[163.299121,-66.798438],[163.301953,-66.821191]]]}},{"type":"Feature","properties":{},"geometry":{"type":"Polygon","coordinates":[[[167.084082,-77.32168],[167.460938,-77.394336],[168.450781,-77.386133],[169.275586,-77.454688],[169.352734,-77.524707],[169.117285,-77.560547],[168.75459,-77.65332],[168.518848,-77.68125],[168.322559,-77.68252],[167.917578,-77.644141],[167.392285,-77.648633],[167.279492,-77.702637],[167.025098,-77.756445],[166.729004,-77.850977],[166.650391,-77.774023],[166.53252,-77.700391],[166.236816,-77.547461],[166.216797,-77.524609],[166.378418,-77.494043],[166.458008,-77.44375],[166.626367,-77.376758],[166.607129,-77.335547],[166.469043,-77.288867],[166.413086,-77.251953],[166.506348,-77.189355],[166.716406,-77.161719],[166.987305,-77.186523],[167.106836,-77.270605],[167.084961,-77.307422],[167.084082,-77.32168]]]}},{"type":"Feature","properties":{},"geometry":{"type":"Polygon","coordinates":[[[169.843652,-73.60498],[169.70918,-73.625293],[169.522363,-73.561523],[169.479492,-73.539453],[169.659375,-73.418066],[169.64541,-73.379102],[169.671875,-73.346094],[169.740039,-73.32041],[169.783203,-73.324219],[169.886523,-73.458691],[169.960352,-73.514355],[169.858789,-73.568066],[169.843652,-73.60498]]]}},{"type":"Feature","properties":{},"geometry":{"type":"Polygon","coordinates":[[[162.968066,-75.56709],[162.788281,-75.696191],[162.661914,-75.691895],[162.591211,-75.668555],[162.72002,-75.59668],[162.842383,-75.566211],[162.916992,-75.557324],[162.968066,-75.56709]]]}},{"type":"Feature","properties":{},"geometry":{"type":"Polygon","coordinates":[[[100.981445,-65.677539],[100.546875,-65.70127],[100.512305,-65.675391],[100.350586,-65.672949],[100.292578,-65.65127],[100.270312,-65.60332],[100.324121,-65.520703],[100.409375,-65.465625],[100.545117,-65.408984],[100.606934,-65.396387],[100.883398,-65.378125],[101.078711,-65.402539],[101.220605,-65.472266],[101.258984,-65.527637],[101.238379,-65.564551],[100.981445,-65.677539]]]}},{"type":"Feature","properties":{},"geometry":{"type":"Polygon","coordinates":[[[85.822363,-66.95332],[85.650098,-66.979688],[85.622266,-66.965332],[85.617383,-66.950879],[85.358789,-66.854297],[85.314453,-66.775977],[85.340332,-66.72334],[85.552832,-66.728516],[85.80625,-66.774609],[85.937695,-66.894141],[85.822363,-66.95332]]]}},{"type":"Feature","properties":{},"geometry":{"type":"Polygon","coordinates":[[[92.601367,-65.808301],[92.470508,-65.82168],[92.333008,-65.807227],[92.262793,-65.760059],[92.248145,-65.739941],[92.301465,-65.706738],[92.496387,-65.702148],[92.633789,-65.730664],[92.664551,-65.760449],[92.669629,-65.774805],[92.601367,-65.808301]]]}},{"type":"Feature","properties":{},"geometry":{"type":"Polygon","coordinates":[[[86.541797,-66.76748],[86.42666,-66.791992],[86.337012,-66.787598],[86.232227,-66.73291],[86.277734,-66.69668],[86.383301,-66.674805],[86.520605,-66.686914],[86.556738,-66.705762],[86.651953,-66.718164],[86.541797,-66.76748]]]}},{"type":"Feature","properties":{},"geometry":{"type":"Polygon","coordinates":[[[85.328516,-66.611914],[85.222461,-66.643457],[85.136133,-66.637109],[85.07959,-66.604297],[85.06875,-66.583789],[85.121094,-66.518555],[85.164746,-66.521582],[85.193945,-66.556055],[85.328516,-66.611914]]]}},{"type":"Feature","properties":{},"geometry":{"type":"Polygon","coordinates":[[[69.918359,-71.917773],[69.791992,-72.04668],[69.743555,-72.044141],[69.692578,-71.968262],[69.737109,-71.921973],[69.796094,-71.893945],[69.895215,-71.907813],[69.918359,-71.917773]]]}},{"type":"Feature","properties":{},"geometry":{"type":"Polygon","coordinates":[[[68.461719,-72.300098],[68.408887,-72.300195],[68.436133,-72.260449],[68.566309,-72.190137],[68.66709,-72.103125],[68.729297,-72.08916],[68.84043,-72.16543],[68.817188,-72.228711],[68.669531,-72.275977],[68.461719,-72.300098]]]}},{"type":"Feature","properties":{},"geometry":{"type":"Polygon","coordinates":[[[96.612695,-66.03584],[96.727344,-66.06084],[96.931641,-66.058398],[97.005566,-66.096777],[97.018848,-66.139453],[97.015625,-66.163965],[96.933984,-66.200781],[96.394531,-66.225],[96.307031,-66.18584],[96.398828,-66.080176],[96.499805,-66.045898],[96.612695,-66.03584]]]}},{"type":"Feature","properties":{},"geometry":{"type":"Polygon","coordinates":[[[72.002246,-70.632617],[71.929004,-70.633008],[71.841211,-70.621973],[71.725781,-70.549121],[71.659375,-70.497461],[71.637109,-70.443555],[71.646582,-70.336328],[71.705078,-70.284375],[71.796582,-70.264258],[71.837988,-70.312207],[71.851172,-70.367676],[71.87998,-70.405566],[72,-70.456836],[72.055664,-70.500977],[72.073438,-70.524512],[72.097363,-70.574609],[72.078125,-70.609082],[72.002246,-70.632617]]]}},{"type":"Feature","properties":{},"geometry":{"type":"Polygon","coordinates":[[[162.611426,-66.477344],[162.557129,-66.525098],[162.511328,-66.520117],[162.302734,-66.399707],[162.32627,-66.347461],[162.297266,-66.303711],[162.302051,-66.264648],[162.310547,-66.25127],[162.563281,-66.432617],[162.611426,-66.477344]]]}},{"type":"Feature","properties":{},"geometry":{"type":"Polygon","coordinates":[[[100.264746,-66.216602],[100.133203,-66.229492],[100.082031,-66.202734],[100.07627,-66.188086],[100.174414,-66.131055],[100.290527,-66.112402],[100.281543,-66.17998],[100.264746,-66.216602]]]}},{"type":"Feature","properties":{},"geometry":{"type":"Polygon","coordinates":[[[98.846094,-66.469824],[98.751758,-66.481641],[98.655078,-66.45332],[98.605176,-66.399902],[98.596484,-66.382617],[98.748633,-66.369238],[98.949805,-66.420508],[98.846094,-66.469824]]]}},{"type":"Feature","properties":{},"geometry":{"type":"Polygon","coordinates":[[[103.397266,-65.445312],[103.337207,-65.468555],[103.175977,-65.454688],[103.138477,-65.435059],[103.124219,-65.338379],[103.112793,-65.312012],[103.054395,-65.285352],[102.78877,-65.235938],[102.75957,-65.167871],[102.796094,-65.136328],[102.892871,-65.129688],[103.136816,-65.190625],[103.19082,-65.237109],[103.181738,-65.307715],[103.186133,-65.330566],[103.261035,-65.377344],[103.378906,-65.426465],[103.397266,-65.445312]]]}},{"type":"Feature","properties":{},"geometry":{"type":"Polygon","coordinates":[[[-147.588281,-76.649805],[-147.578857,-76.662793],[-147.729639,-76.653418],[-147.954297,-76.597168],[-148.001074,-76.577148],[-147.899707,-76.558008],[-147.769678,-76.576855],[-147.649121,-76.61084],[-147.588281,-76.649805]]]}},{"type":"Feature","properties":{},"geometry":{"type":"Polygon","coordinates":[[[-145.238086,-75.71123],[-145.348389,-75.716113],[-145.541162,-75.692676],[-146.042773,-75.611914],[-146.15083,-75.573535],[-146.075732,-75.533398],[-145.895508,-75.504785],[-145.760791,-75.513867],[-145.417383,-75.587988],[-145.31543,-75.641406],[-145.252246,-75.682813],[-145.238086,-75.71123]]]}},{"type":"Feature","properties":{},"geometry":{"type":"Polygon","coordinates":[[[-146.606738,-76.961328],[-146.981445,-77.005664],[-147.078906,-76.992773],[-147.044141,-76.929688],[-147.101465,-76.886523],[-147.115625,-76.866211],[-147.08667,-76.837305],[-146.866504,-76.837109],[-146.244385,-76.883105],[-146.163965,-76.948535],[-146.606738,-76.961328]]]}},{"type":"Feature","properties":{},"geometry":{"type":"Polygon","coordinates":[[[-132.39126,-74.441895],[-132.546289,-74.498438],[-132.857178,-74.461719],[-132.831689,-74.421582],[-132.55249,-74.386621],[-132.362305,-74.409961],[-132.39126,-74.441895]]]}},{"type":"Feature","properties":{},"geometry":{"type":"Polygon","coordinates":[[[-148.59585,-77.006836],[-149.014648,-77.019141],[-149.244824,-76.993066],[-149.302539,-76.91582],[-149.238086,-76.900195],[-148.704102,-76.935645],[-148.508936,-76.95459],[-148.439746,-76.977148],[-148.474316,-76.997754],[-148.59585,-77.006836]]]}},{"type":"Feature","properties":{},"geometry":{"type":"Polygon","coordinates":[[[-149.333252,-76.717383],[-148.92793,-76.730078],[-148.662598,-76.720508],[-148.38418,-76.744434],[-148.320801,-76.77168],[-148.370947,-76.794922],[-148.669531,-76.802051],[-148.8146,-76.840723],[-148.983887,-76.845313],[-149.238477,-76.817773],[-149.468945,-76.757129],[-149.333252,-76.717383]]]}},{"type":"Feature","properties":{},"geometry":{"type":"Polygon","coordinates":[[[-131.066699,-74.583789],[-131.178906,-74.604785],[-131.597949,-74.553711],[-131.840869,-74.542578],[-131.95249,-74.514355],[-132.025098,-74.488672],[-132.049316,-74.463867],[-132.162646,-74.425781],[-131.937793,-74.349121],[-131.762695,-74.323828],[-131.594092,-74.329688],[-131.559619,-74.367285],[-131.233887,-74.413574],[-130.981104,-74.414062],[-130.956787,-74.45625],[-130.967285,-74.515039],[-131.066699,-74.583789]]]}},{"type":"Feature","properties":{},"geometry":{"type":"Polygon","coordinates":[[[-119.548926,-74.110254],[-119.75835,-74.12207],[-119.820996,-74.119629],[-119.887207,-74.097266],[-119.905127,-74.081543],[-119.79668,-74.029199],[-119.69375,-74.006152],[-119.661572,-73.989355],[-119.802588,-73.814648],[-119.669043,-73.809277],[-119.516357,-73.774902],[-119.216211,-73.777637],[-118.959277,-73.809473],[-118.909814,-73.834277],[-118.877344,-73.878027],[-118.989795,-73.966992],[-119.058594,-73.997656],[-119.448535,-74.076172],[-119.548926,-74.110254]]]}},{"type":"Feature","properties":{},"geometry":{"type":"Polygon","coordinates":[[[-116.738623,-74.165039],[-117.230322,-74.192773],[-117.362988,-74.160938],[-117.398291,-74.122461],[-117.376465,-74.082813],[-116.381299,-73.865527],[-116.202686,-73.895605],[-116.15498,-73.910449],[-116.451416,-74.017676],[-116.58457,-74.055566],[-116.608643,-74.068555],[-116.53418,-74.083301],[-116.514111,-74.095508],[-116.570898,-74.125684],[-116.738623,-74.165039]]]}},{"type":"Feature","properties":{},"geometry":{"type":"Polygon","coordinates":[[[-127.36582,-74.622656],[-127.517725,-74.640527],[-127.81709,-74.574609],[-127.915234,-74.542578],[-128.000049,-74.489453],[-128.070459,-74.478223],[-128.09624,-74.466211],[-128.133447,-74.327441],[-128.042871,-74.312207],[-127.852979,-74.331836],[-127.486426,-74.405273],[-127.229736,-74.425195],[-127.145166,-74.480176],[-127.231934,-74.578418],[-127.36582,-74.622656]]]}},{"type":"Feature","properties":{},"geometry":{"type":"Polygon","coordinates":[[[-149.218115,-77.336328],[-148.928857,-77.386816],[-149.438672,-77.370605],[-149.662354,-77.300977],[-149.518652,-77.274707],[-149.375439,-77.27998],[-149.249121,-77.315039],[-149.218115,-77.336328]]]}},{"type":"Feature","properties":{},"geometry":{"type":"Polygon","coordinates":[[[-161.993799,-83.11875],[-162.304932,-83.141797],[-163.046533,-83.096777],[-163.242139,-83.059668],[-163.348389,-83.021582],[-163.5521,-82.987695],[-163.601758,-82.968555],[-163.602197,-82.927344],[-163.634326,-82.902246],[-163.703906,-82.879297],[-163.735303,-82.856836],[-163.795947,-82.842676],[-162.798486,-82.864844],[-162.410596,-82.899219],[-162.339795,-82.922754],[-161.635156,-83.026953],[-161.828223,-83.042578],[-161.993799,-83.11875]]]}},{"type":"Feature","properties":{},"geometry":{"type":"Polygon","coordinates":[[[-150.23252,-76.776465],[-150.655176,-76.788965],[-150.830469,-76.761523],[-150.873535,-76.736719],[-150.837646,-76.71416],[-150.177393,-76.691309],[-150.103564,-76.718848],[-150.084766,-76.735156],[-150.23252,-76.776465]]]}},{"type":"Feature","properties":{},"geometry":{"type":"Polygon","coordinates":[[[-146.690137,-76.246387],[-146.894482,-76.260938],[-147.150928,-76.197461],[-147.34541,-76.14668],[-147.407764,-76.10459],[-147.420898,-76.090234],[-147.418066,-76.073438],[-147.360645,-76.062793],[-146.949023,-76.098145],[-146.690137,-76.246387]]]}},{"type":"Feature","properties":{},"geometry":{"type":"Polygon","coordinates":[[[-146.790039,-76.633105],[-146.907813,-76.714063],[-147.221338,-76.670898],[-147.355322,-76.618848],[-147.278613,-76.552539],[-147.135303,-76.531543],[-146.947461,-76.55498],[-146.877881,-76.563281],[-146.790039,-76.633105]]]}},{"type":"Feature","properties":{},"geometry":{"type":"Polygon","coordinates":[[[-160.467139,-81.589453],[-160.570996,-81.597852],[-163.253076,-81.482422],[-163.766064,-81.444824],[-163.890137,-81.423633],[-163.939258,-81.404102],[-163.951221,-81.390918],[-163.930029,-81.352148],[-163.868994,-81.324023],[-163.200635,-81.281445],[-162.456494,-81.313281],[-161.558594,-81.39668],[-160.937891,-81.463477],[-160.616895,-81.52207],[-160.485449,-81.566992],[-160.467139,-81.589453]]]}},{"type":"Feature","properties":{},"geometry":{"type":"Polygon","coordinates":[[[-150.39707,-77.369141],[-150.474854,-77.37373],[-151.344482,-77.296289],[-151.511621,-77.27334],[-151.218018,-77.226465],[-151.021533,-77.22002],[-150.499121,-77.335059],[-150.35625,-77.349023],[-150.39707,-77.369141]]]}},{"type":"Feature","properties":{},"geometry":{"type":"Polygon","coordinates":[[[-153.930469,-80.033301],[-154.114062,-80.036035],[-154.348828,-80.026074],[-154.529443,-80.000488],[-154.94165,-79.966309],[-155.044775,-79.899805],[-155.525342,-79.846484],[-155.751172,-79.82959],[-155.674268,-79.765527],[-155.162207,-79.850684],[-154.535107,-79.935547],[-154.025391,-79.987695],[-153.930469,-80.033301]]]}},{"type":"Feature","properties":{},"geometry":{"type":"Polygon","coordinates":[[[-149.230664,-77.120508],[-149.293457,-77.136621],[-149.728613,-77.128516],[-149.816895,-77.11416],[-149.856348,-77.099414],[-150.461816,-77.075684],[-150.735791,-77.004297],[-150.788525,-76.981641],[-150.680225,-76.948438],[-150.475781,-76.926074],[-150.393311,-76.89873],[-149.870605,-76.875],[-149.789844,-76.889258],[-149.742578,-76.927051],[-149.505762,-77.00166],[-149.441748,-77.049219],[-149.416406,-77.078906],[-149.28833,-77.093164],[-149.230664,-77.120508]]]}},{"type":"Feature","properties":{},"geometry":{"type":"Polygon","coordinates":[[[-157.9875,-82.10498],[-158.076221,-82.112012],[-158.154102,-82.058496],[-158.545312,-81.948828],[-158.773193,-81.875488],[-158.926318,-81.818652],[-158.988721,-81.779297],[-158.913721,-81.779785],[-158.346729,-81.900488],[-158.26084,-81.947266],[-157.83457,-82.030762],[-157.9875,-82.10498]]]}},{"type":"Feature","properties":{},"geometry":{"type":"Polygon","coordinates":[[[-5.894092,-70.552246],[-6.156104,-70.611523],[-6.180859,-70.585547],[-6.266113,-70.550195],[-6.437988,-70.452637],[-6.243652,-70.445703],[-6.068262,-70.404688],[-5.971631,-70.421484],[-5.949512,-70.432227],[-5.894092,-70.552246]]]}},{"type":"Feature","properties":{},"geometry":{"type":"Polygon","coordinates":[[[3.036914,-70.597363],[2.697754,-70.623535],[2.622754,-70.593359],[2.584668,-70.53457],[2.631445,-70.500391],[3.072168,-70.381641],[3.192773,-70.392676],[3.230566,-70.402637],[3.259863,-70.448828],[3.221289,-70.519141],[3.171094,-70.553906],[3.036914,-70.597363]]]}},{"type":"Feature","properties":{},"geometry":{"type":"Polygon","coordinates":[[[-2.95498,-71.21377],[-3.060596,-71.236621],[-3.201465,-71.230273],[-3.309375,-71.200879],[-3.385645,-71.142969],[-3.403857,-71.119824],[-3.391699,-71.081152],[-3.398975,-71.062109],[-3.263037,-71.051758],[-3.212793,-71.075977],[-3.191357,-71.094824],[-2.95498,-71.21377]]]}},{"type":"Feature","properties":{},"geometry":{"type":"Polygon","coordinates":[[[1.299316,-70.255176],[1.211523,-70.381348],[1.156348,-70.378125],[1.10459,-70.304199],[0.990332,-70.224316],[0.952539,-70.168945],[0.949609,-70.094043],[1.026758,-70.049805],[1.314844,-70.022754],[1.412207,-70.040723],[1.460938,-70.135645],[1.299316,-70.255176]]]}},{"type":"Feature","properties":{},"geometry":{"type":"Polygon","coordinates":[[[-2.532812,-70.767773],[-2.423437,-70.800391],[-2.255566,-70.796094],[-2.092285,-70.820898],[-2.119043,-70.855371],[-2.212695,-70.901563],[-2.293164,-70.997949],[-2.368945,-71.044434],[-2.606738,-71.141113],[-2.783496,-71.16748],[-2.825146,-71.112695],[-2.821875,-71.056738],[-2.805176,-71.014746],[-2.800537,-70.982227],[-2.963135,-70.940332],[-2.975,-70.883301],[-3.006982,-70.851465],[-3.488965,-70.735938],[-3.574658,-70.703125],[-3.537061,-70.683301],[-3.040039,-70.674414],[-2.749805,-70.694141],[-2.532812,-70.767773]]]}},{"type":"Feature","properties":{},"geometry":{"type":"Polygon","coordinates":[[[4.525879,-70.478711],[4.365234,-70.502637],[4.179688,-70.45127],[4.12959,-70.416992],[4.076172,-70.325293],[4.069727,-70.290234],[4.111719,-70.266797],[4.256055,-70.24082],[4.49502,-70.251367],[4.58623,-70.294238],[4.617578,-70.368652],[4.589941,-70.43252],[4.525879,-70.478711]]]}},{"type":"Feature","properties":{},"geometry":{"type":"Polygon","coordinates":[[[48.545996,-66.78418],[48.37793,-66.807324],[48.304492,-66.797852],[48.295996,-66.773828],[48.293945,-66.750098],[48.300781,-66.724219],[48.357715,-66.703809],[48.637793,-66.700977],[48.751074,-66.719629],[48.782422,-66.731152],[48.785547,-66.767578],[48.774707,-66.77832],[48.545996,-66.78418]]]}},{"type":"Feature","properties":{},"geometry":{"type":"Polygon","coordinates":[[[16.222656,-70.007617],[16.159277,-70.071973],[15.844922,-69.982031],[15.663477,-69.955078],[15.613867,-69.939063],[15.570996,-69.884766],[15.562598,-69.862793],[15.596875,-69.828027],[15.699023,-69.773242],[15.90957,-69.728418],[16.246875,-69.70498],[16.573438,-69.723242],[16.625488,-69.750293],[16.31543,-69.844434],[16.222656,-70.007617]]]}},{"type":"Feature","properties":{},"geometry":{"type":"Polygon","coordinates":[[[26.857227,-70.381152],[26.792969,-70.419336],[26.608789,-70.412402],[26.470215,-70.447949],[26.357617,-70.434277],[26.005371,-70.372949],[25.964258,-70.294531],[25.954102,-70.261426],[25.98252,-70.199902],[26.301074,-70.072461],[26.425586,-70.060547],[26.604785,-70.078223],[26.68623,-70.114453],[26.737402,-70.186035],[26.874805,-70.32998],[26.857227,-70.381152]]]}},{"type":"Feature","properties":{},"geometry":{"type":"Polygon","coordinates":[[[-31.118848,-79.798438],[-30.985059,-79.818457],[-30.84082,-79.771289],[-30.861475,-79.725879],[-30.779932,-79.647363],[-30.660156,-79.733105],[-29.870898,-79.823242],[-29.614453,-79.90957],[-29.720752,-79.929883],[-29.800098,-79.925977],[-30.029004,-79.936133],[-30.422119,-80.01084],[-30.844434,-79.938477],[-31.594238,-79.887695],[-31.824121,-79.849512],[-32.000293,-79.732422],[-31.68042,-79.634277],[-31.604883,-79.644727],[-31.118848,-79.798438]]]}},{"type":"Feature","properties":{},"geometry":{"type":"Polygon","coordinates":[[[-33.93418,-79.32041],[-34.049951,-79.357129],[-36.481299,-79.294043],[-36.600781,-79.282715],[-36.565967,-79.208789],[-36.237793,-79.195703],[-36.047998,-79.181152],[-35.790234,-79.148926],[-35.597314,-79.091895],[-35.534668,-79.090039],[-34.391504,-79.222949],[-33.994727,-79.278516],[-33.947168,-79.305371],[-33.93418,-79.32041]]]}},{"type":"Feature","properties":{},"geometry":{"type":"Polygon","coordinates":[[[-3.280225,-70.533789],[-3.441895,-70.535449],[-3.490234,-70.508008],[-3.496826,-70.488379],[-3.287451,-70.344043],[-3.173242,-70.307324],[-2.949902,-70.279688],[-2.805127,-70.288477],[-2.713525,-70.320215],[-2.684375,-70.376172],[-2.682715,-70.462207],[-2.738037,-70.507031],[-3.280225,-70.533789]]]}},{"type":"Feature","properties":{},"geometry":{"type":"Polygon","coordinates":[[[-20.607422,-73.886621],[-20.654248,-74.10498],[-20.64126,-74.150586],[-20.600342,-74.196875],[-20.42334,-74.317383],[-20.411426,-74.408496],[-20.41665,-74.443359],[-20.489014,-74.492676],[-20.737012,-74.480957],[-20.817676,-74.454785],[-20.845654,-74.437793],[-20.976758,-74.225098],[-21.051221,-74.176074],[-21.166553,-74.132617],[-21.609863,-74.091797],[-22.035352,-74.106543],[-21.930371,-74.056641],[-21.288281,-73.989355],[-21.126367,-73.939844],[-21.024512,-73.880078],[-20.979199,-73.79043],[-20.867041,-73.67666],[-20.690137,-73.625195],[-20.580225,-73.619238],[-20.520703,-73.711816],[-20.520703,-73.797852],[-20.607422,-73.886621]]]}},{"type":"Feature","properties":{},"geometry":{"type":"Polygon","coordinates":[[[-16.104492,-72.679102],[-16.174805,-72.702832],[-16.317578,-72.702148],[-16.453027,-72.652344],[-16.509766,-72.582227],[-16.516553,-72.530859],[-16.455371,-72.473535],[-16.355859,-72.458594],[-16.302881,-72.478027],[-16.17251,-72.6],[-16.104492,-72.679102]]]}},{"type":"Feature","properties":{},"geometry":{"type":"Polygon","coordinates":[[[-12.508887,-72.17334],[-12.588428,-72.196094],[-12.720166,-72.187695],[-12.888428,-72.137109],[-12.943701,-72.098926],[-12.963281,-72.064453],[-12.914795,-72.014648],[-12.875488,-72.000684],[-12.788867,-72.006543],[-12.636621,-72.071289],[-12.534766,-72.140039],[-12.508887,-72.17334]]]}},{"type":"Feature","properties":{},"geometry":{"type":"Polygon","coordinates":[[[-32.342529,-79.673633],[-32.514893,-79.682813],[-32.583252,-79.658301],[-32.50083,-79.592285],[-32.376611,-79.534668],[-32.15,-79.529883],[-31.933447,-79.567871],[-31.956738,-79.603809],[-32.001172,-79.607031],[-32.342529,-79.673633]]]}},{"type":"Feature","properties":{},"geometry":{"type":"Polygon","coordinates":[[[-45.717773,-60.520898],[-45.499707,-60.546484],[-45.386279,-60.582715],[-45.357422,-60.623828],[-45.228125,-60.639746],[-45.210986,-60.648145],[-45.186377,-60.671875],[-45.172852,-60.69873],[-45.173682,-60.733008],[-45.398047,-60.649707],[-45.70918,-60.64541],[-45.780029,-60.586035],[-45.937305,-60.619922],[-45.954785,-60.597461],[-45.956299,-60.568359],[-45.934814,-60.526563],[-45.83418,-60.543457],[-45.717773,-60.520898]]]}},{"type":"Feature","properties":{},"geometry":{"type":"Polygon","coordinates":[[[-54.070703,-61.299121],[-54.11543,-61.308496],[-54.183887,-61.269727],[-54.192236,-61.246582],[-54.121973,-61.201758],[-54.049902,-61.14209],[-54.024316,-61.135254],[-54.041309,-61.255371],[-54.070703,-61.299121]]]}},{"type":"Feature","properties":{},"geometry":{"type":"Polygon","coordinates":[[[-67.261914,-79.452637],[-67.434326,-79.501172],[-68.161475,-79.478516],[-68.408105,-79.463965],[-68.548926,-79.437402],[-68.422266,-79.333203],[-68.324365,-79.298242],[-68.233008,-79.284961],[-68.032568,-79.227148],[-67.71416,-79.214063],[-67.474512,-79.222949],[-67.068652,-79.268457],[-67.172949,-79.311523],[-67.239502,-79.327637],[-67.304883,-79.394043],[-67.261914,-79.452637]]]}},{"type":"Feature","properties":{},"geometry":{"type":"Polygon","coordinates":[[[-55.16543,-61.22041],[-55.297021,-61.248535],[-55.346924,-61.211621],[-55.369141,-61.146387],[-55.440234,-61.106152],[-55.387012,-61.072656],[-54.670996,-61.116992],[-54.709961,-61.139746],[-55.057617,-61.168652],[-55.16543,-61.22041]]]}},{"type":"Feature","properties":{},"geometry":{"type":"Polygon","coordinates":[[[-55.528027,-63.173535],[-55.46626,-63.199609],[-55.215527,-63.198633],[-55.15625,-63.204785],[-55.106445,-63.249316],[-55.075195,-63.324316],[-55.156787,-63.353125],[-55.593652,-63.33584],[-55.750195,-63.29668],[-55.830469,-63.298438],[-56.009131,-63.341504],[-56.083008,-63.382617],[-56.378516,-63.437305],[-56.462842,-63.418066],[-56.499023,-63.357617],[-56.505322,-63.334277],[-56.475342,-63.318262],[-56.460547,-63.301953],[-56.465967,-63.283496],[-56.385107,-63.234082],[-56.042187,-63.157129],[-55.589648,-63.12832],[-55.528711,-63.156836],[-55.528027,-63.173535]]]}},{"type":"Feature","properties":{},"geometry":{"type":"Polygon","coordinates":[[[-55.872559,-63.535645],[-55.956738,-63.57998],[-56.178369,-63.513281],[-56.235205,-63.468848],[-56.209863,-63.436914],[-55.85791,-63.407324],[-55.761816,-63.42207],[-55.719189,-63.49209],[-55.872559,-63.535645]]]}},{"type":"Feature","properties":{},"geometry":{"type":"Polygon","coordinates":[[[-57.240479,-64.566797],[-57.32627,-64.570703],[-57.433398,-64.540234],[-57.4479,-64.488477],[-57.445898,-64.459863],[-57.365625,-64.43877],[-57.314551,-64.435352],[-57.022559,-64.352344],[-56.894727,-64.333008],[-56.951709,-64.381738],[-56.945264,-64.427246],[-56.991016,-64.467969],[-57.240479,-64.566797]]]}},{"type":"Feature","properties":{},"geometry":{"type":"Polygon","coordinates":[[[-58.837939,-62.302539],[-59.059424,-62.347754],[-59.174561,-62.301758],[-59.202441,-62.283105],[-59.063818,-62.239063],[-58.990625,-62.249219],[-58.962109,-62.263867],[-58.878662,-62.267871],[-58.837939,-62.302539]]]}},{"type":"Feature","properties":{},"geometry":{"type":"Polygon","coordinates":[[[-57.978418,-61.911914],[-57.849316,-61.939941],[-57.737988,-61.921191],[-57.676562,-61.94209],[-57.636523,-61.998242],[-57.639551,-62.02041],[-57.806689,-62.011914],[-57.962744,-62.077539],[-58.147559,-62.063477],[-58.172217,-62.117773],[-58.133105,-62.145801],[-58.183008,-62.17002],[-58.341455,-62.119434],[-58.46665,-62.137207],[-58.507324,-62.225684],[-58.561963,-62.243945],[-58.594043,-62.247754],[-58.643994,-62.225195],[-58.745703,-62.217871],[-58.755322,-62.206055],[-58.819043,-62.171289],[-59.003711,-62.209766],[-58.955225,-62.164258],[-58.709521,-62.044727],[-58.683594,-62.008203],[-58.399463,-61.938281],[-58.265186,-61.95332],[-57.978418,-61.911914]]]}},{"type":"Feature","properties":{},"geometry":{"type":"Polygon","coordinates":[[[-61.952441,-64.077148],[-62.043896,-64.080371],[-62.020752,-64.027344],[-61.936279,-63.990234],[-61.798242,-63.966602],[-61.88623,-64.026953],[-61.911133,-64.054492],[-61.952441,-64.077148]]]}},{"type":"Feature","properties":{},"geometry":{"type":"Polygon","coordinates":[[[-61.997607,-69.721875],[-62.085156,-69.729492],[-62.171924,-69.636621],[-62.216016,-69.494922],[-62.49624,-69.288184],[-62.567676,-69.180469],[-62.515869,-69.15459],[-62.442139,-69.145996],[-62.238965,-69.175781],[-62.11792,-69.214746],[-61.978369,-69.300391],[-61.815967,-69.376172],[-61.783691,-69.441895],[-61.807178,-69.514648],[-61.911328,-69.533398],[-61.907812,-69.587598],[-61.970117,-69.691406],[-61.997607,-69.721875]]]}},{"type":"Feature","properties":{},"geometry":{"type":"Polygon","coordinates":[[[-63.316211,-64.861133],[-63.474414,-64.906543],[-63.55835,-64.905957],[-63.459277,-64.796289],[-63.366895,-64.79209],[-63.219385,-64.729785],[-63.177246,-64.73877],[-63.256934,-64.79082],[-63.316211,-64.861133]]]}},{"type":"Feature","properties":{},"geometry":{"type":"Polygon","coordinates":[[[-62.325781,-64.424414],[-62.395898,-64.464648],[-62.455176,-64.47168],[-62.508105,-64.454102],[-62.579687,-64.514258],[-62.727002,-64.495996],[-62.781787,-64.479004],[-62.746826,-64.47168],[-62.720898,-64.444531],[-62.643018,-64.391602],[-62.504004,-64.253418],[-62.479736,-64.210645],[-62.590283,-64.139648],[-62.610742,-64.116309],[-62.585693,-64.075586],[-62.544971,-64.045703],[-62.451416,-64.012402],[-62.32876,-64.013477],[-62.267627,-64.039941],[-62.26875,-64.090039],[-62.058496,-64.138086],[-62.093848,-64.23457],[-62.174268,-64.295996],[-62.185693,-64.368848],[-62.303711,-64.401367],[-62.325781,-64.424414]]]}},{"type":"Feature","properties":{},"geometry":{"type":"Polygon","coordinates":[[[-62.615088,-63.069336],[-62.655273,-63.073828],[-62.638867,-63.031934],[-62.527051,-62.923828],[-62.317432,-62.874121],[-62.344043,-62.917773],[-62.411475,-62.971582],[-62.615088,-63.069336]]]}},{"type":"Feature","properties":{},"geometry":{"type":"Polygon","coordinates":[[[-59.389014,-62.444336],[-59.525244,-62.451465],[-59.619434,-62.39502],[-59.660693,-62.354297],[-59.478516,-62.352148],[-59.39585,-62.367285],[-59.353369,-62.412891],[-59.389014,-62.444336]]]}},{"type":"Feature","properties":{},"geometry":{"type":"Polygon","coordinates":[[[-56.059961,-63.078516],[-56.258984,-63.173145],[-56.354102,-63.168848],[-56.54585,-63.09834],[-56.600537,-63.061621],[-56.61416,-63.045117],[-56.488574,-62.982227],[-56.140381,-63.005273],[-56.061768,-63.012695],[-56.058447,-63.018555],[-56.051025,-63.054688],[-56.059961,-63.078516]]]}},{"type":"Feature","properties":{},"geometry":{"type":"Polygon","coordinates":[[[-60.625,-62.560059],[-60.576318,-62.572656],[-60.139893,-62.54873],[-60.002734,-62.618457],[-59.849561,-62.614941],[-60.220947,-62.74541],[-60.321582,-62.70752],[-60.353809,-62.679199],[-60.378027,-62.616504],[-60.619629,-62.633398],[-60.696924,-62.620703],[-60.795898,-62.662305],[-60.995068,-62.679102],[-61.06333,-62.678906],[-61.149805,-62.63418],[-61.152393,-62.589063],[-60.974707,-62.591699],[-60.837744,-62.533691],[-60.799268,-62.475195],[-60.731836,-62.491016],[-60.625,-62.560059]]]}},{"type":"Feature","properties":{},"geometry":{"type":"Polygon","coordinates":[[[-57.37417,-63.807227],[-57.360205,-63.824805],[-57.16084,-63.815723],[-57.104004,-63.841211],[-57.218018,-63.875586],[-57.247754,-63.868359],[-57.34375,-63.878516],[-57.616357,-63.853613],[-57.683252,-63.812695],[-57.439355,-63.791406],[-57.37417,-63.807227]]]}},{"type":"Feature","properties":{},"geometry":{"type":"Polygon","coordinates":[[[-61.158447,-69.975781],[-61.308643,-69.97793],[-61.378467,-69.949805],[-61.404346,-69.93252],[-61.386475,-69.893262],[-61.327148,-69.856348],[-61.151855,-69.883105],[-61.10791,-69.955273],[-61.158447,-69.975781]]]}},{"type":"Feature","properties":{},"geometry":{"type":"Polygon","coordinates":[[[-60.655908,-68.767578],[-60.693359,-68.79502],[-60.820068,-68.778418],[-60.894043,-68.758887],[-61.014941,-68.709766],[-60.947168,-68.680664],[-60.813574,-68.687695],[-60.704834,-68.72207],[-60.655908,-68.767578]]]}},{"type":"Feature","properties":{},"geometry":{"type":"Polygon","coordinates":[[[-60.740625,-70.710547],[-60.826074,-70.710547],[-60.896484,-70.689648],[-60.958008,-70.629004],[-60.975537,-70.599121],[-60.941797,-70.53252],[-60.883887,-70.517578],[-60.553662,-70.508789],[-60.45249,-70.544238],[-60.448975,-70.60332],[-60.487695,-70.64668],[-60.740625,-70.710547]]]}},{"type":"Feature","properties":{},"geometry":{"type":"Polygon","coordinates":[[[-60.552246,-71.05293],[-60.652148,-71.058691],[-60.789746,-71.041113],[-60.906348,-71.007422],[-60.946484,-70.967383],[-60.889062,-70.934375],[-60.782812,-70.914062],[-60.613135,-70.920117],[-60.533301,-70.9625],[-60.516309,-70.999512],[-60.535937,-71.040918],[-60.552246,-71.05293]]]}},{"type":"Feature","properties":{},"geometry":{"type":"Polygon","coordinates":[[[-60.504883,-62.967383],[-60.554688,-62.977539],[-60.619727,-62.969043],[-60.617725,-62.986621],[-60.563672,-63.008984],[-60.62168,-63.017969],[-60.69292,-62.995703],[-60.74043,-62.948633],[-60.705859,-62.905566],[-60.637402,-62.895215],[-60.504883,-62.967383]]]}},{"type":"Feature","properties":{},"geometry":{"type":"Polygon","coordinates":[[[-60.653125,-63.866602],[-60.777686,-63.902148],[-60.852441,-63.891016],[-60.972168,-63.849023],[-60.810059,-63.836621],[-60.79668,-63.716699],[-60.714844,-63.668848],[-60.562354,-63.695898],[-60.655908,-63.758984],[-60.688867,-63.80791],[-60.65498,-63.850098],[-60.653125,-63.866602]]]}},{"type":"Feature","properties":{},"geometry":{"type":"Polygon","coordinates":[[[-93.795605,-72.919727],[-93.965527,-72.920215],[-94.078125,-72.883887],[-94.113184,-72.860059],[-94.046973,-72.823047],[-94.004248,-72.819727],[-93.799561,-72.882031],[-93.755811,-72.907617],[-93.795605,-72.919727]]]}},{"type":"Feature","properties":{},"geometry":{"type":"Polygon","coordinates":[[[-91.160693,-73.182227],[-91.344189,-73.207129],[-91.51084,-73.195508],[-91.450391,-72.967871],[-91.356885,-72.909473],[-91.382129,-72.867871],[-91.551465,-72.753613],[-91.67002,-72.62373],[-91.612402,-72.593848],[-91.303516,-72.547363],[-90.947412,-72.556348],[-90.807129,-72.610645],[-90.76333,-72.681055],[-90.780176,-72.731738],[-90.895361,-72.823633],[-90.776221,-72.854004],[-90.750977,-72.916602],[-90.775586,-72.992969],[-90.893066,-73.083984],[-90.998437,-73.136523],[-91.160693,-73.182227]]]}},{"type":"Feature","properties":{},"geometry":{"type":"Polygon","coordinates":[[[-104.537939,-73.166309],[-104.65957,-73.212109],[-104.880957,-73.200586],[-105.05293,-73.125977],[-105.123437,-73.026367],[-105.131787,-72.991504],[-105.08457,-72.965918],[-104.972412,-72.941016],[-104.537939,-73.166309]]]}},{"type":"Feature","properties":{},"geometry":{"type":"Polygon","coordinates":[[[-95.027051,-72.665039],[-95.219434,-72.669824],[-95.272949,-72.646875],[-95.215625,-72.599414],[-94.753027,-72.517188],[-94.566113,-72.468066],[-94.538379,-72.475781],[-94.513867,-72.491699],[-94.433936,-72.58916],[-94.426025,-72.612598],[-95.027051,-72.665039]]]}},{"type":"Feature","properties":{},"geometry":{"type":"Polygon","coordinates":[[[-71.69502,-70.265137],[-71.647754,-70.29541],[-71.431592,-70.267285],[-71.354883,-70.297852],[-71.340283,-70.31748],[-71.437744,-70.391504],[-71.551221,-70.438867],[-71.684668,-70.442285],[-71.781982,-70.318848],[-71.795264,-70.288379],[-71.69502,-70.265137]]]}},{"type":"Feature","properties":{},"geometry":{"type":"Polygon","coordinates":[[[-71.985352,-69.698438],[-72.202051,-69.740137],[-72.34458,-69.707031],[-72.776758,-69.64502],[-72.957324,-69.529102],[-72.936768,-69.468848],[-72.857324,-69.433105],[-72.726172,-69.413086],[-72.464307,-69.451855],[-72.331152,-69.491797],[-71.985352,-69.698438]]]}},{"type":"Feature","properties":{},"geometry":{"type":"Polygon","coordinates":[[[-73.878418,-73.356836],[-73.974805,-73.376074],[-74.038281,-73.365527],[-74.146631,-73.31543],[-74.134424,-73.27666],[-74.084473,-73.249316],[-74.04873,-73.220215],[-73.832129,-73.113281],[-73.674219,-73.100391],[-73.542432,-73.123828],[-73.682275,-73.225],[-73.721387,-73.296289],[-73.878418,-73.356836]]]}},{"type":"Feature","properties":{},"geometry":{"type":"Polygon","coordinates":[[[-65.845264,-65.84248],[-66.063916,-65.880859],[-66.175293,-65.866504],[-66.181445,-65.826367],[-66.153467,-65.77373],[-66.049609,-65.744727],[-66.066943,-65.666113],[-65.999707,-65.632812],[-65.968311,-65.570996],[-65.833594,-65.527246],[-65.636914,-65.547754],[-65.667969,-65.626172],[-65.669678,-65.65293],[-65.78374,-65.674316],[-65.813867,-65.686621],[-65.84082,-65.738477],[-65.835742,-65.81377],[-65.845264,-65.84248]]]}},{"type":"Feature","properties":{},"geometry":{"type":"Polygon","coordinates":[[[-66.595312,-66.200684],[-66.818652,-66.312695],[-66.85,-66.305469],[-66.867529,-66.293848],[-66.866992,-66.274805],[-66.791504,-66.233594],[-66.779004,-66.11084],[-66.631348,-66.066797],[-66.575195,-66.082422],[-66.622852,-66.133887],[-66.592627,-66.178613],[-66.595312,-66.200684]]]}},{"type":"Feature","properties":{},"geometry":{"type":"Polygon","coordinates":[[[-67.348926,-67.766211],[-67.544531,-67.785254],[-67.693359,-67.763477],[-67.689697,-67.687695],[-67.730664,-67.679492],[-67.743262,-67.66123],[-67.556738,-67.604492],[-67.417676,-67.590625],[-67.246729,-67.59873],[-67.174902,-67.624512],[-67.149414,-67.650195],[-67.279687,-67.711914],[-67.299707,-67.737207],[-67.348926,-67.766211]]]}},{"type":"Feature","properties":{},"geometry":{"type":"Polygon","coordinates":[[[-67.362402,-66.894531],[-67.409229,-66.901953],[-67.520801,-66.897266],[-67.593262,-66.875586],[-67.499512,-66.803613],[-67.51084,-66.75625],[-67.425977,-66.736914],[-67.331689,-66.753516],[-67.26875,-66.815234],[-67.256982,-66.840918],[-67.362402,-66.894531]]]}},{"type":"Feature","properties":{},"geometry":{"type":"Polygon","coordinates":[[[-179.974902,-16.924805],[-180,-16.962988],[-180,-16.907813],[-179.999951,-16.858789],[-179.999951,-16.785547],[-179.893604,-16.700391],[-179.860986,-16.688281],[-179.822314,-16.765332],[-179.867773,-16.850293],[-179.974902,-16.924805]]]}},{"type":"Feature","properties":{},"geometry":{"type":"Polygon","coordinates":[[[-179.929443,-16.502832],[-180,-16.540039],[-180,-16.512891],[-179.999951,-16.488867],[-179.943652,-16.441406],[-179.900928,-16.431543],[-179.927344,-16.479102],[-179.929443,-16.502832]]]}},{"type":"Feature","properties":{},"geometry":{"type":"Polygon","coordinates":[[[180,-16.963086],[179.925879,-17.000293],[179.896973,-16.964063],[179.930957,-16.875977],[180,-16.785742],[179.999219,-16.858789],[180,-16.963086]]]}},{"type":"Feature","properties":{},"geometry":{"type":"Polygon","coordinates":[[[-78.89834,8.274268],[-78.918115,8.231934],[-78.964941,8.32627],[-78.957422,8.350586],[-78.960596,8.43584],[-78.916016,8.458252],[-78.883252,8.460254],[-78.856152,8.448242],[-78.83916,8.3479],[-78.853223,8.302441],[-78.89834,8.274268]]]}},{"type":"Feature","properties":{},"geometry":{"type":"Polygon","coordinates":[[[154.810449,49.312012],[154.714844,49.267676],[154.610938,49.294043],[154.612988,49.380615],[154.824902,49.646924],[154.899609,49.630371],[154.883301,49.566406],[154.802344,49.468262],[154.829883,49.3479],[154.810449,49.312012]]]}},{"type":"Feature","properties":{},"geometry":{"type":"Polygon","coordinates":[[[59.313086,81.305225],[59.096973,81.292285],[58.719043,81.313525],[58.610156,81.337256],[58.634473,81.360352],[58.880566,81.391846],[59.075,81.397705],[59.280859,81.366113],[59.374609,81.325049],[59.313086,81.305225]]]}},{"type":"Feature","properties":{},"geometry":{"type":"Polygon","coordinates":[[[54.415332,80.472803],[54.275879,80.421338],[53.811914,80.476221],[53.85,80.503857],[53.900195,80.51543],[53.901563,80.54248],[53.858887,80.563037],[53.877246,80.605273],[54.176758,80.574365],[54.205371,80.561768],[54.407129,80.540137],[54.437305,80.498682],[54.415332,80.472803]]]}},{"type":"Feature","properties":{},"geometry":{"type":"Polygon","coordinates":[[[61.14082,80.950342],[60.826758,80.929688],[60.321094,80.955518],[60.058203,80.984619],[60.07832,80.99917],[60.147559,81.01665],[60.586621,81.087695],[61.457422,81.103955],[61.567383,81.050293],[61.471973,81.011035],[61.14082,80.950342]]]}},{"type":"Feature","properties":{},"geometry":{"type":"Polygon","coordinates":[[[53.521387,80.185205],[52.856348,80.173242],[52.635938,80.178857],[52.607031,80.191162],[52.550488,80.201855],[52.343555,80.213232],[52.213379,80.263721],[52.270215,80.276318],[52.57666,80.296924],[52.680566,80.318506],[52.716016,80.347559],[52.853906,80.402393],[53.185645,80.412646],[53.329199,80.402393],[53.345898,80.366309],[53.486133,80.323389],[53.85166,80.268359],[53.77793,80.22832],[53.65293,80.222559],[53.521387,80.185205]]]}},{"type":"Feature","properties":{},"geometry":{"type":"Polygon","coordinates":[[[57.078711,80.350928],[57.122656,80.316992],[57.118945,80.193945],[57.072754,80.139404],[57.080176,80.094678],[56.986914,80.071484],[56.200586,80.076465],[55.811621,80.087158],[55.724023,80.104736],[55.942285,80.163281],[56.012207,80.203906],[55.989844,80.320068],[56.024414,80.341309],[56.655078,80.330322],[56.707227,80.363281],[56.944531,80.366162],[57.078711,80.350928]]]}},{"type":"Feature","properties":{},"geometry":{"type":"Polygon","coordinates":[[[59.688867,79.955811],[59.330664,79.923047],[59.202637,79.932959],[59.169238,79.948291],[59.100391,79.96416],[58.919238,79.984619],[58.946094,80.042334],[59.001465,80.053906],[59.544531,80.118848],[59.80166,80.082666],[59.911035,79.994287],[59.688867,79.955811]]]}},{"type":"Feature","properties":{},"geometry":{"type":"Polygon","coordinates":[[[-66.472119,-55.229102],[-66.551709,-55.272852],[-66.611133,-55.269922],[-66.630176,-55.254102],[-66.636621,-55.234375],[-66.624756,-55.213086],[-66.599707,-55.193652],[-66.541553,-55.169434],[-66.523145,-55.165527],[-66.435791,-55.189746],[-66.472119,-55.229102]]]}},{"type":"Feature","properties":{},"geometry":{"type":"Polygon","coordinates":[[[-75.04248,-44.890137],[-75.06748,-44.906543],[-75.09873,-44.901758],[-75.124219,-44.869922],[-75.142139,-44.815625],[-75.107422,-44.795117],[-75.079492,-44.795117],[-75.048437,-44.823926],[-75.032227,-44.870508],[-75.04248,-44.890137]]]}},{"type":"Feature","properties":{},"geometry":{"type":"Polygon","coordinates":[[[-75.510254,-48.763477],[-75.622852,-48.764648],[-75.650928,-48.586328],[-75.518457,-48.328809],[-75.509033,-48.230664],[-75.553516,-48.156738],[-75.571484,-48.095898],[-75.560693,-48.070898],[-75.391406,-48.019727],[-75.338379,-48.074023],[-75.275488,-48.218457],[-75.155518,-48.425195],[-75.158496,-48.622656],[-75.225098,-48.671387],[-75.433984,-48.721191],[-75.510254,-48.763477]]]}},{"type":"Feature","properties":{},"geometry":{"type":"Polygon","coordinates":[[[-75.302002,-50.67998],[-75.330469,-50.772363],[-75.411377,-50.764355],[-75.438525,-50.741113],[-75.452637,-50.68252],[-75.477393,-50.654199],[-75.442676,-50.595508],[-75.419775,-50.530371],[-75.427637,-50.480566],[-75.303711,-50.483984],[-75.156152,-50.496777],[-75.115332,-50.510449],[-75.160449,-50.554395],[-75.203418,-50.580664],[-75.292334,-50.596875],[-75.302002,-50.67998]]]}},{"type":"Feature","properties":{},"geometry":{"type":"Polygon","coordinates":[[[-74.385742,-52.922363],[-74.369336,-52.931445],[-74.32998,-52.929297],[-74.274609,-52.945508],[-74.065967,-52.965332],[-73.879199,-53.012207],[-73.781787,-53.056055],[-73.654004,-53.069824],[-73.549268,-53.125684],[-73.504541,-53.140039],[-73.450586,-53.144336],[-73.310352,-53.247656],[-73.30249,-53.259473],[-73.143359,-53.340918],[-73.135205,-53.353906],[-73.225732,-53.358398],[-73.409375,-53.320508],[-73.501025,-53.318457],[-73.567285,-53.306836],[-73.582812,-53.300195],[-73.595947,-53.25293],[-73.61709,-53.229688],[-73.793506,-53.120703],[-73.866943,-53.096875],[-73.993994,-53.075781],[-74.138574,-53.090527],[-74.236377,-53.076465],[-74.270215,-53.081543],[-74.414404,-52.994922],[-74.558301,-52.921875],[-74.619922,-52.834766],[-74.711523,-52.768164],[-74.712012,-52.74873],[-74.669971,-52.733887],[-74.571533,-52.771289],[-74.474561,-52.835645],[-74.422266,-52.860059],[-74.385742,-52.922363]]]}},{"type":"Feature","properties":{},"geometry":{"type":"Polygon","coordinates":[[[-69.702979,-54.919043],[-68.900781,-55.017773],[-68.653516,-54.95791],[-68.458008,-54.959668],[-68.399805,-55.041992],[-68.598096,-55.12832],[-68.613281,-55.155566],[-68.585547,-55.177734],[-68.381738,-55.191602],[-68.330078,-55.219434],[-68.282666,-55.255176],[-68.322754,-55.308203],[-68.326562,-55.332715],[-68.30542,-55.356641],[-68.152588,-55.436914],[-68.089893,-55.47832],[-68.058301,-55.517969],[-68.045557,-55.5875],[-68.04834,-55.643164],[-68.082666,-55.650586],[-68.15708,-55.633691],[-68.229639,-55.601562],[-68.293359,-55.521387],[-68.338037,-55.505273],[-68.466699,-55.489063],[-68.594189,-55.45],[-68.693555,-55.452246],[-68.78501,-55.435645],[-68.867041,-55.450195],[-68.896143,-55.423828],[-68.931299,-55.370605],[-68.93208,-55.347363],[-68.888965,-55.263281],[-68.890088,-55.241211],[-68.912646,-55.238574],[-69.008203,-55.255762],[-69.046826,-55.244336],[-69.150781,-55.183398],[-69.192627,-55.171875],[-69.29707,-55.16582],[-69.356152,-55.273926],[-69.359229,-55.300684],[-69.299023,-55.369336],[-69.180859,-55.474805],[-69.24082,-55.476758],[-69.411816,-55.444238],[-69.455713,-55.424023],[-69.508691,-55.370898],[-69.610254,-55.339941],[-69.645898,-55.320898],[-69.656299,-55.298438],[-69.657373,-55.229004],[-69.679834,-55.218945],[-69.824023,-55.236523],[-69.853711,-55.219824],[-69.865771,-55.190625],[-69.886768,-55.174121],[-69.979785,-55.147461],[-69.987988,-55.130762],[-69.946533,-55.111035],[-69.92085,-55.061133],[-69.884424,-54.882031],[-69.702979,-54.919043]]]}},{"type":"Feature","properties":{},"geometry":{"type":"Polygon","coordinates":[[[-75.106689,-48.836523],[-75.115088,-48.916016],[-75.262695,-49.068945],[-75.389941,-49.15918],[-75.506104,-49.230664],[-75.580371,-49.22998],[-75.641162,-49.19541],[-75.572852,-49.138867],[-75.487646,-49.082422],[-75.514551,-49.00957],[-75.540137,-48.988477],[-75.576172,-48.980762],[-75.637842,-48.942578],[-75.619141,-48.885938],[-75.583105,-48.858887],[-75.535254,-48.838184],[-75.490479,-48.850488],[-75.297266,-48.810645],[-75.236182,-48.778613],[-75.118604,-48.772949],[-75.106689,-48.836523]]]}},{"type":"Feature","properties":{},"geometry":{"type":"Polygon","coordinates":[[[-60.111719,-51.395898],[-60.248828,-51.395996],[-60.275879,-51.363184],[-60.275342,-51.280566],[-60.171387,-51.273438],[-60.069824,-51.30791],[-60.076465,-51.342578],[-60.111719,-51.395898]]]}},{"type":"Feature","properties":{},"geometry":{"type":"Polygon","coordinates":[[[-26.264111,-58.435156],[-26.259863,-58.492285],[-26.415332,-58.439844],[-26.451025,-58.415332],[-26.401221,-58.383203],[-26.303467,-58.382227],[-26.279395,-58.401758],[-26.264111,-58.435156]]]}},{"type":"Feature","properties":{},"geometry":{"type":"Polygon","coordinates":[[[53.763184,12.636816],[53.824805,12.624805],[53.918555,12.659424],[54.187402,12.664014],[54.511133,12.552783],[54.45,12.523438],[54.41377,12.483301],[54.271289,12.446631],[54.129492,12.360645],[53.718848,12.318994],[53.59834,12.342285],[53.499414,12.425342],[53.31582,12.533154],[53.388477,12.601855],[53.403906,12.63335],[53.430957,12.663574],[53.534961,12.715771],[53.638477,12.707373],[53.763184,12.636816]]]}},{"type":"Feature","properties":{},"geometry":{"type":"Polygon","coordinates":[[[53.332227,24.258594],[53.258301,24.25293],[53.190918,24.290918],[53.33252,24.341602],[53.370898,24.364453],[53.412402,24.411035],[53.445312,24.371191],[53.408984,24.30791],[53.382617,24.280859],[53.332227,24.258594]]]}},{"type":"Feature","properties":{},"geometry":{"type":"Polygon","coordinates":[[[58.72207,20.21875],[58.659082,20.203613],[58.640918,20.210693],[58.641211,20.337354],[58.787988,20.496582],[58.884375,20.680566],[58.950781,20.516162],[58.835156,20.423926],[58.772266,20.266846],[58.72207,20.21875]]]}},{"type":"Feature","properties":{},"geometry":{"type":"Polygon","coordinates":[[[52.616895,24.288574],[52.6,24.281299],[52.582227,24.335254],[52.583594,24.352344],[52.629395,24.376758],[52.657617,24.332617],[52.616895,24.288574]]]}},{"type":"Feature","properties":{},"geometry":{"type":"Polygon","coordinates":[[[56.187988,26.921143],[56.094922,26.801172],[55.954297,26.701123],[55.894141,26.732275],[55.847656,26.730811],[55.747266,26.69248],[55.674609,26.68584],[55.543164,26.617529],[55.42373,26.583105],[55.34043,26.585742],[55.311523,26.592627],[55.29502,26.639209],[55.296484,26.657568],[55.346973,26.647949],[55.531738,26.71001],[55.762598,26.811963],[55.78457,26.857178],[55.747461,26.930957],[55.757617,26.947656],[55.907129,26.909814],[56.074121,26.98335],[56.213965,27.003271],[56.279395,26.9521],[56.187988,26.921143]]]}},{"type":"Feature","properties":{},"geometry":{"type":"Polygon","coordinates":[[[53.927832,24.177197],[53.928125,24.143359],[53.826367,24.153125],[53.799121,24.135547],[53.71582,24.145313],[53.634473,24.169775],[53.689648,24.210791],[53.833789,24.258936],[53.89375,24.215137],[53.927832,24.177197]]]}},{"type":"Feature","properties":{},"geometry":{"type":"Polygon","coordinates":[[[41.987695,16.715625],[42.065039,16.710059],[42.033203,16.741943],[42.026367,16.757666],[42.059961,16.803516],[42.17041,16.708643],[42.167188,16.596387],[42.157813,16.570703],[42.127734,16.594824],[42.108398,16.618457],[42.102344,16.643945],[42.071777,16.671484],[41.96416,16.653467],[41.897266,16.684277],[41.801563,16.77876],[41.776074,16.846875],[41.816113,16.860156],[41.858203,16.89292],[41.884961,16.946826],[41.860449,17.002539],[41.917285,16.993652],[41.947949,16.936426],[41.953906,16.80625],[41.9625,16.778662],[41.94668,16.748926],[41.987695,16.715625]]]}},{"type":"Feature","properties":{},"geometry":{"type":"Polygon","coordinates":[[[40.141211,15.696143],[40.18252,15.64292],[40.211426,15.648145],[40.234082,15.665869],[40.250098,15.703467],[40.408203,15.629199],[40.399023,15.579883],[40.304688,15.577344],[40.195801,15.598145],[40.095117,15.590918],[39.975195,15.612451],[39.947461,15.696143],[40.023926,15.655615],[40.063477,15.665869],[40.070508,15.676611],[40.016309,15.733252],[39.939941,15.744531],[39.945215,15.789062],[39.979395,15.806592],[40.000488,15.828271],[39.956738,15.889404],[40.042578,15.875488],[40.096777,15.838477],[40.132422,15.795264],[40.141211,15.696143]]]}},{"type":"Feature","properties":{},"geometry":{"type":"Polygon","coordinates":[[[42.755859,13.704297],[42.689746,13.673633],[42.734961,13.752979],[42.78125,13.769287],[42.794141,13.766113],[42.755859,13.704297]]]}},{"type":"Feature","properties":{},"geometry":{"type":"Polygon","coordinates":[[[50.607227,25.883105],[50.574902,25.806787],[50.544043,25.833496],[50.465918,25.965527],[50.489453,26.058447],[50.452441,26.19082],[50.469922,26.228955],[50.564063,26.246436],[50.585938,26.240723],[50.557813,26.198291],[50.609766,26.124463],[50.61748,26.002344],[50.607227,25.883105]]]}},{"type":"Feature","properties":{},"geometry":{"type":"Polygon","coordinates":[[[42.787402,13.971484],[42.774219,13.950244],[42.756055,13.954883],[42.694043,14.00791],[42.762109,14.06748],[42.79834,14.012256],[42.787402,13.971484]]]}},{"type":"Feature","properties":{},"geometry":{"type":"Polygon","coordinates":[[[48.275391,29.624316],[48.218262,29.601953],[48.179688,29.611426],[48.142578,29.665283],[48.081445,29.798926],[48.114746,29.848779],[48.113477,29.870215],[48.120117,29.886328],[48.138867,29.896582],[48.158594,29.95957],[48.184766,29.978857],[48.227734,29.936328],[48.348242,29.782666],[48.347363,29.719971],[48.340234,29.694727],[48.275391,29.624316]]]}},{"type":"Feature","properties":{},"geometry":{"type":"Polygon","coordinates":[[[179.422363,-17.366797],[179.388965,-17.393848],[179.373145,-17.256152],[179.407617,-17.257324],[179.432813,-17.271582],[179.447168,-17.30625],[179.422363,-17.366797]]]}},{"type":"Feature","properties":{},"geometry":{"type":"Polygon","coordinates":[[[179.349316,-18.102344],[179.34043,-18.110449],[179.253516,-18.030566],[179.256445,-17.999023],[179.271777,-17.970703],[179.306445,-17.944043],[179.337891,-17.989551],[179.362402,-18.065234],[179.349316,-18.102344]]]}},{"type":"Feature","properties":{},"geometry":{"type":"Polygon","coordinates":[[[178.827539,-17.729004],[178.776074,-17.746777],[178.747656,-17.685742],[178.787109,-17.624414],[178.831055,-17.618848],[178.852539,-17.68125],[178.827539,-17.729004]]]}},{"type":"Feature","properties":{},"geometry":{"type":"Polygon","coordinates":[[[168.446777,-16.778809],[168.476562,-16.793652],[168.460156,-16.835059],[168.322754,-16.787793],[168.212305,-16.806152],[168.181445,-16.804004],[168.148535,-16.765723],[168.124316,-16.690039],[168.135352,-16.636914],[168.181836,-16.599902],[168.199219,-16.593848],[168.233789,-16.639648],[168.26543,-16.670801],[168.296094,-16.68418],[168.366016,-16.758789],[168.446777,-16.778809]]]}},{"type":"Feature","properties":{},"geometry":{"type":"Polygon","coordinates":[[[168.29668,-16.336523],[168.182422,-16.346777],[168.02168,-16.315625],[167.957031,-16.272266],[167.929004,-16.228711],[167.98457,-16.196484],[168.064258,-16.18125],[168.163867,-16.081641],[168.19834,-16.119824],[168.235449,-16.231348],[168.275684,-16.264941],[168.297949,-16.29873],[168.29668,-16.336523]]]}},{"type":"Feature","properties":{},"geometry":{"type":"Polygon","coordinates":[[[168.445801,-17.542188],[168.54541,-17.684668],[168.584961,-17.695898],[168.524609,-17.798047],[168.399414,-17.807227],[168.25166,-17.780762],[168.305859,-17.745703],[168.277832,-17.706055],[168.233203,-17.698047],[168.182031,-17.716992],[168.158203,-17.710547],[168.190918,-17.644824],[168.273145,-17.552246],[168.297461,-17.544922],[168.319531,-17.543945],[168.341016,-17.552051],[168.445801,-17.542188]]]}},{"type":"Feature","properties":{},"geometry":{"type":"Polygon","coordinates":[[[167.911328,-15.435938],[167.844238,-15.481836],[167.720215,-15.477441],[167.674219,-15.451563],[167.82627,-15.312012],[168.002539,-15.283203],[167.911328,-15.435938]]]}},{"type":"Feature","properties":{},"geometry":{"type":"Polygon","coordinates":[[[166.745801,-14.826855],[166.810156,-15.157422],[166.885156,-15.156738],[166.923438,-15.13916],[166.967578,-15.061719],[166.987305,-14.940039],[167.026563,-14.922656],[167.075586,-14.935645],[167.054297,-14.974414],[167.068555,-15.071777],[167.106445,-15.125586],[167.131641,-15.135352],[167.182031,-15.389746],[167.200781,-15.443066],[167.199609,-15.485742],[167.093945,-15.580859],[166.936621,-15.578027],[166.825781,-15.634863],[166.758301,-15.631152],[166.758984,-15.566797],[166.698926,-15.515625],[166.631055,-15.406055],[166.647852,-15.211523],[166.527246,-14.850098],[166.526074,-14.759766],[166.567383,-14.641797],[166.607813,-14.636523],[166.662598,-14.735059],[166.745801,-14.826855]]]}},{"type":"Feature","properties":{},"geometry":{"type":"Polygon","coordinates":[[[168.212891,-15.97041],[168.196191,-15.97168],[168.179297,-15.925684],[168.122852,-15.680859],[168.159961,-15.461816],[168.183496,-15.508203],[168.267773,-15.892285],[168.256348,-15.955176],[168.212891,-15.97041]]]}},{"type":"Feature","properties":{},"geometry":{"type":"Polygon","coordinates":[[[168.18916,-15.328711],[168.171875,-15.390625],[168.130469,-15.318945],[168.104199,-15.016602],[168.114941,-14.988574],[168.136426,-14.986426],[168.186914,-15.196875],[168.18916,-15.328711]]]}},{"type":"Feature","properties":{},"geometry":{"type":"Polygon","coordinates":[[[167.4125,-16.095898],[167.458594,-16.117578],[167.483691,-16.117578],[167.49873,-16.166211],[167.641992,-16.263281],[167.681348,-16.260547],[167.714453,-16.313672],[167.775977,-16.340527],[167.792578,-16.394629],[167.836621,-16.449707],[167.759766,-16.516406],[167.611426,-16.498633],[167.526367,-16.574316],[167.449316,-16.55498],[167.436133,-16.515234],[167.446875,-16.501953],[167.400977,-16.400586],[167.380273,-16.245703],[167.349219,-16.154492],[167.315625,-16.115527],[167.246094,-16.149609],[167.218066,-16.155273],[167.151465,-16.080469],[167.183008,-15.928516],[167.199512,-15.885059],[167.253711,-15.876758],[167.335742,-15.916699],[167.4125,-16.095898]]]}},{"type":"Feature","properties":{},"geometry":{"type":"Polygon","coordinates":[[[167.218945,-15.724121],[167.200781,-15.750098],[167.094727,-15.685254],[167.119043,-15.622559],[167.234375,-15.64502],[167.218945,-15.724121]]]}},{"type":"Feature","properties":{},"geometry":{"type":"Polygon","coordinates":[[[159.879102,-8.534277],[159.880859,-8.557422],[159.746484,-8.473828],[159.644531,-8.37168],[159.354102,-8.260449],[159.291699,-8.203418],[159.239258,-8.196289],[159.090234,-8.10332],[158.944043,-8.040723],[158.85459,-7.959766],[158.831836,-7.92666],[158.778027,-7.906934],[158.68623,-7.818066],[158.596973,-7.759082],[158.56543,-7.651367],[158.478809,-7.577148],[158.457422,-7.544727],[158.734375,-7.604297],[158.862793,-7.722363],[158.972461,-7.78916],[159.010547,-7.837402],[159.109375,-7.903516],[159.198047,-7.90957],[159.286816,-7.976172],[159.367676,-7.994141],[159.431445,-8.029004],[159.843066,-8.326953],[159.793945,-8.406055],[159.848633,-8.463477],[159.879102,-8.534277]]]}},{"type":"Feature","properties":{},"geometry":{"type":"Polygon","coordinates":[[[157.486719,-7.330371],[157.518652,-7.365625],[157.441309,-7.425684],[157.339258,-7.393066],[157.317285,-7.359375],[157.314648,-7.341504],[157.243457,-7.353027],[157.101562,-7.323633],[156.904297,-7.180469],[156.695801,-6.910938],[156.494922,-6.761621],[156.457422,-6.715234],[156.452539,-6.638281],[156.479395,-6.608887],[156.604199,-6.641016],[156.76543,-6.764063],[157.030273,-6.891992],[157.102539,-6.957227],[157.148438,-7.11377],[157.193359,-7.160352],[157.336133,-7.280469],[157.411621,-7.308594],[157.451563,-7.313672],[157.486719,-7.330371]]]}},{"type":"Feature","properties":{},"geometry":{"type":"Polygon","coordinates":[[[153.659277,-4.099316],[153.650098,-4.123047],[153.591504,-4.095996],[153.639746,-4.044727],[153.662988,-4.041211],[153.659277,-4.099316]]]}},{"type":"Feature","properties":{},"geometry":{"type":"Polygon","coordinates":[[[121.159375,6.075635],[121.213867,6.003516],[121.28252,6.022266],[121.391504,6.0021],[121.414648,5.964502],[121.411035,5.939844],[121.294434,5.869971],[121.218164,5.942725],[121.083008,5.893018],[121.018555,5.922949],[120.930664,5.896191],[120.876367,5.952637],[120.898242,6.006934],[121.037695,6.095996],[121.159375,6.075635]]]}},{"type":"Feature","properties":{},"geometry":{"type":"Polygon","coordinates":[[[114.412598,-7.133496],[114.397656,-7.173145],[114.346875,-7.163281],[114.298828,-7.097559],[114.322168,-7.080371],[114.348926,-7.073438],[114.383594,-7.080664],[114.412598,-7.133496]]]}},{"type":"Feature","properties":{},"geometry":{"type":"Polygon","coordinates":[[[134.351855,34.483643],[134.333203,34.46377],[134.315332,34.468945],[134.251855,34.423047],[134.238086,34.467041],[134.188281,34.496338],[134.182129,34.519238],[134.325977,34.534375],[134.372266,34.522363],[134.351855,34.483643]]]}},{"type":"Feature","properties":{},"geometry":{"type":"Polygon","coordinates":[[[-75.112207,-47.837695],[-75.18584,-47.850684],[-75.194336,-47.818066],[-75.261035,-47.763867],[-75.203125,-47.728027],[-75.089844,-47.690625],[-75.003955,-47.694727],[-74.926465,-47.723145],[-74.916016,-47.756641],[-75.05127,-47.800488],[-75.084473,-47.824512],[-75.112207,-47.837695]]]}},{"type":"Feature","properties":{},"geometry":{"type":"Polygon","coordinates":[[[-74.66875,-43.607812],[-74.810449,-43.625391],[-74.842676,-43.595508],[-74.841992,-43.570312],[-74.817676,-43.549414],[-74.74502,-43.535938],[-74.697461,-43.553027],[-74.672656,-43.577441],[-74.664795,-43.599609],[-74.66875,-43.607812]]]}},{"type":"Feature","properties":{},"geometry":{"type":"Polygon","coordinates":[[[-73.632178,-44.821484],[-73.664844,-44.83291],[-73.69458,-44.831152],[-73.724756,-44.796875],[-73.734863,-44.75166],[-73.800146,-44.684082],[-73.818457,-44.652148],[-73.816992,-44.613965],[-73.779492,-44.55918],[-73.723926,-44.544238],[-73.686475,-44.546289],[-73.641211,-44.61084],[-73.628223,-44.680762],[-73.616602,-44.75293],[-73.632178,-44.821484]]]}},{"type":"Feature","properties":{},"geometry":{"type":"Polygon","coordinates":[[[-74.567285,-48.591992],[-74.586279,-48.615723],[-74.70957,-48.601172],[-74.923047,-48.626465],[-75.012842,-48.535742],[-75.052148,-48.391406],[-75.078906,-48.361523],[-75.131934,-48.279297],[-75.158496,-48.225293],[-75.212891,-48.141699],[-75.233887,-48.053418],[-75.247266,-48.026758],[-75.198291,-47.974609],[-74.975098,-47.922852],[-74.895654,-47.839355],[-74.827441,-47.850391],[-74.846191,-48.020801],[-74.805225,-48.078223],[-74.729297,-48.125879],[-74.715234,-48.145508],[-74.702393,-48.205859],[-74.664355,-48.299316],[-74.615137,-48.343066],[-74.602441,-48.370313],[-74.600146,-48.393066],[-74.618213,-48.425195],[-74.567285,-48.591992]]]}},{"type":"Feature","properties":{},"geometry":{"type":"Polygon","coordinates":[[[-64.54917,-54.716211],[-64.438818,-54.739355],[-64.220508,-54.721973],[-64.105322,-54.72168],[-64.054932,-54.729883],[-64.032422,-54.742383],[-63.881934,-54.722949],[-63.81543,-54.725098],[-63.832568,-54.767969],[-63.97124,-54.810645],[-64.02832,-54.792578],[-64.3229,-54.796484],[-64.453271,-54.840332],[-64.508691,-54.839941],[-64.637354,-54.902539],[-64.731445,-54.862988],[-64.757324,-54.826562],[-64.689209,-54.774707],[-64.625098,-54.773633],[-64.581348,-54.752734],[-64.54917,-54.716211]]]}},{"type":"Feature","properties":{},"geometry":{"type":"Polygon","coordinates":[[[-61.875781,-39.171875],[-61.865967,-39.234863],[-61.918018,-39.227441],[-62.041602,-39.166895],[-62.083301,-39.110156],[-62.093018,-39.08623],[-61.96665,-39.112207],[-61.907129,-39.135645],[-61.875781,-39.171875]]]}},{"type":"Feature","properties":{},"geometry":{"type":"Polygon","coordinates":[[[-59.682666,-52.231641],[-59.746582,-52.250879],[-59.764453,-52.242188],[-59.784863,-52.204688],[-59.785937,-52.156152],[-59.793311,-52.13418],[-59.753223,-52.141406],[-59.681006,-52.180078],[-59.682666,-52.231641]]]}},{"type":"Feature","properties":{},"geometry":{"type":"Polygon","coordinates":[[[-61.01875,-51.785742],[-60.947266,-51.799512],[-60.875977,-51.794238],[-60.916162,-51.896973],[-60.947559,-51.946289],[-61.031982,-51.94248],[-61.115771,-51.875293],[-61.14502,-51.839453],[-61.05166,-51.813965],[-61.01875,-51.785742]]]}},{"type":"Feature","properties":{},"geometry":{"type":"Polygon","coordinates":[[[-72.923242,-53.481641],[-72.896289,-53.562793],[-72.882227,-53.57832],[-72.809375,-53.565332],[-72.685498,-53.55791],[-72.482275,-53.588086],[-72.459229,-53.598828],[-72.3729,-53.6875],[-72.306689,-53.725391],[-72.20542,-53.807422],[-72.30625,-53.862109],[-72.365967,-53.94082],[-72.369141,-53.980762],[-72.408545,-54.003809],[-72.470508,-54.027734],[-72.562891,-54.07373],[-72.676562,-54.078906],[-72.788623,-54.103125],[-72.840381,-54.125098],[-72.870996,-54.126563],[-72.907275,-54.114648],[-72.946094,-54.09209],[-72.958594,-54.065918],[-72.881738,-54.041602],[-72.781689,-53.954785],[-72.76377,-53.864844],[-72.871729,-53.848535],[-72.936133,-53.86084],[-72.984229,-53.860547],[-73.039453,-53.832813],[-73.073047,-53.875293],[-73.085547,-53.915918],[-73.07085,-53.978027],[-73.080762,-53.998047],[-73.119971,-54.009375],[-73.210645,-53.98584],[-73.304736,-53.943945],[-73.312158,-53.919629],[-73.292871,-53.83584],[-73.294922,-53.79209],[-73.314355,-53.729199],[-73.324805,-53.722656],[-73.360107,-53.724023],[-73.470947,-53.736133],[-73.581641,-53.655469],[-73.641504,-53.570312],[-73.845459,-53.545801],[-73.686523,-53.426855],[-73.44707,-53.410059],[-73.365869,-53.470215],[-73.099365,-53.511914],[-73.115332,-53.448047],[-73.110889,-53.425195],[-73.074316,-53.396777],[-73.053613,-53.394434],[-73.02207,-53.414551],[-72.970947,-53.423047],[-72.947266,-53.44248],[-72.923242,-53.481641]]]}},{"type":"Feature","properties":{},"geometry":{"type":"Polygon","coordinates":[[[-67.079932,-55.153809],[-67.109473,-55.19209],[-67.172559,-55.242578],[-67.257422,-55.281836],[-67.339697,-55.292578],[-67.399268,-55.272266],[-67.429395,-55.236523],[-67.443262,-55.201172],[-67.463477,-55.181738],[-67.494727,-55.177441],[-67.535254,-55.178516],[-67.585205,-55.191992],[-67.691455,-55.242969],[-67.736963,-55.256445],[-67.767773,-55.25957],[-68.07002,-55.221094],[-68.099512,-55.206836],[-68.135107,-55.172656],[-68.174316,-55.071289],[-68.301367,-54.980664],[-68.106934,-54.929395],[-67.874121,-54.929688],[-67.424561,-54.968945],[-67.245264,-54.977637],[-67.107324,-55.063574],[-67.085498,-55.115234],[-67.079932,-55.153809]]]}},{"type":"Feature","properties":{},"geometry":{"type":"Polygon","coordinates":[[[-70.991602,-54.867969],[-70.945117,-54.931348],[-70.92793,-54.942969],[-70.804834,-54.967676],[-70.749316,-54.952734],[-70.615283,-54.945605],[-70.534766,-54.921289],[-70.417529,-54.908887],[-70.283057,-55.065918],[-70.297852,-55.11377],[-70.40415,-55.165625],[-70.475586,-55.177051],[-70.543457,-55.161328],[-70.538721,-55.134961],[-70.551074,-55.111914],[-70.597461,-55.082031],[-70.640918,-55.084863],[-70.710986,-55.106934],[-70.744434,-55.104199],[-70.815479,-55.079883],[-70.939844,-55.061914],[-70.964502,-55.039648],[-70.967285,-55.006836],[-70.990723,-54.99043],[-71.120361,-54.937793],[-71.20332,-54.892969],[-71.273633,-54.886914],[-71.299316,-54.892285],[-71.325342,-54.91377],[-71.388574,-54.934277],[-71.406641,-54.930859],[-71.426904,-54.91377],[-71.437207,-54.889258],[-71.410547,-54.839355],[-71.374268,-54.83457],[-71.19707,-54.844434],[-71.088623,-54.86748],[-70.991602,-54.867969]]]}},{"type":"Feature","properties":{},"geometry":{"type":"Polygon","coordinates":[[[-67.288867,-55.776855],[-67.325293,-55.784766],[-67.352246,-55.766016],[-67.393359,-55.752734],[-67.559961,-55.724805],[-67.563477,-55.707813],[-67.546143,-55.683691],[-67.512793,-55.662012],[-67.448828,-55.640625],[-67.397363,-55.585156],[-67.374072,-55.589355],[-67.350586,-55.612109],[-67.310449,-55.688672],[-67.262451,-55.74375],[-67.267285,-55.762793],[-67.288867,-55.776855]]]}},{"type":"Feature","properties":{},"geometry":{"type":"Polygon","coordinates":[[[-74.558643,-51.277051],[-74.560889,-51.36084],[-74.592578,-51.3875],[-74.620361,-51.395703],[-74.690723,-51.370215],[-74.730908,-51.367383],[-74.797363,-51.411719],[-74.85332,-51.43418],[-74.93667,-51.42832],[-75.047363,-51.39834],[-75.146289,-51.524316],[-75.192432,-51.566699],[-75.289111,-51.625391],[-75.300049,-51.556445],[-75.238477,-51.453516],[-75.21001,-51.383301],[-75.153662,-51.278809],[-75.040332,-51.318164],[-74.881445,-51.279492],[-74.73667,-51.207617],[-74.611572,-51.207129],[-74.570508,-51.24541],[-74.558643,-51.277051]]]}},{"type":"Feature","properties":{},"geometry":{"type":"Polygon","coordinates":[[[-75.054785,-50.296094],[-75.250391,-50.37627],[-75.307861,-50.343066],[-75.449121,-50.343359],[-75.412109,-50.256641],[-75.397852,-50.192676],[-75.376709,-50.167969],[-75.368848,-50.112695],[-75.32666,-50.011816],[-75.209668,-50.04541],[-75.122559,-50.055273],[-75.004248,-50.088672],[-74.875977,-50.109961],[-74.838574,-50.197266],[-74.963379,-50.237305],[-75.054785,-50.296094]]]}},{"type":"Feature","properties":{},"geometry":{"type":"Polygon","coordinates":[[[-74.822949,-51.630176],[-74.780127,-51.824707],[-74.749512,-51.851855],[-74.647461,-51.866211],[-74.536816,-51.965137],[-74.531836,-51.991992],[-74.665967,-52.160059],[-74.694482,-52.279199],[-74.851807,-52.270703],[-74.917725,-52.152246],[-75.017139,-52.037891],[-75.050684,-51.903906],[-75.105371,-51.788867],[-75.008105,-51.72373],[-74.915186,-51.738281],[-74.909668,-51.65],[-74.822949,-51.630176]]]}},{"type":"Feature","properties":{},"geometry":{"type":"Polygon","coordinates":[[[-73.810645,-43.827246],[-73.789648,-43.876465],[-73.833643,-43.883203],[-73.90415,-43.875391],[-73.938281,-43.914258],[-73.955664,-43.921973],[-74.117773,-43.8875],[-74.142969,-43.872168],[-74.139941,-43.820996],[-73.967187,-43.816504],[-73.856934,-43.783789],[-73.841406,-43.788965],[-73.810645,-43.827246]]]}},{"type":"Feature","properties":{},"geometry":{"type":"Polygon","coordinates":[[[-71.390479,-54.032813],[-71.16875,-54.112598],[-71.021924,-54.111816],[-71.022852,-54.161719],[-71.004883,-54.24668],[-71.028027,-54.281152],[-71.082959,-54.316309],[-71.117529,-54.366309],[-71.143262,-54.374023],[-71.304639,-54.313574],[-71.473291,-54.231152],[-71.558105,-54.245605],[-71.670605,-54.225391],[-71.76123,-54.229785],[-71.817578,-54.276465],[-71.948535,-54.300879],[-71.972363,-54.207227],[-72.091553,-54.11875],[-72.210449,-54.047754],[-72.146045,-53.938867],[-72.068945,-53.921289],[-71.996484,-53.884863],[-71.705127,-53.92334],[-71.55415,-53.956055],[-71.390479,-54.032813]]]}},{"type":"Feature","properties":{},"geometry":{"type":"Polygon","coordinates":[[[-74.142187,-51.931055],[-74.17207,-51.94209],[-74.283105,-51.91875],[-74.338672,-51.897949],[-74.423633,-51.845117],[-74.437109,-51.790625],[-74.475391,-51.725684],[-74.450781,-51.724902],[-74.362109,-51.750684],[-74.325684,-51.770215],[-74.277051,-51.811621],[-74.133398,-51.870898],[-74.11543,-51.888477],[-74.118896,-51.911133],[-74.142187,-51.931055]]]}},{"type":"Feature","properties":{},"geometry":{"type":"Polygon","coordinates":[[[-73.735352,-44.394531],[-73.78457,-44.4375],[-73.862305,-44.445117],[-73.983301,-44.494824],[-73.996045,-44.537988],[-74.002051,-44.590918],[-73.918555,-44.654687],[-73.877393,-44.728809],[-73.827881,-44.839844],[-73.792139,-44.945801],[-73.795361,-44.978613],[-73.786475,-45.033594],[-73.727148,-45.119043],[-73.72168,-45.157617],[-73.728174,-45.195898],[-73.7521,-45.266797],[-73.770996,-45.276563],[-73.829883,-45.283496],[-73.834473,-45.326562],[-73.848975,-45.340625],[-74.01626,-45.344922],[-74.099072,-45.325391],[-74.089258,-45.195703],[-74.195215,-45.144824],[-74.267969,-45.058984],[-74.349902,-44.91084],[-74.41875,-44.865234],[-74.498828,-44.748145],[-74.617773,-44.647949],[-74.480518,-44.58457],[-74.501807,-44.473535],[-74.42168,-44.435449],[-74.301221,-44.395703],[-74.2125,-44.426953],[-74.132812,-44.415918],[-74.097217,-44.389355],[-74.108105,-44.275879],[-74.082812,-44.186426],[-73.994922,-44.140234],[-73.900195,-44.134863],[-73.864551,-44.185352],[-73.817773,-44.234961],[-73.703223,-44.274121],[-73.703711,-44.325391],[-73.735352,-44.394531]]]}},{"type":"Feature","properties":{},"geometry":{"type":"Polygon","coordinates":[[[-74.312891,-45.691504],[-74.368457,-45.73584],[-74.465527,-45.757227],[-74.561621,-45.722461],[-74.677734,-45.738574],[-74.689844,-45.662598],[-74.646436,-45.6],[-74.558398,-45.525586],[-74.494678,-45.425879],[-74.502344,-45.285156],[-74.45,-45.25293],[-74.421875,-45.203223],[-74.310547,-45.172656],[-74.2854,-45.277246],[-74.31543,-45.464063],[-74.240039,-45.574512],[-74.229199,-45.611328],[-74.243896,-45.653613],[-74.312891,-45.691504]]]}},{"type":"Feature","properties":{},"geometry":{"type":"Polygon","coordinates":[[[-73.566504,45.469092],[-73.643555,45.449121],[-73.775342,45.467627],[-73.920215,45.441943],[-73.960547,45.441406],[-73.85293,45.515723],[-73.687451,45.561426],[-73.522461,45.701172],[-73.476074,45.704736],[-73.538867,45.546436],[-73.55166,45.489844],[-73.566504,45.469092]]]}},{"type":"Feature","properties":{},"geometry":{"type":"Polygon","coordinates":[[[-73.695312,45.585498],[-73.815918,45.564893],[-73.857715,45.573584],[-73.724658,45.671826],[-73.572363,45.694482],[-73.695312,45.585498]]]}},{"type":"Feature","properties":{},"geometry":{"type":"Polygon","coordinates":[[[-60.961572,45.489941],[-61.002881,45.481738],[-61.0125,45.496045],[-61.076172,45.537305],[-61.081738,45.557812],[-61.025977,45.577344],[-60.912451,45.567285],[-60.953027,45.515527],[-60.961572,45.489941]]]}},{"type":"Feature","properties":{},"geometry":{"type":"Polygon","coordinates":[[[-61.914111,47.284521],[-61.878711,47.265527],[-61.815479,47.267578],[-61.772559,47.259814],[-61.83374,47.222607],[-61.95083,47.218994],[-62.008301,47.234277],[-61.924707,47.425146],[-61.827295,47.469092],[-61.627832,47.593848],[-61.548047,47.631787],[-61.474072,47.646777],[-61.395508,47.637646],[-61.475537,47.563965],[-61.582227,47.56001],[-61.684082,47.49873],[-61.750879,47.430811],[-61.83125,47.392041],[-61.886621,47.344629],[-61.914111,47.284521]]]}},{"type":"Feature","properties":{},"geometry":{"type":"Polygon","coordinates":[[[-64.508594,47.886719],[-64.533887,47.81377],[-64.621289,47.751904],[-64.664648,47.747607],[-64.68457,47.753613],[-64.660498,47.793555],[-64.663281,47.863037],[-64.591113,47.872461],[-64.564844,47.86626],[-64.508594,47.886719]]]}},{"type":"Feature","properties":{},"geometry":{"type":"Polygon","coordinates":[[[-64.476074,47.958887],[-64.591309,47.907227],[-64.540723,47.984961],[-64.51958,48.005078],[-64.500195,48.01377],[-64.48125,48.006934],[-64.476074,47.958887]]]}},{"type":"Feature","properties":{},"geometry":{"type":"Polygon","coordinates":[[[-71.025732,46.872949],[-71.11665,46.864844],[-71.094971,46.899561],[-70.97085,46.961426],[-70.879639,46.996094],[-70.825781,46.995361],[-70.913477,46.919531],[-71.025732,46.872949]]]}},{"type":"Feature","properties":{},"geometry":{"type":"Polygon","coordinates":[[[-66.273779,44.292285],[-66.324121,44.257324],[-66.311914,44.291602],[-66.250488,44.379004],[-66.210352,44.392041],[-66.273779,44.292285]]]}},{"type":"Feature","properties":{},"geometry":{"type":"Polygon","coordinates":[[[-68.623193,44.196045],[-68.661182,44.17627],[-68.701709,44.182666],[-68.703027,44.231982],[-68.690771,44.24873],[-68.676758,44.256201],[-68.655957,44.242334],[-68.623193,44.196045]]]}},{"type":"Feature","properties":{},"geometry":{"type":"Polygon","coordinates":[[[-66.7625,44.681787],[-66.89707,44.628906],[-66.844727,44.763916],[-66.802148,44.805371],[-66.74541,44.791406],[-66.753369,44.709814],[-66.7625,44.681787]]]}},{"type":"Feature","properties":{},"geometry":{"type":"Polygon","coordinates":[[[-68.187256,44.332471],[-68.245459,44.312988],[-68.309277,44.321484],[-68.307959,44.268701],[-68.315088,44.249707],[-68.385791,44.276855],[-68.411719,44.294336],[-68.409473,44.364258],[-68.347021,44.430371],[-68.299414,44.456494],[-68.238037,44.438379],[-68.190918,44.364355],[-68.187256,44.332471]]]}},{"type":"Feature","properties":{},"geometry":{"type":"Polygon","coordinates":[[[113.844531,-7.105371],[113.825586,-7.119922],[113.655859,-7.111719],[113.546387,-7.193359],[113.470703,-7.218457],[113.198438,-7.218359],[113.166016,-7.207324],[113.141895,-7.207617],[113.126953,-7.224121],[113.04043,-7.211816],[112.76377,-7.139648],[112.725879,-7.072754],[112.76875,-7.00127],[112.868066,-6.899902],[113.067383,-6.87998],[113.974707,-6.873047],[114.073633,-6.960156],[114.083008,-6.989355],[113.885352,-7.049023],[113.844531,-7.105371]]]}},{"type":"Feature","properties":{},"geometry":{"type":"Polygon","coordinates":[[[158.878809,-54.709766],[158.845215,-54.749219],[158.835938,-54.704004],[158.896973,-54.506055],[158.958887,-54.472363],[158.945605,-54.575],[158.878809,-54.709766]]]}},{"type":"Feature","properties":{},"geometry":{"type":"Polygon","coordinates":[[[-173.953516,-18.639355],[-173.991309,-18.698633],[-174.009326,-18.697754],[-174.053125,-18.663379],[-174.069141,-18.640234],[-174.002441,-18.570703],[-173.968066,-18.565332],[-173.921875,-18.588574],[-173.923975,-18.608496],[-173.953516,-18.639355]]]}},{"type":"Feature","properties":{},"geometry":{"type":"Polygon","coordinates":[[[-151.409814,-16.877734],[-151.449463,-16.879297],[-151.485498,-16.863672],[-151.476416,-16.760742],[-151.466748,-16.739648],[-151.411182,-16.774414],[-151.364502,-16.864258],[-151.409814,-16.877734]]]}},{"type":"Feature","properties":{},"geometry":{"type":"Polygon","coordinates":[[[-157.342139,1.855566],[-157.175781,1.739844],[-157.246143,1.731738],[-157.420117,1.787549],[-157.578955,1.902051],[-157.531494,1.926855],[-157.508203,1.885693],[-157.43584,1.847266],[-157.393213,1.927686],[-157.365186,1.946094],[-157.492188,2.029297],[-157.441895,2.025049],[-157.321875,1.968555],[-157.342139,1.855566]]]}},{"type":"Feature","properties":{},"geometry":{"type":"Polygon","coordinates":[[[-139.024316,-9.695215],[-138.874463,-9.747168],[-138.827344,-9.741602],[-138.874951,-9.792871],[-139.024268,-9.820703],[-139.073682,-9.845703],[-139.134082,-9.829492],[-139.166455,-9.770215],[-139.024316,-9.695215]]]}},{"type":"Feature","properties":{},"geometry":{"type":"Polygon","coordinates":[[[-139.059717,-9.931348],[-139.133984,-10.00957],[-139.134229,-9.92627],[-139.107471,-9.91543],[-139.083154,-9.91543],[-139.059717,-9.931348]]]}},{"type":"Feature","properties":{},"geometry":{"type":"Polygon","coordinates":[[[-138.651123,-10.515332],[-138.687744,-10.532422],[-138.690381,-10.425586],[-138.64292,-10.445898],[-138.624463,-10.462988],[-138.632373,-10.492188],[-138.651123,-10.515332]]]}},{"type":"Feature","properties":{},"geometry":{"type":"Polygon","coordinates":[[[-149.321533,-17.690039],[-149.177686,-17.736621],[-149.150879,-17.812109],[-149.181787,-17.862305],[-149.254492,-17.849902],[-149.290479,-17.822461],[-149.341113,-17.732422],[-149.481689,-17.752734],[-149.578906,-17.734961],[-149.632812,-17.617578],[-149.63501,-17.564258],[-149.611426,-17.531641],[-149.508105,-17.496387],[-149.379199,-17.522363],[-149.330078,-17.588965],[-149.321533,-17.690039]]]}},{"type":"Feature","properties":{},"geometry":{"type":"Polygon","coordinates":[[[-140.072607,-8.910449],[-140.170557,-8.933984],[-140.217432,-8.929688],[-140.252686,-8.848047],[-140.240039,-8.797559],[-140.224414,-8.781543],[-140.057666,-8.801465],[-140.043701,-8.838477],[-140.046143,-8.873633],[-140.072607,-8.910449]]]}},{"type":"Feature","properties":{},"geometry":{"type":"Polygon","coordinates":[[[-140.075635,-9.425977],[-140.097363,-9.444141],[-140.138037,-9.384375],[-140.144385,-9.359375],[-140.070947,-9.328125],[-140.031104,-9.344727],[-140.075635,-9.425977]]]}},{"type":"Feature","properties":{},"geometry":{"type":"Polygon","coordinates":[[[-172.333496,-13.465234],[-172.221533,-13.55957],[-172.176855,-13.684668],[-172.224951,-13.804297],[-172.330859,-13.774707],[-172.484521,-13.800195],[-172.535693,-13.791699],[-172.658789,-13.644824],[-172.744092,-13.578711],[-172.778516,-13.516797],[-172.669629,-13.523828],[-172.510889,-13.482813],[-172.333496,-13.465234]]]}},{"type":"Feature","properties":{},"geometry":{"type":"Polygon","coordinates":[[[-178.956494,-17.272852],[-178.981836,-17.307031],[-179.003906,-17.294922],[-178.975537,-17.2375],[-178.971484,-17.212695],[-179.014941,-17.182422],[-179.017676,-17.161328],[-179.005029,-17.14834],[-178.952832,-17.182031],[-178.921143,-17.208398],[-178.914844,-17.223047],[-178.924561,-17.248633],[-178.956494,-17.272852]]]}},{"type":"Feature","properties":{},"geometry":{"type":"Polygon","coordinates":[[[-159.339063,3.923535],[-159.259326,3.839209],[-159.274756,3.796582],[-159.332275,3.800488],[-159.35874,3.815332],[-159.313672,3.822656],[-159.30625,3.838379],[-159.326807,3.863184],[-159.354199,3.880518],[-159.373193,3.880518],[-159.377783,3.846631],[-159.409033,3.873242],[-159.390967,3.899561],[-159.369043,3.916992],[-159.339063,3.923535]]]}},{"type":"Feature","properties":{},"geometry":{"type":"Polygon","coordinates":[[[-171.454102,-14.046484],[-171.728223,-14.047266],[-171.86377,-14.002051],[-171.911914,-14.00166],[-172.028076,-13.906836],[-172.045898,-13.857129],[-171.984863,-13.824414],[-171.858154,-13.807129],[-171.603906,-13.879199],[-171.56543,-13.943066],[-171.506885,-13.949902],[-171.461377,-13.977637],[-171.449561,-14.022461],[-171.454102,-14.046484]]]}},{"type":"Feature","properties":{},"geometry":{"type":"Polygon","coordinates":[[[-170.72627,-14.351172],[-170.769238,-14.359766],[-170.820508,-14.312109],[-170.72085,-14.275977],[-170.68916,-14.257422],[-170.568115,-14.266797],[-170.640479,-14.282227],[-170.72627,-14.351172]]]}},{"type":"Feature","properties":{},"geometry":{"type":"Polygon","coordinates":[[[-169.803418,-19.083008],[-169.903809,-19.137891],[-169.94834,-19.072852],[-169.90874,-18.990234],[-169.861572,-18.968652],[-169.834033,-18.966016],[-169.793408,-19.042578],[-169.803418,-19.083008]]]}},{"type":"Feature","properties":{},"geometry":{"type":"Polygon","coordinates":[[[-176.160596,-13.332813],[-176.176904,-13.340918],[-176.195361,-13.30166],[-176.171191,-13.242578],[-176.147949,-13.22168],[-176.128076,-13.268164],[-176.160596,-13.332813]]]}},{"type":"Feature","properties":{},"geometry":{"type":"Polygon","coordinates":[[[-174.913135,-21.300488],[-174.918652,-21.450586],[-174.967529,-21.381738],[-174.972949,-21.349805],[-174.923486,-21.303418],[-174.913135,-21.300488]]]}},{"type":"Feature","properties":{},"geometry":{"type":"Polygon","coordinates":[[[134.59541,7.382031],[134.534668,7.360645],[134.50625,7.437109],[134.515723,7.525781],[134.555957,7.593945],[134.599707,7.615771],[134.608691,7.623584],[134.651172,7.712109],[134.65957,7.663281],[134.632715,7.501318],[134.598242,7.438281],[134.59541,7.382031]]]}},{"type":"Feature","properties":{},"geometry":{"type":"Polygon","coordinates":[[[145.777539,18.078955],[145.729102,18.056934],[145.789258,18.15542],[145.807422,18.172656],[145.835449,18.136768],[145.777539,18.078955]]]}},{"type":"Feature","properties":{},"geometry":{"type":"Polygon","coordinates":[[[145.751953,15.133154],[145.749219,15.107227],[145.698242,15.113525],[145.684277,15.125098],[145.713184,15.215283],[145.786328,15.256885],[145.821875,15.265381],[145.788574,15.222656],[145.782324,15.174609],[145.751953,15.133154]]]}},{"type":"Feature","properties":{},"geometry":{"type":"Polygon","coordinates":[[[144.741797,13.259277],[144.699512,13.25752],[144.662793,13.291064],[144.65,13.313477],[144.649316,13.428711],[144.790332,13.526855],[144.836719,13.622363],[144.875391,13.614648],[144.909668,13.599023],[144.94082,13.570312],[144.779883,13.411133],[144.741797,13.259277]]]}},{"type":"Feature","properties":{},"geometry":{"type":"Polygon","coordinates":[[[145.662305,14.970508],[145.620996,14.919531],[145.591602,14.998828],[145.586719,15.030811],[145.624805,15.060156],[145.647363,15.059473],[145.662305,14.970508]]]}},{"type":"Feature","properties":{},"geometry":{"type":"Polygon","coordinates":[[[138.142676,9.500684],[138.06709,9.419043],[138.061914,9.445752],[138.085059,9.49458],[138.116895,9.550195],[138.146973,9.583594],[138.18584,9.593311],[138.213574,9.547217],[138.18252,9.507373],[138.142676,9.500684]]]}},{"type":"Feature","properties":{},"geometry":{"type":"Polygon","coordinates":[[[178.487891,-18.974121],[178.487695,-19.01709],[178.358984,-19.045605],[178.315625,-19.010156],[178.287988,-19.003711],[178.211328,-19.066504],[178.18916,-19.092285],[178.181836,-19.111719],[178.162109,-19.121484],[178.020801,-19.15166],[177.958691,-19.121582],[178.000781,-19.101074],[178.051953,-19.060156],[178.104102,-19.066211],[178.156641,-19.02793],[178.208398,-18.969629],[178.282227,-18.957031],[178.334277,-18.934473],[178.420313,-18.950781],[178.487891,-18.974121]]]}},{"type":"Feature","properties":{},"geometry":{"type":"Polygon","coordinates":[[[167.584863,-14.260938],[167.543262,-14.311621],[167.430273,-14.294922],[167.403516,-14.281543],[167.410742,-14.197461],[167.439063,-14.168457],[167.506445,-14.142188],[167.598926,-14.183789],[167.584863,-14.260938]]]}},{"type":"Feature","properties":{},"geometry":{"type":"Polygon","coordinates":[[[167.488867,-13.907227],[167.474219,-13.91709],[167.451074,-13.909375],[167.391797,-13.788379],[167.406836,-13.748047],[167.481055,-13.709473],[167.547266,-13.77666],[167.553516,-13.813965],[167.553027,-13.845703],[167.542871,-13.873145],[167.498633,-13.88457],[167.488867,-13.907227]]]}},{"type":"Feature","properties":{},"geometry":{"type":"Polygon","coordinates":[[[169.896289,-20.186621],[169.861133,-20.241797],[169.807031,-20.241113],[169.7375,-20.202148],[169.750684,-20.15332],[169.829492,-20.144727],[169.852344,-20.147949],[169.896289,-20.186621]]]}},{"type":"Feature","properties":{},"geometry":{"type":"Polygon","coordinates":[[[169.491309,-19.540137],[169.438477,-19.648828],[169.347266,-19.623535],[169.261914,-19.54502],[169.21748,-19.476367],[169.247461,-19.344727],[169.291113,-19.321777],[169.336719,-19.329297],[169.359961,-19.457813],[169.491309,-19.540137]]]}},{"type":"Feature","properties":{},"geometry":{"type":"Polygon","coordinates":[[[169.334375,-18.940234],[169.288281,-18.988574],[169.248047,-18.983301],[168.986914,-18.871289],[168.997852,-18.825195],[168.987109,-18.707617],[169.01582,-18.64375],[169.087891,-18.61748],[169.143848,-18.631055],[169.178027,-18.725098],[169.255762,-18.763379],[169.201172,-18.795703],[169.296191,-18.866797],[169.334375,-18.940234]]]}},{"type":"Feature","properties":{},"geometry":{"type":"Polygon","coordinates":[[[168.010938,-21.42998],[168.05791,-21.448438],[168.139063,-21.445215],[168.120703,-21.61582],[168.006445,-21.643164],[167.966797,-21.641602],[167.941309,-21.605762],[167.875879,-21.582129],[167.879102,-21.523633],[167.81543,-21.392676],[167.925977,-21.372852],[167.988477,-21.337891],[167.984961,-21.369727],[167.994629,-21.406934],[168.010938,-21.42998]]]}},{"type":"Feature","properties":{},"geometry":{"type":"Polygon","coordinates":[[[166.546777,-20.69873],[166.493555,-20.708594],[166.557813,-20.61709],[166.559668,-20.561133],[166.585449,-20.450488],[166.58252,-20.413379],[166.624707,-20.418262],[166.670801,-20.450195],[166.617871,-20.477539],[166.600293,-20.525391],[166.602148,-20.585352],[166.622559,-20.596289],[166.588867,-20.661914],[166.546777,-20.69873]]]}},{"type":"Feature","properties":{},"geometry":{"type":"Polygon","coordinates":[[[167.400879,-21.160645],[167.346191,-21.16875],[167.273242,-21.096777],[167.133887,-21.060645],[167.072656,-20.997266],[167.032715,-20.922559],[167.111719,-20.904102],[167.189453,-20.803516],[167.136426,-20.766113],[167.04502,-20.759473],[167.055762,-20.720215],[167.204004,-20.673535],[167.268945,-20.700586],[167.297949,-20.73252],[167.293457,-20.891504],[167.36084,-20.94209],[167.430566,-21.055273],[167.430273,-21.087012],[167.400879,-21.160645]]]}},{"type":"Feature","properties":{},"geometry":{"type":"Polygon","coordinates":[[[167.544434,-22.623242],[167.512695,-22.661133],[167.473438,-22.65332],[167.44375,-22.63916],[167.42207,-22.618555],[167.443457,-22.541406],[167.529492,-22.579199],[167.544434,-22.623242]]]}},{"type":"Feature","properties":{},"geometry":{"type":"Polygon","coordinates":[[[159.951758,-19.311719],[159.936426,-19.333105],[159.928223,-19.174316],[159.959863,-19.114648],[159.975098,-19.238281],[159.951758,-19.311719]]]}},{"type":"Feature","properties":{},"geometry":{"type":"Polygon","coordinates":[[[166.929199,-11.665137],[166.84082,-11.681348],[166.805957,-11.677344],[166.747461,-11.59082],[166.790918,-11.571289],[166.855469,-11.578809],[166.875098,-11.629688],[166.929199,-11.665137]]]}},{"type":"Feature","properties":{},"geometry":{"type":"Polygon","coordinates":[[[166.133203,-10.757812],[166.05332,-10.775098],[166.02793,-10.770215],[165.968164,-10.779492],[165.904004,-10.851465],[165.856543,-10.841406],[165.819336,-10.844043],[165.791016,-10.784766],[165.79043,-10.756055],[165.835938,-10.760645],[165.859863,-10.703027],[165.90918,-10.674316],[166.023828,-10.661133],[166.125684,-10.679883],[166.162109,-10.693066],[166.129883,-10.745215],[166.133203,-10.757812]]]}},{"type":"Feature","properties":{},"geometry":{"type":"Polygon","coordinates":[[[160.57627,-11.797852],[160.506543,-11.832227],[160.443066,-11.814941],[160.394531,-11.788867],[160.355078,-11.711914],[160.270215,-11.663965],[160.149512,-11.643945],[160.1,-11.610742],[160.087109,-11.594336],[160.003516,-11.57959],[159.979297,-11.537988],[159.986328,-11.494727],[160,-11.471973],[160.077344,-11.492871],[160.44873,-11.695898],[160.537109,-11.758789],[160.57627,-11.797852]]]}},{"type":"Feature","properties":{},"geometry":{"type":"Polygon","coordinates":[[[160.749414,-8.313965],[160.997656,-8.612012],[160.987793,-8.664844],[160.954102,-8.698926],[160.944336,-8.799023],[160.975586,-8.8375],[161.043457,-8.855078],[161.158691,-8.961816],[161.204688,-9.09248],[161.208789,-9.132617],[161.256641,-9.191992],[161.258496,-9.316895],[161.367969,-9.490332],[161.377539,-9.57373],[161.367383,-9.61123],[161.321875,-9.589551],[161.191016,-9.392871],[161.041504,-9.308008],[161.024414,-9.271484],[160.873438,-9.156836],[160.77207,-8.963867],[160.662598,-8.620605],[160.714063,-8.539258],[160.59043,-8.372754],[160.596289,-8.328223],[160.648535,-8.338379],[160.684766,-8.336328],[160.702148,-8.316504],[160.749414,-8.313965]]]}},{"type":"Feature","properties":{},"geometry":{"type":"Polygon","coordinates":[[[161.715332,-10.387305],[161.841113,-10.446094],[161.914355,-10.436426],[162.022852,-10.476855],[162.105371,-10.453809],[162.156836,-10.506055],[162.287207,-10.709961],[162.287988,-10.776172],[162.37334,-10.823242],[162.30127,-10.832129],[162.20127,-10.807813],[162.123633,-10.824414],[162.042676,-10.784863],[161.905859,-10.764355],[161.786816,-10.716895],[161.537891,-10.566406],[161.539258,-10.491309],[161.499121,-10.45459],[161.487012,-10.361426],[161.397949,-10.331934],[161.293945,-10.326465],[161.285547,-10.282422],[161.304785,-10.204395],[161.382324,-10.205566],[161.475684,-10.237988],[161.653809,-10.351855],[161.697949,-10.371289],[161.715332,-10.387305]]]}},{"type":"Feature","properties":{},"geometry":{"type":"Polygon","coordinates":[[[161.547852,-9.625684],[161.558887,-9.732715],[161.553809,-9.769727],[161.47793,-9.691113],[161.44248,-9.718945],[161.409766,-9.681641],[161.412012,-9.600391],[161.416992,-9.51377],[161.402246,-9.448145],[161.36416,-9.353418],[161.406836,-9.368457],[161.547852,-9.625684]]]}},{"type":"Feature","properties":{},"geometry":{"type":"Polygon","coordinates":[[[159.188574,-9.123535],[159.175098,-9.125977],[159.128125,-9.11377],[159.071094,-9.109668],[159.036328,-9.075],[159.077637,-9.025391],[159.129785,-8.993066],[159.153711,-9.001367],[159.176074,-9.02207],[159.228418,-9.02998],[159.233984,-9.09375],[159.188574,-9.123535]]]}},{"type":"Feature","properties":{},"geometry":{"type":"Polygon","coordinates":[[[160.168164,-8.995508],[160.225684,-9.00957],[160.253516,-9.007324],[160.319336,-9.061133],[160.40752,-9.140332],[160.371484,-9.18125],[160.3,-9.160352],[160.275977,-9.168652],[160.268164,-9.163184],[160.253125,-9.123438],[160.175195,-9.084082],[160.105371,-9.080762],[160.096289,-9.033984],[160.168164,-8.995508]]]}},{"type":"Feature","properties":{},"geometry":{"type":"Polygon","coordinates":[[[159.687695,-8.50791],[159.640039,-8.521484],[159.569238,-8.484766],[159.538477,-8.451367],[159.553223,-8.399219],[159.594629,-8.379492],[159.641602,-8.414453],[159.646289,-8.450391],[159.687695,-8.50791]]]}},{"type":"Feature","properties":{},"geometry":{"type":"Polygon","coordinates":[[[157.763477,-8.242188],[157.82627,-8.324023],[157.898438,-8.506348],[157.885449,-8.569141],[157.833691,-8.572656],[157.819336,-8.612012],[157.749219,-8.523633],[157.655957,-8.499707],[157.587891,-8.44541],[157.564551,-8.337793],[157.558008,-8.269922],[157.504199,-8.258301],[157.351367,-8.275293],[157.302441,-8.333301],[157.232422,-8.314844],[157.217578,-8.262793],[157.228516,-8.211621],[157.321582,-8.16123],[157.340625,-8.096387],[157.433398,-7.984668],[157.490625,-7.965723],[157.598828,-8.005957],[157.612305,-8.164844],[157.65127,-8.216797],[157.763477,-8.242188]]]}},{"type":"Feature","properties":{},"geometry":{"type":"Polygon","coordinates":[[[158.200781,-8.821973],[158.178809,-8.825781],[158.155371,-8.785938],[158.209961,-8.678125],[158.236328,-8.764844],[158.253418,-8.797363],[158.200781,-8.821973]]]}},{"type":"Feature","properties":{},"geometry":{"type":"Polygon","coordinates":[[[158.10791,-8.68418],[158.009473,-8.763086],[157.937598,-8.736426],[157.879297,-8.66875],[157.898438,-8.587207],[157.909277,-8.565625],[157.938281,-8.560938],[157.966992,-8.544238],[157.998438,-8.508203],[158.105469,-8.536816],[158.132227,-8.556641],[158.068359,-8.606641],[158.089648,-8.622656],[158.103516,-8.646484],[158.10791,-8.68418]]]}},{"type":"Feature","properties":{},"geometry":{"type":"Polygon","coordinates":[[[157.388965,-8.713477],[157.389063,-8.728125],[157.333887,-8.7],[157.212305,-8.565039],[157.233789,-8.519922],[157.345117,-8.432422],[157.379492,-8.420898],[157.410938,-8.475098],[157.383496,-8.555078],[157.34707,-8.575488],[157.332227,-8.650684],[157.388965,-8.713477]]]}},{"type":"Feature","properties":{},"geometry":{"type":"Polygon","coordinates":[[[156.687891,-7.923047],[156.66875,-7.936816],[156.635352,-7.882812],[156.611035,-7.865918],[156.611719,-7.805762],[156.510938,-7.707813],[156.502441,-7.640234],[156.560938,-7.574023],[156.639648,-7.612598],[156.717676,-7.695703],[156.809082,-7.722852],[156.790234,-7.77793],[156.708008,-7.876953],[156.687891,-7.923047]]]}},{"type":"Feature","properties":{},"geometry":{"type":"Polygon","coordinates":[[[156.603906,-8.171582],[156.591699,-8.196289],[156.539648,-8.072949],[156.542285,-8.01084],[156.55127,-7.970996],[156.570312,-7.958789],[156.612402,-8.096191],[156.603906,-8.171582]]]}},{"type":"Feature","properties":{},"geometry":{"type":"Polygon","coordinates":[[[157.171875,-8.108105],[157.15,-8.123242],[157.041211,-8.11748],[156.958301,-8.014355],[156.958984,-7.937988],[157.024121,-7.867871],[157.102734,-7.855469],[157.145801,-7.882617],[157.186133,-7.941211],[157.200586,-8.015918],[157.191504,-8.081836],[157.171875,-8.108105]]]}},{"type":"Feature","properties":{},"geometry":{"type":"Polygon","coordinates":[[[155.839844,-7.097168],[155.739355,-7.121094],[155.677539,-7.088965],[155.70498,-7.012695],[155.738965,-6.972949],[155.864648,-7.043262],[155.839844,-7.097168]]]}},{"type":"Feature","properties":{},"geometry":{"type":"Polygon","coordinates":[[[162.983203,5.325732],[162.993457,5.277246],[162.929883,5.300781],[162.921094,5.31792],[162.958203,5.33501],[162.983203,5.325732]]]}},{"type":"Feature","properties":{},"geometry":{"type":"Polygon","coordinates":[[[158.314844,6.813672],[158.256543,6.791016],[158.183398,6.80127],[158.16084,6.882812],[158.127637,6.904639],[158.134766,6.944824],[158.186133,6.977734],[158.294629,6.951074],[158.334961,6.893164],[158.309375,6.854639],[158.314844,6.813672]]]}},{"type":"Feature","properties":{},"geometry":{"type":"Polygon","coordinates":[[[175.543164,-36.279297],[175.551172,-36.333887],[175.474609,-36.314453],[175.444629,-36.273242],[175.358789,-36.230664],[175.346191,-36.217773],[175.336621,-36.134766],[175.381641,-36.094824],[175.389551,-36.077734],[175.409375,-36.070898],[175.444336,-36.114648],[175.512598,-36.176953],[175.543164,-36.279297]]]}},{"type":"Feature","properties":{},"geometry":{"type":"Polygon","coordinates":[[[173.914648,-40.863672],[173.780859,-40.921777],[173.78623,-40.881445],[173.812402,-40.793652],[173.87334,-40.749316],[173.90332,-40.746289],[173.964453,-40.712988],[173.958008,-40.786816],[173.914648,-40.863672]]]}},{"type":"Feature","properties":{},"geometry":{"type":"Polygon","coordinates":[[[166.746289,-45.655859],[166.741016,-45.70498],[166.729199,-45.729688],[166.694531,-45.729883],[166.64248,-45.724414],[166.591699,-45.701758],[166.55918,-45.708203],[166.532031,-45.699805],[166.56709,-45.644434],[166.685645,-45.615039],[166.731445,-45.638672],[166.746289,-45.655859]]]}},{"type":"Feature","properties":{},"geometry":{"type":"Polygon","coordinates":[[[-176.177637,-43.740332],[-176.213525,-43.766309],[-176.274854,-43.764844],[-176.381738,-43.866797],[-176.375244,-43.790625],[-176.407373,-43.760938],[-176.499121,-43.768066],[-176.516553,-43.784766],[-176.454932,-43.804883],[-176.44126,-43.816113],[-176.500146,-43.860156],[-176.439111,-43.954688],[-176.385449,-43.951465],[-176.333594,-44.025293],[-176.333838,-44.048438],[-176.452783,-44.076855],[-176.515527,-44.116602],[-176.571533,-44.114941],[-176.597998,-44.107227],[-176.629346,-44.036133],[-176.631543,-44.00625],[-176.562744,-43.954102],[-176.523779,-43.900977],[-176.555127,-43.851953],[-176.63457,-43.820215],[-176.807959,-43.83457],[-176.847656,-43.823926],[-176.761084,-43.75791],[-176.667236,-43.765137],[-176.566113,-43.717578],[-176.177637,-43.740332]]]}},{"type":"Feature","properties":{},"geometry":{"type":"Polygon","coordinates":[[[-176.176465,-44.32168],[-176.220801,-44.330566],[-176.2146,-44.273535],[-176.229297,-44.236719],[-176.154687,-44.224512],[-176.122559,-44.268457],[-176.176465,-44.32168]]]}},{"type":"Feature","properties":{},"geometry":{"type":"Polygon","coordinates":[[[169.178223,-52.497266],[169.233496,-52.548242],[169.127539,-52.570312],[169.075977,-52.551855],[169.039844,-52.528516],[169.021777,-52.49541],[169.079102,-52.498828],[169.128613,-52.485156],[169.178223,-52.497266]]]}},{"type":"Feature","properties":{},"geometry":{"type":"Polygon","coordinates":[[[166.221094,-50.761523],[166.242871,-50.845703],[166.187891,-50.846094],[166.073242,-50.822656],[166.037695,-50.786719],[166.013281,-50.77793],[165.971387,-50.819531],[165.904102,-50.821484],[165.88916,-50.807715],[165.915625,-50.763086],[166.073828,-50.679004],[166.103125,-50.573047],[166.101367,-50.538965],[166.225098,-50.530957],[166.254297,-50.543945],[166.26748,-50.558594],[166.259375,-50.577246],[166.20957,-50.612012],[166.207617,-50.652441],[166.22041,-50.694336],[166.179492,-50.714648],[166.200781,-50.750879],[166.221094,-50.761523]]]}},{"type":"Feature","properties":{},"geometry":{"type":"Polygon","coordinates":[[[168.144922,-46.862207],[168.145313,-46.902148],[168.041016,-46.887793],[168.043164,-46.932617],[168.125488,-46.956152],[168.155957,-46.988281],[168.241406,-46.979004],[168.260645,-47.027051],[168.240918,-47.07002],[168.183887,-47.101562],[168.015039,-47.11748],[167.905566,-47.179883],[167.810742,-47.17041],[167.784961,-47.176074],[167.676367,-47.242969],[167.554883,-47.263672],[167.521973,-47.258691],[167.53877,-47.199023],[167.629004,-47.142285],[167.630957,-47.087793],[167.654102,-47.044238],[167.740918,-47.013574],[167.741992,-46.956836],[167.800781,-46.906543],[167.765234,-46.797656],[167.783984,-46.699805],[167.955762,-46.694434],[168.144922,-46.862207]]]}},{"type":"Feature","properties":{},"geometry":{"type":"Polygon","coordinates":[[[137.093652,-15.778125],[137.050879,-15.824414],[136.996484,-15.775781],[136.985059,-15.725977],[136.942676,-15.711719],[136.963379,-15.665723],[136.985742,-15.652441],[137.00957,-15.594824],[137.064551,-15.662891],[137.071094,-15.738086],[137.093652,-15.778125]]]}},{"type":"Feature","properties":{},"geometry":{"type":"Polygon","coordinates":[[[136.862695,-15.619922],[136.846777,-15.627344],[136.845605,-15.544043],[136.876855,-15.502539],[136.890234,-15.588867],[136.862695,-15.619922]]]}},{"type":"Feature","properties":{},"geometry":{"type":"Polygon","coordinates":[[[136.591016,-15.628223],[136.531152,-15.632422],[136.514258,-15.627344],[136.502734,-15.583105],[136.522559,-15.543164],[136.586035,-15.533691],[136.612305,-15.544141],[136.591016,-15.628223]]]}},{"type":"Feature","properties":{},"geometry":{"type":"Polygon","coordinates":[[[132.593359,-11.302832],[132.573633,-11.318359],[132.49375,-11.163672],[132.516309,-11.116016],[132.483789,-11.037305],[132.537793,-11.028418],[132.578809,-10.968848],[132.593262,-10.997656],[132.596875,-11.106445],[132.629102,-11.169141],[132.593359,-11.302832]]]}},{"type":"Feature","properties":{},"geometry":{"type":"Polygon","coordinates":[[[149.04375,-20.291504],[149.019922,-20.302539],[148.987402,-20.301758],[148.938867,-20.283691],[148.981055,-20.153516],[149.004395,-20.221484],[149.045313,-20.277539],[149.04375,-20.291504]]]}},{"type":"Feature","properties":{},"geometry":{"type":"Polygon","coordinates":[[[148.935547,-20.149902],[148.913477,-20.154297],[148.886914,-20.143555],[148.906445,-20.101953],[148.931641,-20.068945],[148.967871,-20.044336],[148.95625,-20.134668],[148.935547,-20.149902]]]}},{"type":"Feature","properties":{},"geometry":{"type":"Polygon","coordinates":[[[146.27832,-18.23125],[146.298828,-18.326074],[146.341992,-18.400098],[146.327051,-18.448633],[146.298828,-18.484766],[146.235645,-18.450781],[146.191309,-18.362891],[146.116211,-18.292383],[146.098828,-18.251758],[146.186719,-18.255176],[146.230859,-18.241406],[146.249121,-18.225879],[146.27832,-18.23125]]]}},{"type":"Feature","properties":{},"geometry":{"type":"Polygon","coordinates":[[[142.274805,-10.704785],[142.191406,-10.762012],[142.137207,-10.731934],[142.125488,-10.668457],[142.131055,-10.640625],[142.197949,-10.591992],[142.274805,-10.704785]]]}},{"type":"Feature","properties":{},"geometry":{"type":"Polygon","coordinates":[[[142.338965,-10.192188],[142.279395,-10.254199],[142.216211,-10.235645],[142.195117,-10.199316],[142.21875,-10.149414],[142.29873,-10.14043],[142.338965,-10.192188]]]}},{"type":"Feature","properties":{},"geometry":{"type":"Polygon","coordinates":[[[142.167578,-10.154102],[142.141992,-10.18125],[142.097656,-10.121777],[142.148828,-10.051758],[142.191992,-10.085254],[142.167578,-10.154102]]]}},{"type":"Feature","properties":{},"geometry":{"type":"Polygon","coordinates":[[[139.507812,-16.573047],[139.430566,-16.661035],[139.391504,-16.648633],[139.354297,-16.696582],[139.283008,-16.719434],[139.239063,-16.718652],[139.15957,-16.741699],[139.147656,-16.713867],[139.162695,-16.625879],[139.228711,-16.527539],[139.292969,-16.467285],[139.458887,-16.438477],[139.587891,-16.395215],[139.604492,-16.403223],[139.697754,-16.514941],[139.559668,-16.529492],[139.507812,-16.573047]]]}},{"type":"Feature","properties":{},"geometry":{"type":"Polygon","coordinates":[[[139.45918,-17.114551],[139.42168,-17.131641],[139.408203,-17.090625],[139.45918,-17.049121],[139.492773,-16.99043],[139.560059,-17.041992],[139.570898,-17.094434],[139.45918,-17.114551]]]}},{"type":"Feature","properties":{},"geometry":{"type":"Polygon","coordinates":[[[136.714648,-13.803906],[136.758008,-13.84541],[136.804492,-13.84248],[136.845313,-13.750977],[136.870703,-13.763672],[136.89082,-13.786621],[136.905566,-13.826953],[136.842969,-13.896582],[136.814941,-13.907324],[136.788184,-13.945801],[136.745313,-14.072656],[136.749902,-14.115234],[136.787012,-14.157813],[136.885449,-14.197266],[136.933887,-14.179004],[136.950781,-14.184277],[136.931348,-14.245996],[136.894336,-14.293066],[136.763184,-14.273438],[136.649707,-14.280469],[136.460547,-14.23457],[136.363281,-14.228906],[136.335449,-14.211816],[136.392188,-14.175488],[136.427734,-14.126465],[136.411133,-14.011133],[136.424707,-13.864844],[136.533789,-13.79375],[136.582813,-13.721094],[136.655664,-13.675879],[136.701953,-13.681641],[136.695996,-13.726172],[136.714648,-13.803906]]]}},{"type":"Feature","properties":{},"geometry":{"type":"Polygon","coordinates":[[[136.237402,-13.824512],[136.213672,-13.835938],[136.122656,-13.816602],[136.122266,-13.780566],[136.134375,-13.753125],[136.15957,-13.736719],[136.21543,-13.664746],[136.257422,-13.706641],[136.275391,-13.791113],[136.237402,-13.824512]]]}},{"type":"Feature","properties":{},"geometry":{"type":"Polygon","coordinates":[[[136.598535,-11.378906],[136.526563,-11.438867],[136.52168,-11.393848],[136.559766,-11.35791],[136.649023,-11.211621],[136.687988,-11.177637],[136.710547,-11.158398],[136.727344,-11.104785],[136.731738,-11.024609],[136.780273,-11.0125],[136.741406,-11.194629],[136.598535,-11.378906]]]}},{"type":"Feature","properties":{},"geometry":{"type":"Polygon","coordinates":[[[136.338672,-11.602344],[136.180273,-11.676758],[136.267383,-11.576465],[136.449219,-11.487109],[136.479297,-11.465918],[136.470508,-11.509277],[136.379395,-11.583203],[136.338672,-11.602344]]]}},{"type":"Feature","properties":{},"geometry":{"type":"Polygon","coordinates":[[[130.459277,-11.679297],[130.541797,-11.703125],[130.579883,-11.737109],[130.602734,-11.773242],[130.60625,-11.816602],[130.502539,-11.835645],[130.31748,-11.771777],[130.13125,-11.824512],[130.076563,-11.825488],[130.043262,-11.787305],[130.07207,-11.680762],[130.139063,-11.69707],[130.197559,-11.658203],[130.187109,-11.541211],[130.152832,-11.477539],[130.251172,-11.360547],[130.294922,-11.336816],[130.339258,-11.337012],[130.376758,-11.420117],[130.385645,-11.509863],[130.432813,-11.592188],[130.459277,-11.679297]]]}},{"type":"Feature","properties":{},"geometry":{"type":"Polygon","coordinates":[[[130.618848,-11.376074],[130.752246,-11.384375],[130.912793,-11.309277],[130.987402,-11.339844],[131.023047,-11.334375],[131.140625,-11.263086],[131.217188,-11.242578],[131.268262,-11.189844],[131.320508,-11.246875],[131.436914,-11.313184],[131.47334,-11.38252],[131.522266,-11.415234],[131.538574,-11.436914],[131.467871,-11.50957],[131.458594,-11.587891],[131.382812,-11.58252],[131.29209,-11.710938],[130.950977,-11.926465],[130.644922,-11.742383],[130.511914,-11.617871],[130.422754,-11.445801],[130.404785,-11.30498],[130.368555,-11.214941],[130.38457,-11.192188],[130.40293,-11.180469],[130.42666,-11.183105],[130.519141,-11.279492],[130.559766,-11.305957],[130.618848,-11.376074]]]}},{"type":"Feature","properties":{},"geometry":{"type":"Polygon","coordinates":[[[125.198828,-14.579492],[125.134766,-14.641699],[125.091211,-14.591699],[125.117383,-14.491992],[125.159961,-14.456055],[125.198145,-14.474805],[125.193555,-14.552637],[125.198828,-14.579492]]]}},{"type":"Feature","properties":{},"geometry":{"type":"Polygon","coordinates":[[[124.597266,-15.401953],[124.55957,-15.430176],[124.524219,-15.421484],[124.52373,-15.382422],[124.482813,-15.340332],[124.504102,-15.29248],[124.519336,-15.26748],[124.550879,-15.270313],[124.564551,-15.31084],[124.605078,-15.356543],[124.597266,-15.401953]]]}},{"type":"Feature","properties":{},"geometry":{"type":"Polygon","coordinates":[[[115.446191,-20.787793],[115.388086,-20.866016],[115.318066,-20.850586],[115.308594,-20.811133],[115.354297,-20.746289],[115.43457,-20.667969],[115.457617,-20.716309],[115.446191,-20.787793]]]}},{"type":"Feature","properties":{},"geometry":{"type":"Polygon","coordinates":[[[113.183008,-26.053125],[113.156445,-26.094531],[112.964258,-25.783105],[112.908203,-25.569824],[112.94707,-25.531543],[112.982422,-25.520215],[113.096289,-25.815039],[113.131543,-25.882617],[113.131836,-25.951953],[113.14834,-25.973828],[113.183008,-26.053125]]]}},{"type":"Feature","properties":{},"geometry":{"type":"Polygon","coordinates":[[[147.356055,-43.396973],[147.308887,-43.500781],[147.231445,-43.483105],[147.153809,-43.500195],[147.10498,-43.431152],[147.104688,-43.412891],[147.163086,-43.430273],[147.184668,-43.407813],[147.198438,-43.379199],[147.219727,-43.371387],[147.233984,-43.330469],[147.283887,-43.278906],[147.3125,-43.280273],[147.34248,-43.346289],[147.356055,-43.396973]]]}},{"type":"Feature","properties":{},"geometry":{"type":"Polygon","coordinates":[[[148.104297,-42.710449],[148.048145,-42.719238],[148.029688,-42.714844],[148.030859,-42.663379],[148.022754,-42.64043],[148.072559,-42.593164],[148.142773,-42.615918],[148.169531,-42.651758],[148.100586,-42.680566],[148.104297,-42.710449]]]}},{"type":"Feature","properties":{},"geometry":{"type":"Polygon","coordinates":[[[147.43457,-43.240723],[147.371875,-43.24082],[147.348828,-43.232422],[147.337598,-43.183301],[147.296094,-43.161719],[147.319141,-43.145313],[147.327344,-43.114648],[147.352539,-43.080273],[147.397266,-43.118262],[147.43457,-43.240723]]]}},{"type":"Feature","properties":{},"geometry":{"type":"Polygon","coordinates":[[[144.784375,-40.506738],[144.748047,-40.589453],[144.710156,-40.485254],[144.751172,-40.470215],[144.783398,-40.434863],[144.79082,-40.440332],[144.784375,-40.506738]]]}},{"type":"Feature","properties":{},"geometry":{"type":"Polygon","coordinates":[[[143.92793,-40.116113],[143.89873,-40.120215],[143.875781,-40.063965],[143.887598,-39.983594],[143.838574,-39.904102],[143.865234,-39.824219],[143.861816,-39.737988],[143.879395,-39.7],[143.939355,-39.658105],[143.948828,-39.583691],[144.000781,-39.580176],[144.091309,-39.638086],[144.120898,-39.785254],[144.106055,-39.874023],[144.141016,-39.953809],[144.111914,-40.02207],[144.035059,-40.078223],[143.92793,-40.116113]]]}},{"type":"Feature","properties":{},"geometry":{"type":"Polygon","coordinates":[[[148.32627,-40.306934],[148.420703,-40.367188],[148.474219,-40.432422],[148.404004,-40.486523],[148.352734,-40.497266],[148.319434,-40.43457],[148.214063,-40.45752],[148.102539,-40.45166],[148.020117,-40.404199],[148.010449,-40.380566],[148.058789,-40.356836],[148.198145,-40.35791],[148.32627,-40.306934]]]}},{"type":"Feature","properties":{},"geometry":{"type":"Polygon","coordinates":[[[148.000391,-39.757617],[148.17793,-39.938477],[148.27002,-39.966699],[148.297363,-39.985742],[148.289844,-40.06543],[148.250781,-40.099512],[148.323242,-40.144434],[148.313574,-40.173535],[148.299414,-40.172461],[148.210352,-40.233691],[148.105664,-40.262109],[148.073633,-40.24082],[148.046875,-40.212793],[148.024805,-40.171973],[147.890527,-40.014551],[147.905957,-39.971387],[147.87627,-39.905469],[147.812305,-39.910449],[147.767188,-39.870313],[147.83916,-39.831543],[147.933008,-39.725977],[148.000391,-39.757617]]]}},{"type":"Feature","properties":{},"geometry":{"type":"Polygon","coordinates":[[[148.236914,-40.515137],[148.187793,-40.592578],[148.126953,-40.543945],[148.117285,-40.521484],[148.193164,-40.503125],[148.218359,-40.505078],[148.236914,-40.515137]]]}},{"type":"Feature","properties":{},"geometry":{"type":"Polygon","coordinates":[[[137.596484,-35.738672],[137.835938,-35.762109],[137.928906,-35.726074],[138.046582,-35.755176],[138.123438,-35.852344],[138.066504,-35.900586],[138.011914,-35.907617],[137.835547,-35.867773],[137.670898,-35.897949],[137.622266,-35.938086],[137.590234,-36.027148],[137.448438,-36.074805],[137.382227,-36.020898],[137.20957,-35.982422],[137.147754,-36.039062],[137.025879,-36.023926],[136.912695,-36.04668],[136.755078,-36.033105],[136.589258,-35.935352],[136.540625,-35.890137],[136.579102,-35.808691],[136.638672,-35.748828],[137.091797,-35.663867],[137.334082,-35.59248],[137.530469,-35.605078],[137.584961,-35.620215],[137.635449,-35.656445],[137.598145,-35.722266],[137.596484,-35.738672]]]}},{"type":"Feature","properties":{},"geometry":{"type":"Polygon","coordinates":[[[145.486523,-38.354883],[145.33584,-38.420996],[145.280273,-38.390625],[145.28584,-38.341016],[145.295313,-38.318945],[145.426563,-38.31416],[145.486523,-38.354883]]]}},{"type":"Feature","properties":{},"geometry":{"type":"Polygon","coordinates":[[[145.314453,-38.49082],[145.349219,-38.538184],[145.355078,-38.557031],[145.270898,-38.519727],[145.128418,-38.527637],[145.217773,-38.458594],[145.287891,-38.472168],[145.314453,-38.49082]]]}},{"type":"Feature","properties":{},"geometry":{"type":"Polygon","coordinates":[[[153.53877,-27.436426],[153.452734,-27.711719],[153.426563,-27.706445],[153.395801,-27.665039],[153.400879,-27.505664],[153.435449,-27.405371],[153.521875,-27.422461],[153.53877,-27.436426]]]}},{"type":"Feature","properties":{},"geometry":{"type":"Polygon","coordinates":[[[153.44248,-27.316016],[153.420898,-27.330957],[153.376563,-27.235352],[153.365039,-27.138867],[153.379883,-27.049414],[153.432324,-27.029883],[153.466797,-27.038086],[153.426367,-27.201465],[153.44248,-27.316016]]]}},{"type":"Feature","properties":{},"geometry":{"type":"Polygon","coordinates":[[[153.077441,-25.750781],[153.051953,-25.77832],[153.006934,-25.728906],[152.97666,-25.551367],[152.999023,-25.448438],[153.051563,-25.354297],[153.060742,-25.302246],[153.038086,-25.193164],[153.189258,-25.070508],[153.227539,-25.005762],[153.241992,-24.922559],[153.186328,-24.832617],[153.14375,-24.814844],[153.180957,-24.764844],[153.223145,-24.739551],[153.256934,-24.728906],[153.282129,-24.738281],[153.297949,-24.915234],[153.359277,-24.977734],[153.350195,-25.063086],[153.141406,-25.512793],[153.083789,-25.68252],[153.077441,-25.750781]]]}},{"type":"Feature","properties":{},"geometry":{"type":"Polygon","coordinates":[[[151.146582,-23.49082],[151.180762,-23.516211],[151.212012,-23.513086],[151.240137,-23.529688],[151.228809,-23.594922],[151.274316,-23.668457],[151.295801,-23.720313],[151.261523,-23.762305],[151.238281,-23.775781],[151.18418,-23.740723],[151.033301,-23.530176],[151.059961,-23.460547],[151.146582,-23.49082]]]}},{"type":"Feature","properties":{},"geometry":{"type":"Polygon","coordinates":[[[150.516699,-22.322559],[150.488477,-22.324707],[150.462402,-22.307715],[150.484668,-22.267871],[150.488477,-22.210742],[150.521484,-22.22832],[150.548828,-22.306934],[150.516699,-22.322559]]]}},{"type":"Feature","properties":{},"geometry":{"type":"Polygon","coordinates":[[[149.92832,-22.193066],[149.893652,-22.223242],[149.869531,-22.150391],[149.875391,-22.074023],[149.912305,-22.04873],[149.92793,-22.149316],[149.92832,-22.193066]]]}},{"type":"Feature","properties":{},"geometry":{"type":"Polygon","coordinates":[[[117.355273,8.214648],[117.287012,8.191016],[117.272266,8.253516],[117.280859,8.31499],[117.32959,8.308496],[117.353711,8.289258],[117.355273,8.214648]]]}},{"type":"Feature","properties":{},"geometry":{"type":"Polygon","coordinates":[[[117.079883,7.883398],[117.02832,7.80752],[116.969531,7.894922],[116.975781,8.01665],[116.993555,8.050537],[117.077051,8.069141],[117.079883,7.883398]]]}},{"type":"Feature","properties":{},"geometry":{"type":"Polygon","coordinates":[[[119.916211,10.485986],[119.793164,10.455273],[119.764453,10.551611],[119.852051,10.640137],[119.950195,10.604785],[120.008398,10.570117],[119.981152,10.538721],[119.916211,10.485986]]]}},{"type":"Feature","properties":{},"geometry":{"type":"Polygon","coordinates":[[[119.861426,11.525342],[119.88291,11.472412],[119.854883,11.393066],[119.830664,11.375684],[119.798633,11.40874],[119.72998,11.431934],[119.725586,11.474658],[119.761426,11.473633],[119.826758,11.51543],[119.861426,11.525342]]]}},{"type":"Feature","properties":{},"geometry":{"type":"Polygon","coordinates":[[[120.1,12.167676],[120.154688,12.152393],[120.19375,12.167041],[120.228223,12.219824],[120.260547,12.141748],[120.341406,12.077441],[120.314551,12.012402],[120.243457,12.004785],[120.173633,12.019629],[120.100098,11.99375],[120.010547,12.008252],[119.957031,12.069238],[119.896094,12.17876],[119.865918,12.199023],[119.869629,12.243994],[119.891797,12.27251],[119.880078,12.279883],[119.885742,12.299854],[119.89668,12.313428],[119.916406,12.319092],[119.963867,12.27041],[120.077539,12.197754],[120.1,12.167676]]]}},{"type":"Feature","properties":{},"geometry":{"type":"Polygon","coordinates":[[[120.03877,11.70332],[119.963867,11.669385],[119.944922,11.690723],[119.931738,11.740332],[119.932813,11.774463],[119.860938,11.953955],[119.916016,11.981348],[119.956543,11.960254],[119.997852,11.932129],[120.035937,11.917236],[120.070703,11.860547],[120.062402,11.821338],[120.073145,11.783496],[120.03877,11.70332]]]}},{"type":"Feature","properties":{},"geometry":{"type":"Polygon","coordinates":[[[122.649512,10.472705],[122.621875,10.459033],[122.597168,10.461035],[122.538379,10.424951],[122.516699,10.492529],[122.5375,10.607568],[122.625781,10.69502],[122.648438,10.72251],[122.672559,10.738818],[122.70127,10.740625],[122.729199,10.706396],[122.737207,10.65459],[122.68125,10.498242],[122.649512,10.472705]]]}},{"type":"Feature","properties":{},"geometry":{"type":"Polygon","coordinates":[[[123.370313,9.449609],[123.331738,9.422949],[123.316016,9.488965],[123.327051,9.578076],[123.403711,9.889258],[123.38623,9.96709],[123.514355,10.140332],[123.592871,10.30293],[123.711426,10.473682],[123.726465,10.562207],[123.831543,10.731006],[123.929883,10.963818],[123.924609,11.040918],[123.950098,11.07915],[123.964063,11.137451],[123.967188,11.186914],[124.038867,11.273535],[124.05791,11.217236],[124.036523,11.106689],[124.039844,11.053613],[124.052539,11.02876],[124.05332,10.925781],[124.027539,10.767871],[124.05127,10.585596],[124.00498,10.400098],[123.952148,10.316602],[123.873926,10.257715],[123.788672,10.220801],[123.700488,10.12832],[123.643359,10.020215],[123.633984,9.921729],[123.493555,9.589307],[123.370313,9.449609]]]}},{"type":"Feature","properties":{},"geometry":{"type":"Polygon","coordinates":[[[123.757031,11.283301],[123.815625,11.150732],[123.736719,11.151465],[123.707617,11.247998],[123.741406,11.27915],[123.757031,11.283301]]]}},{"type":"Feature","properties":{},"geometry":{"type":"Polygon","coordinates":[[[124.593848,9.787207],[124.584277,9.750488],[124.505664,9.753516],[124.477539,9.7479],[124.403418,9.654102],[124.359863,9.630225],[124.122461,9.599316],[123.935645,9.623975],[123.87168,9.675732],[123.82998,9.761133],[123.817187,9.817383],[123.863867,9.878809],[123.908887,9.919629],[124.059766,10.000195],[124.093848,10.061328],[124.172852,10.135205],[124.335742,10.159912],[124.351562,10.141357],[124.373242,10.12959],[124.405859,10.126416],[124.486328,10.065479],[124.577148,10.026709],[124.555078,9.879199],[124.582227,9.82959],[124.593848,9.787207]]]}},{"type":"Feature","properties":{},"geometry":{"type":"Polygon","coordinates":[[[124.806641,9.142627],[124.77793,9.083105],[124.66582,9.132324],[124.639063,9.175098],[124.65332,9.22583],[124.708105,9.243018],[124.736816,9.243164],[124.790234,9.190088],[124.806641,9.142627]]]}},{"type":"Feature","properties":{},"geometry":{"type":"Polygon","coordinates":[[[123.697656,9.237305],[123.70625,9.133545],[123.614453,9.10332],[123.540723,9.129736],[123.493457,9.19209],[123.493555,9.215527],[123.535156,9.213574],[123.626074,9.268262],[123.654883,9.27876],[123.697656,9.237305]]]}},{"type":"Feature","properties":{},"geometry":{"type":"Polygon","coordinates":[[[120.250391,5.256592],[120.223242,5.19624],[120.191602,5.168311],[120.15,5.184082],[120.118359,5.215381],[120.100586,5.168994],[120.013281,5.151123],[119.958105,5.079541],[119.877539,5.060205],[119.821484,5.069531],[119.827344,5.133154],[119.982715,5.228418],[120.079688,5.263623],[120.165234,5.332422],[120.208008,5.340088],[120.229395,5.284082],[120.250391,5.256592]]]}},{"type":"Feature","properties":{},"geometry":{"type":"Polygon","coordinates":[[[122.092871,6.42832],[121.991406,6.414551],[121.95918,6.41582],[121.879883,6.517578],[121.872461,6.562744],[121.808691,6.613721],[121.832031,6.664062],[121.914941,6.676221],[122.058301,6.740723],[122.288086,6.638916],[122.323535,6.602246],[122.251758,6.579785],[122.200977,6.48291],[122.092871,6.42832]]]}},{"type":"Feature","properties":{},"geometry":{"type":"Polygon","coordinates":[[[126.059375,9.766211],[126.046777,9.760791],[125.991211,9.838525],[125.998633,9.927051],[126.073828,10.059229],[126.129492,9.943555],[126.128906,9.891113],[126.120801,9.865186],[126.172559,9.799951],[126.136914,9.767773],[126.059375,9.766211]]]}},{"type":"Feature","properties":{},"geometry":{"type":"Polygon","coordinates":[[[125.690234,9.914453],[125.672559,9.886475],[125.648633,9.944092],[125.590527,9.998193],[125.534473,10.090088],[125.494824,10.118701],[125.521973,10.191504],[125.524609,10.309717],[125.580176,10.363672],[125.605859,10.37959],[125.647949,10.436816],[125.666797,10.440137],[125.68457,10.392041],[125.64668,10.24541],[125.70332,10.071777],[125.684375,9.963184],[125.69248,9.939014],[125.690234,9.914453]]]}},{"type":"Feature","properties":{},"geometry":{"type":"Polygon","coordinates":[[[120.271289,13.750684],[120.272852,13.682959],[120.104199,13.782373],[120.099414,13.816943],[120.103418,13.842529],[120.120703,13.858057],[120.211426,13.820654],[120.271289,13.750684]]]}},{"type":"Feature","properties":{},"geometry":{"type":"Polygon","coordinates":[[[121.914844,13.540332],[121.976562,13.537402],[121.995703,13.546777],[122.114551,13.463184],[122.107324,13.42085],[122.122363,13.365137],[122.054688,13.268652],[122.042383,13.236182],[122.004883,13.20498],[121.875879,13.281738],[121.829199,13.328613],[121.815039,13.424463],[121.866211,13.566162],[121.914844,13.540332]]]}},{"type":"Feature","properties":{},"geometry":{"type":"Polygon","coordinates":[[[122.094043,12.354883],[122.013965,12.105615],[121.960156,12.191406],[121.981934,12.245312],[121.935645,12.290381],[121.923242,12.331299],[121.941016,12.3854],[121.989453,12.435303],[122.001563,12.598535],[122.103809,12.650635],[122.14502,12.652637],[122.130273,12.612598],[122.131641,12.537549],[122.094043,12.354883]]]}},{"type":"Feature","properties":{},"geometry":{"type":"Polygon","coordinates":[[[122.31084,12.528809],[122.279785,12.498291],[122.260938,12.503076],[122.247852,12.556934],[122.278027,12.59292],[122.2875,12.589258],[122.31084,12.528809]]]}},{"type":"Feature","properties":{},"geometry":{"type":"Polygon","coordinates":[[[122.654492,12.309033],[122.60332,12.285596],[122.499316,12.383691],[122.438867,12.429492],[122.422949,12.455078],[122.471875,12.491943],[122.603613,12.491602],[122.673633,12.424268],[122.683301,12.382324],[122.654492,12.309033]]]}},{"type":"Feature","properties":{},"geometry":{"type":"Polygon","coordinates":[[[123.281836,12.853418],[123.367188,12.70083],[123.274219,12.805078],[123.166406,12.875879],[123.054199,12.993457],[122.973437,13.034717],[122.949023,13.058691],[122.95752,13.107178],[123.01709,13.116162],[123.043555,13.113379],[123.20625,12.90542],[123.281836,12.853418]]]}},{"type":"Feature","properties":{},"geometry":{"type":"Polygon","coordinates":[[[123.775391,12.453906],[123.779102,12.36626],[123.741504,12.398535],[123.620605,12.570508],[123.587207,12.633301],[123.621484,12.674902],[123.708691,12.610791],[123.775391,12.453906]]]}},{"type":"Feature","properties":{},"geometry":{"type":"Polygon","coordinates":[[[123.716602,12.287354],[123.908301,12.169092],[124.040332,11.966797],[124.055664,11.811572],[124.045508,11.752441],[123.982715,11.818896],[123.847754,11.913574],[123.754004,11.934473],[123.725195,11.951562],[123.736035,12.002637],[123.674805,12.05],[123.667578,12.069336],[123.612012,12.090234],[123.531055,12.196631],[123.47373,12.21665],[123.418848,12.194238],[123.292676,12.036377],[123.157813,11.925635],[123.155859,11.967969],[123.210547,12.106592],[123.245313,12.328027],[123.267188,12.395459],[123.239844,12.494678],[123.236426,12.583496],[123.337012,12.542383],[123.462988,12.501221],[123.558984,12.444824],[123.574805,12.406934],[123.716602,12.287354]]]}},{"type":"Feature","properties":{},"geometry":{"type":"Polygon","coordinates":[[[124.353613,13.632227],[124.327051,13.567383],[124.294531,13.590332],[124.248242,13.58667],[124.175391,13.531543],[124.057031,13.605566],[124.038867,13.663135],[124.12373,13.790479],[124.122852,13.979687],[124.153711,14.026172],[124.18623,14.059521],[124.224902,14.077588],[124.308301,13.946973],[124.336719,13.931104],[124.417188,13.871045],[124.396289,13.750098],[124.404004,13.679443],[124.353613,13.632227]]]}},{"type":"Feature","properties":{},"geometry":{"type":"Polygon","coordinates":[[[122.175391,14.048828],[122.172266,14.008008],[121.95625,14.156055],[121.946387,14.181494],[121.945996,14.205127],[121.95918,14.22876],[122.175391,14.048828]]]}},{"type":"Feature","properties":{},"geometry":{"type":"Polygon","coordinates":[[[122.033496,15.005029],[122.051562,14.969873],[122.031738,14.971631],[122.017285,14.965283],[121.970313,14.892969],[122.02168,14.759424],[121.989648,14.662158],[121.933008,14.656055],[121.910645,14.666504],[121.922168,14.714551],[121.93457,14.736621],[121.923047,14.8],[121.889258,14.839844],[121.862305,14.917187],[121.820312,14.963574],[121.839844,15.038135],[121.97168,15.046387],[122.033496,15.005029]]]}},{"type":"Feature","properties":{},"geometry":{"type":"Polygon","coordinates":[[[121.92168,18.894727],[121.858203,18.8229],[121.825195,18.842725],[121.860742,18.912549],[121.859766,18.936768],[121.888867,18.991553],[121.943359,19.010449],[121.987891,18.956641],[121.92168,18.894727]]]}},{"type":"Feature","properties":{},"geometry":{"type":"Polygon","coordinates":[[[121.252246,19.082422],[121.24668,19.015186],[121.196094,19.050684],[121.184863,19.101416],[121.189941,19.138916],[121.213184,19.183594],[121.244727,19.143018],[121.252246,19.082422]]]}},{"type":"Feature","properties":{},"geometry":{"type":"Polygon","coordinates":[[[121.520898,19.361963],[121.53125,19.271338],[121.47207,19.27334],[121.38291,19.328467],[121.374609,19.356299],[121.375977,19.379688],[121.391602,19.399365],[121.520898,19.361963]]]}},{"type":"Feature","properties":{},"geometry":{"type":"Polygon","coordinates":[[[121.960059,20.365869],[121.941309,20.353711],[121.914062,20.359424],[121.941211,20.453711],[121.991211,20.47959],[122.031152,20.469385],[121.960059,20.365869]]]}},{"type":"Feature","properties":{},"geometry":{"type":"Polygon","coordinates":[[[121.878125,20.781885],[121.82959,20.700293],[121.790625,20.701172],[121.796484,20.746631],[121.847852,20.84126],[121.866992,20.839209],[121.878125,20.781885]]]}},{"type":"Feature","properties":{},"geometry":{"type":"Polygon","coordinates":[[[148.025781,-5.826367],[147.985449,-5.833984],[147.967969,-5.788574],[147.874512,-5.749219],[147.781055,-5.627246],[147.78252,-5.522461],[147.794629,-5.492383],[147.846484,-5.49082],[148.054785,-5.611523],[148.076074,-5.650195],[148.060449,-5.764648],[148.025781,-5.826367]]]}},{"type":"Feature","properties":{},"geometry":{"type":"Polygon","coordinates":[[[147.17627,-5.431934],[147.120215,-5.437402],[147.029004,-5.342383],[147.005859,-5.307031],[147.014746,-5.257422],[147.131055,-5.19082],[147.206348,-5.251563],[147.221875,-5.381543],[147.17627,-5.431934]]]}},{"type":"Feature","properties":{},"geometry":{"type":"Polygon","coordinates":[[[146.019336,-4.726172],[145.952344,-4.755762],[145.904004,-4.733008],[145.883594,-4.66748],[145.900195,-4.604199],[145.958789,-4.554297],[145.995801,-4.539258],[146.037402,-4.573145],[146.053418,-4.640137],[146.019336,-4.726172]]]}},{"type":"Feature","properties":{},"geometry":{"type":"Polygon","coordinates":[[[147.876953,-2.283105],[147.844531,-2.335742],[147.768945,-2.33125],[147.735547,-2.315527],[147.790234,-2.305566],[147.812207,-2.262109],[147.83584,-2.246777],[147.876953,-2.283105]]]}},{"type":"Feature","properties":{},"geometry":{"type":"Polygon","coordinates":[[[147.067578,-1.960156],[147.400586,-2.025098],[147.422559,-2.024316],[147.41875,-2.001074],[147.424414,-1.994531],[147.444141,-2.011523],[147.438086,-2.058984],[147.385449,-2.070605],[147.336523,-2.066016],[147.301367,-2.09043],[147.206348,-2.181934],[147.142188,-2.166602],[147.063867,-2.187109],[146.926367,-2.189063],[146.747852,-2.148828],[146.699121,-2.182715],[146.635449,-2.17334],[146.572461,-2.210449],[146.546484,-2.208594],[146.531348,-2.154102],[146.532422,-2.126172],[146.607031,-2.102539],[146.595898,-2.016895],[146.65625,-1.974023],[146.760059,-1.977734],[146.857129,-1.948535],[147.067578,-1.960156]]]}},{"type":"Feature","properties":{},"geometry":{"type":"Polygon","coordinates":[[[154.647266,-5.432715],[154.627344,-5.440625],[154.583887,-5.314453],[154.576172,-5.220898],[154.562793,-5.151953],[154.540039,-5.11084],[154.605566,-5.034961],[154.632617,-5.013867],[154.682031,-5.054004],[154.68916,-5.142676],[154.727148,-5.218066],[154.698438,-5.382812],[154.647266,-5.432715]]]}},{"type":"Feature","properties":{},"geometry":{"type":"Polygon","coordinates":[[[152.670605,-3.133398],[152.646191,-3.221191],[152.585059,-3.169824],[152.543262,-3.095605],[152.569922,-3.0625],[152.63877,-3.042773],[152.670605,-3.133398]]]}},{"type":"Feature","properties":{},"geometry":{"type":"Polygon","coordinates":[[[152.099219,-2.947363],[152.088477,-2.997852],[152.057324,-2.994922],[151.971094,-2.896094],[151.95459,-2.870508],[151.974707,-2.845605],[152.074609,-2.918457],[152.099219,-2.947363]]]}},{"type":"Feature","properties":{},"geometry":{"type":"Polygon","coordinates":[[[151.957227,-2.830176],[151.933398,-2.830371],[151.929785,-2.750586],[151.946387,-2.708594],[152.001953,-2.737793],[152.011328,-2.80918],[151.957227,-2.830176]]]}},{"type":"Feature","properties":{},"geometry":{"type":"Polygon","coordinates":[[[149.76543,-1.553027],[149.763184,-1.58916],[149.690918,-1.570898],[149.671094,-1.57627],[149.545898,-1.47168],[149.547852,-1.407715],[149.580957,-1.353223],[149.633008,-1.362012],[149.725293,-1.430664],[149.76543,-1.553027]]]}},{"type":"Feature","properties":{},"geometry":{"type":"Polygon","coordinates":[[[150.436621,-2.661816],[150.2375,-2.675488],[150.165723,-2.660254],[150.101562,-2.602539],[150.043457,-2.5125],[149.985156,-2.491504],[149.961621,-2.473828],[150.102539,-2.40498],[150.227148,-2.38418],[150.429492,-2.47041],[150.45,-2.513281],[150.451563,-2.541113],[150.446094,-2.632324],[150.436621,-2.661816]]]}},{"type":"Feature","properties":{},"geometry":{"type":"Polygon","coordinates":[[[151.080957,-10.020117],[151.123438,-10.020215],[151.194336,-9.945508],[151.255664,-9.922656],[151.296484,-9.956738],[151.230859,-10.194727],[151.175488,-10.158887],[150.95918,-10.092578],[150.952441,-9.998438],[150.896094,-9.968066],[150.861328,-9.876172],[150.789648,-9.774316],[150.776074,-9.709082],[150.816699,-9.735938],[150.862305,-9.802441],[151.051465,-9.938965],[151.044141,-9.983105],[151.080957,-10.020117]]]}},{"type":"Feature","properties":{},"geometry":{"type":"Polygon","coordinates":[[[150.34541,-9.493848],[150.331348,-9.518555],[150.272852,-9.500391],[150.109766,-9.361914],[150.134961,-9.25957],[150.208301,-9.206348],[150.320117,-9.26416],[150.357031,-9.349023],[150.368164,-9.396484],[150.34541,-9.493848]]]}},{"type":"Feature","properties":{},"geometry":{"type":"Polygon","coordinates":[[[150.528418,-9.346582],[150.669043,-9.428516],[150.746484,-9.404492],[150.788672,-9.417969],[150.879102,-9.512695],[150.884082,-9.581934],[150.898633,-9.641406],[150.894043,-9.66748],[150.844043,-9.702832],[150.848242,-9.662598],[150.809961,-9.654785],[150.67832,-9.656543],[150.57627,-9.631152],[150.43623,-9.624609],[150.495313,-9.561719],[150.508496,-9.536133],[150.434668,-9.434961],[150.431445,-9.386621],[150.437305,-9.359961],[150.498926,-9.345605],[150.528418,-9.346582]]]}},{"type":"Feature","properties":{},"geometry":{"type":"Polygon","coordinates":[[[151.106836,-8.733496],[151.124121,-8.804883],[151.046191,-8.72832],[151.080762,-8.641797],[151.086816,-8.59502],[151.082813,-8.568652],[151.00498,-8.523828],[151.046289,-8.450586],[151.090137,-8.425977],[151.117578,-8.418848],[151.116406,-8.521875],[151.138574,-8.568066],[151.106836,-8.733496]]]}},{"type":"Feature","properties":{},"geometry":{"type":"Polygon","coordinates":[[[152.630957,-8.959375],[152.689258,-8.974609],[152.810059,-8.967188],[152.849805,-9.024512],[152.905078,-9.044238],[152.95293,-9.070117],[152.995313,-9.107813],[152.99502,-9.130762],[152.984961,-9.150781],[152.959277,-9.168652],[152.966895,-9.208984],[152.922754,-9.203027],[152.86748,-9.224316],[152.759473,-9.177148],[152.720117,-9.166504],[152.708203,-9.126074],[152.638086,-9.058398],[152.515137,-9.009863],[152.577051,-8.97002],[152.630957,-8.959375]]]}},{"type":"Feature","properties":{},"geometry":{"type":"Polygon","coordinates":[[[150.89873,-10.565332],[150.884668,-10.643457],[150.802344,-10.620215],[150.785742,-10.603418],[150.799316,-10.554102],[150.87207,-10.551855],[150.89873,-10.565332]]]}},{"type":"Feature","properties":{},"geometry":{"type":"Polygon","coordinates":[[[154.280762,-11.361426],[154.266016,-11.415918],[154.22959,-11.397461],[154.121191,-11.425684],[154.064063,-11.419336],[154.031152,-11.370508],[154.023438,-11.347949],[154.117676,-11.365527],[154.101758,-11.311426],[154.237891,-11.338867],[154.280762,-11.361426]]]}},{"type":"Feature","properties":{},"geometry":{"type":"Polygon","coordinates":[[[153.536133,-11.476172],[153.703223,-11.528516],[153.759863,-11.586328],[153.699512,-11.612598],[153.553711,-11.630566],[153.519238,-11.595215],[153.379004,-11.55957],[153.357031,-11.49502],[153.286816,-11.516992],[153.322363,-11.471484],[153.234473,-11.420313],[153.207031,-11.351855],[153.203613,-11.324121],[153.306738,-11.356348],[153.536133,-11.476172]]]}},{"type":"Feature","properties":{},"geometry":{"type":"Polygon","coordinates":[[[143.586816,-8.481738],[143.543164,-8.484766],[143.366895,-8.416895],[143.321875,-8.367578],[143.528223,-8.378516],[143.581445,-8.390918],[143.592578,-8.459961],[143.586816,-8.481738]]]}},{"type":"Feature","properties":{},"geometry":{"type":"Polygon","coordinates":[[[143.590332,-8.633398],[143.608203,-8.677148],[143.462793,-8.61709],[143.324121,-8.516797],[143.253809,-8.489551],[143.206836,-8.423438],[143.293066,-8.472754],[143.443359,-8.518945],[143.590332,-8.633398]]]}},{"type":"Feature","properties":{},"geometry":{"type":"Polygon","coordinates":[[[135.383008,-0.651367],[135.595703,-0.69043],[135.673242,-0.688281],[135.749023,-0.73252],[135.841211,-0.711621],[135.893555,-0.725781],[136.06875,-0.877734],[136.154688,-0.97832],[136.282617,-1.064648],[136.375293,-1.094043],[136.305371,-1.173145],[136.164746,-1.214746],[136.110352,-1.216797],[136.002539,-1.169727],[135.915039,-1.178418],[135.83877,-1.119434],[135.825586,-1.02832],[135.74707,-0.823047],[135.645703,-0.881934],[135.523828,-0.787305],[135.491113,-0.785059],[135.483398,-0.801074],[135.431641,-0.768848],[135.387695,-0.704883],[135.383008,-0.651367]]]}},{"type":"Feature","properties":{},"geometry":{"type":"Polygon","coordinates":[[[135.474219,-1.591797],[135.869141,-1.641992],[135.976172,-1.635547],[136.201563,-1.65498],[136.389648,-1.721582],[136.718555,-1.733984],[136.816699,-1.753809],[136.892578,-1.799707],[136.708594,-1.837695],[136.621875,-1.873047],[136.46084,-1.89043],[136.326074,-1.872461],[136.228125,-1.893652],[136.192578,-1.85918],[136.049219,-1.824121],[135.865723,-1.752148],[135.487598,-1.668359],[135.469727,-1.616211],[135.474219,-1.591797]]]}},{"type":"Feature","properties":{},"geometry":{"type":"Polygon","coordinates":[[[134.965332,-1.116016],[134.917383,-1.134277],[134.861719,-1.11416],[134.808887,-1.037598],[134.82793,-0.978809],[134.889258,-0.938477],[134.94082,-0.978906],[134.956738,-1.030566],[134.996289,-1.034082],[134.965332,-1.116016]]]}},{"type":"Feature","properties":{},"geometry":{"type":"Polygon","coordinates":[[[134.374219,-2.123535],[134.345215,-2.13877],[134.335059,-2.095215],[134.350781,-2.036914],[134.369531,-2.027637],[134.391016,-2.030762],[134.419043,-2.051758],[134.374219,-2.123535]]]}},{"type":"Feature","properties":{},"geometry":{"type":"Polygon","coordinates":[[[138.895117,-8.388672],[138.845508,-8.401758],[138.594238,-8.371484],[138.567188,-8.330273],[138.563379,-8.309082],[138.620996,-8.268457],[138.67666,-8.199219],[138.762695,-8.173438],[138.796191,-8.173633],[138.897656,-8.3375],[138.895117,-8.388672]]]}},{"type":"Feature","properties":{},"geometry":{"type":"Polygon","coordinates":[[[133.570801,-4.245898],[133.621875,-4.299316],[133.50293,-4.257422],[133.333008,-4.169629],[133.320898,-4.111035],[133.464355,-4.199805],[133.570801,-4.245898]]]}},{"type":"Feature","properties":{},"geometry":{"type":"Polygon","coordinates":[[[130.35332,-1.690527],[130.36543,-1.749805],[130.425,-1.80459],[130.404297,-1.889844],[130.380566,-1.902637],[130.393359,-1.941602],[130.418848,-1.971289],[130.372656,-1.991895],[130.338965,-1.981836],[130.28418,-2.009375],[130.248047,-2.047754],[130.133496,-2.063867],[130.093359,-2.02832],[129.886523,-1.986426],[129.754395,-1.894434],[129.737695,-1.866895],[129.993652,-1.758887],[130.105762,-1.730469],[130.199609,-1.732227],[130.317969,-1.691992],[130.35332,-1.690527]]]}},{"type":"Feature","properties":{},"geometry":{"type":"Polygon","coordinates":[[[131.001855,-1.315527],[130.966602,-1.343457],[130.845117,-1.317285],[130.782324,-1.255469],[130.739355,-1.172559],[130.712109,-1.104395],[130.704395,-1.050195],[130.667969,-0.983984],[130.672949,-0.959766],[130.897168,-0.890039],[130.939453,-0.915332],[131.033008,-0.917578],[131.073926,-0.968262],[131.046191,-1.188184],[131.001855,-1.315527]]]}},{"type":"Feature","properties":{},"geometry":{"type":"Polygon","coordinates":[[[130.905273,-0.777441],[130.879785,-0.828418],[130.832422,-0.862891],[130.402441,-0.923926],[130.439063,-0.887402],[130.457324,-0.851172],[130.484277,-0.83252],[130.526953,-0.837305],[130.548145,-0.82627],[130.569531,-0.821875],[130.59375,-0.82666],[130.635449,-0.811621],[130.723242,-0.822461],[130.813477,-0.813867],[130.807031,-0.765039],[130.905273,-0.777441]]]}},{"type":"Feature","properties":{},"geometry":{"type":"Polygon","coordinates":[[[130.62666,-0.528711],[130.569141,-0.52998],[130.46543,-0.486523],[130.525879,-0.44873],[130.56416,-0.440918],[130.597461,-0.418262],[130.615918,-0.417285],[130.656934,-0.436523],[130.684277,-0.469141],[130.62666,-0.528711]]]}},{"type":"Feature","properties":{},"geometry":{"type":"Polygon","coordinates":[[[130.813281,-0.004102],[130.986523,-0.046582],[131.025781,-0.039941],[131.276855,-0.149805],[131.316895,-0.204297],[131.302734,-0.241113],[131.339746,-0.290332],[131.25752,-0.365723],[131.217871,-0.374121],[131.177734,-0.345996],[131.097754,-0.330078],[131.005371,-0.360742],[130.946484,-0.337598],[130.89668,-0.268457],[130.808398,-0.226465],[130.683496,-0.080664],[130.622168,-0.085938],[130.638281,-0.142969],[130.691309,-0.180566],[130.761328,-0.291406],[130.801563,-0.302148],[130.843164,-0.29834],[130.899219,-0.344434],[130.896289,-0.416016],[130.750195,-0.443848],[130.699805,-0.391602],[130.688672,-0.296582],[130.606543,-0.328613],[130.574902,-0.361816],[130.550781,-0.366406],[130.496289,-0.267383],[130.340527,-0.262305],[130.236621,-0.209668],[130.287695,-0.154688],[130.294922,-0.101465],[130.3625,-0.072852],[130.430957,-0.098486],[130.499609,-0.060107],[130.54834,-0.069922],[130.584277,-0.04541],[130.722363,-0.029834],[130.813281,-0.004102]]]}},{"type":"Feature","properties":{},"geometry":{"type":"Polygon","coordinates":[[[129.548926,-0.187012],[129.505664,-0.189844],[129.469238,-0.131445],[129.370117,-0.066406],[129.308789,0.04541],[129.541992,-0.139258],[129.548926,-0.187012]]]}},{"type":"Feature","properties":{},"geometry":{"type":"Polygon","coordinates":[[[128.453906,2.051758],[128.295898,2.034717],[128.259961,2.08252],[128.217969,2.297461],[128.330371,2.469336],[128.47207,2.570508],[128.568652,2.596094],[128.602148,2.597607],[128.688477,2.473682],[128.623242,2.224414],[128.547559,2.09707],[128.453906,2.051758]]]}},{"type":"Feature","properties":{},"geometry":{"type":"Polygon","coordinates":[[[127.453418,-0.005859],[127.448633,-0.036621],[127.417871,0.006348],[127.396777,0.016602],[127.419531,0.124414],[127.431348,0.142578],[127.449414,0.068994],[127.453418,-0.005859]]]}},{"type":"Feature","properties":{},"geometry":{"type":"Polygon","coordinates":[[[127.419727,0.64209],[127.383984,0.631006],[127.373633,0.634863],[127.362891,0.675146],[127.382617,0.743555],[127.424805,0.744385],[127.442578,0.733447],[127.445898,0.683301],[127.419727,0.64209]]]}},{"type":"Feature","properties":{},"geometry":{"type":"Polygon","coordinates":[[[127.249902,-0.495313],[127.187305,-0.521191],[127.119141,-0.520508],[127.104395,-0.413867],[127.126465,-0.278613],[127.189648,-0.255762],[127.290039,-0.284375],[127.253027,-0.318652],[127.280566,-0.391016],[127.249902,-0.495313]]]}},{"type":"Feature","properties":{},"geometry":{"type":"Polygon","coordinates":[[[127.300391,-0.780957],[127.289062,-0.801563],[127.18457,-0.775293],[127.156445,-0.760938],[127.209082,-0.619336],[127.258203,-0.623438],[127.30127,-0.758398],[127.300391,-0.780957]]]}},{"type":"Feature","properties":{},"geometry":{"type":"Polygon","coordinates":[[[127.566992,-0.318945],[127.682422,-0.468359],[127.60498,-0.610156],[127.658594,-0.689453],[127.804297,-0.694434],[127.837891,-0.724121],[127.863281,-0.759863],[127.880176,-0.808691],[127.842285,-0.847754],[127.761133,-0.883691],[127.667578,-0.832031],[127.642871,-0.783984],[127.623828,-0.766016],[127.497852,-0.802441],[127.462695,-0.805957],[127.438281,-0.739063],[127.468652,-0.642969],[127.380566,-0.599609],[127.3,-0.500293],[127.29707,-0.460254],[127.329492,-0.390918],[127.325098,-0.33584],[127.371191,-0.331641],[127.455176,-0.406348],[127.491699,-0.335938],[127.527344,-0.306641],[127.566992,-0.318945]]]}},{"type":"Feature","properties":{},"geometry":{"type":"Polygon","coordinates":[[[128.153027,-1.660547],[128.091797,-1.701172],[128.06123,-1.712402],[127.91377,-1.685156],[127.741016,-1.69082],[127.561621,-1.728516],[127.457617,-1.69668],[127.392188,-1.644824],[127.39502,-1.589844],[127.456738,-1.453711],[127.591797,-1.350781],[127.64668,-1.332422],[127.742969,-1.360254],[127.905078,-1.439063],[128.032813,-1.531641],[128.14873,-1.603711],[128.153027,-1.660547]]]}},{"type":"Feature","properties":{},"geometry":{"type":"Polygon","coordinates":[[[134.746973,-5.707031],[134.739063,-5.745605],[134.738379,-5.816797],[134.75498,-5.882715],[134.712207,-5.949707],[134.752148,-6.050098],[134.758105,-6.1],[134.755859,-6.170605],[134.744434,-6.202344],[134.71416,-6.295117],[134.683887,-6.328125],[134.661133,-6.337305],[134.637598,-6.365332],[134.441113,-6.334863],[134.356152,-6.270508],[134.280469,-6.200781],[134.264453,-6.17168],[134.175391,-6.090332],[134.154883,-6.062891],[134.153125,-6.019531],[134.225098,-6.008496],[134.301953,-6.009766],[134.298633,-5.970703],[134.343066,-5.833008],[134.226172,-5.744434],[134.205371,-5.707227],[134.247266,-5.681934],[134.341309,-5.712891],[134.456348,-5.55752],[134.490332,-5.525098],[134.506445,-5.438477],[134.570801,-5.427344],[134.616504,-5.438574],[134.646094,-5.492383],[134.657813,-5.539258],[134.645508,-5.581348],[134.700781,-5.603027],[134.746973,-5.707031]]]}},{"type":"Feature","properties":{},"geometry":{"type":"Polygon","coordinates":[[[134.536816,-6.442285],[134.52041,-6.512695],[134.504297,-6.591406],[134.4125,-6.679688],[134.355957,-6.814844],[134.322754,-6.84873],[134.2,-6.908789],[134.09082,-6.833789],[134.05918,-6.769336],[134.107031,-6.471582],[134.154199,-6.481445],[134.184766,-6.479297],[134.194629,-6.459766],[134.124609,-6.426465],[134.11123,-6.255371],[134.114648,-6.19082],[134.168066,-6.17627],[134.23418,-6.226367],[134.317773,-6.316113],[134.415039,-6.386719],[134.536816,-6.442285]]]}},{"type":"Feature","properties":{},"geometry":{"type":"Polygon","coordinates":[[[132.92627,-5.902051],[132.84502,-5.987988],[132.92168,-5.785254],[132.937695,-5.682617],[133.008789,-5.621387],[133.114648,-5.310645],[133.138477,-5.317871],[133.172852,-5.348145],[133.119629,-5.575977],[132.971094,-5.73584],[132.92627,-5.902051]]]}},{"type":"Feature","properties":{},"geometry":{"type":"Polygon","coordinates":[[[132.807129,-5.850781],[132.746289,-5.94707],[132.704883,-5.913086],[132.681445,-5.912598],[132.667285,-5.856055],[132.681348,-5.738867],[132.630176,-5.607031],[132.697852,-5.608984],[132.716504,-5.64834],[132.737793,-5.661719],[132.804297,-5.788867],[132.807129,-5.850781]]]}},{"type":"Feature","properties":{},"geometry":{"type":"Polygon","coordinates":[[[128.722461,-3.546875],[128.720117,-3.58916],[128.713281,-3.602539],[128.658789,-3.587793],[128.619531,-3.588574],[128.585156,-3.512207],[128.594922,-3.494824],[128.666504,-3.516699],[128.693555,-3.524512],[128.722461,-3.546875]]]}},{"type":"Feature","properties":{},"geometry":{"type":"Polygon","coordinates":[[[128.562598,-3.585449],[128.391602,-3.637891],[128.42832,-3.54043],[128.451563,-3.514746],[128.536328,-3.541309],[128.562598,-3.585449]]]}},{"type":"Feature","properties":{},"geometry":{"type":"Polygon","coordinates":[[[128.275586,-3.674609],[128.249902,-3.711133],[128.191797,-3.735254],[128.143164,-3.732715],[128.158984,-3.697656],[128.146875,-3.677148],[128.11084,-3.686426],[128.052246,-3.714551],[127.978027,-3.770996],[127.934375,-3.743066],[127.925,-3.699316],[127.927539,-3.679395],[128.016211,-3.600879],[128.119141,-3.5875],[128.264355,-3.512305],[128.329102,-3.515918],[128.313672,-3.563672],[128.291016,-3.597656],[128.277441,-3.633203],[128.275586,-3.674609]]]}},{"type":"Feature","properties":{},"geometry":{"type":"Polygon","coordinates":[[[123.179785,-4.551172],[123.203027,-4.766211],[123.195703,-4.822656],[123.139453,-4.739941],[123.119238,-4.723438],[123.103809,-4.739941],[123.083887,-4.749023],[123.055176,-4.748242],[123.017969,-4.831738],[123.014648,-4.910254],[122.986523,-4.963086],[122.97168,-5.138477],[122.981055,-5.185742],[123.024609,-5.162402],[123.051465,-5.156445],[123.149902,-5.224023],[123.201953,-5.27334],[123.187305,-5.333008],[123.120703,-5.393164],[123.043359,-5.419336],[122.985742,-5.393555],[122.96875,-5.405762],[122.934668,-5.436719],[122.908789,-5.477441],[122.916211,-5.519336],[122.850195,-5.637988],[122.812109,-5.671289],[122.733105,-5.634961],[122.684375,-5.666211],[122.64502,-5.663379],[122.584961,-5.544629],[122.586426,-5.488867],[122.642188,-5.42627],[122.642578,-5.381152],[122.670117,-5.330859],[122.731445,-5.261914],[122.766504,-5.210156],[122.767578,-5.177246],[122.793652,-5.052441],[122.803809,-5.000098],[122.821484,-4.944434],[122.849414,-4.83125],[122.85332,-4.618359],[122.946875,-4.442676],[123.038281,-4.394727],[123.074609,-4.386914],[123.068945,-4.433594],[123.179785,-4.551172]]]}},{"type":"Feature","properties":{},"geometry":{"type":"Polygon","coordinates":[[[122.645117,-5.269434],[122.619336,-5.33584],[122.563867,-5.3875],[122.519727,-5.391211],[122.473633,-5.380664],[122.391992,-5.335449],[122.371289,-5.383105],[122.307031,-5.380957],[122.283105,-5.319531],[122.329004,-5.137695],[122.396289,-5.069824],[122.390039,-4.998535],[122.334473,-4.846582],[122.368945,-4.767188],[122.524414,-4.707129],[122.659961,-4.633887],[122.701953,-4.618652],[122.739746,-4.675],[122.759863,-4.933887],[122.614062,-5.138672],[122.645117,-5.269434]]]}},{"type":"Feature","properties":{},"geometry":{"type":"Polygon","coordinates":[[[122.042969,-5.437988],[121.97959,-5.464746],[121.859375,-5.350293],[121.808496,-5.256152],[121.820703,-5.20293],[121.856641,-5.15625],[121.87373,-5.144629],[121.866309,-5.095996],[121.913672,-5.072266],[121.965723,-5.075586],[121.999902,-5.14082],[122.041016,-5.158789],[122.061816,-5.221289],[122.042969,-5.437988]]]}},{"type":"Feature","properties":{},"geometry":{"type":"Polygon","coordinates":[[[123.242383,-4.112988],[123.144531,-4.233301],[123.076172,-4.227148],[122.994727,-4.148047],[122.970898,-4.061328],[122.969043,-4.02998],[123.024902,-3.980957],[123.211914,-3.997559],[123.246973,-4.040918],[123.242383,-4.112988]]]}},{"type":"Feature","properties":{},"geometry":{"type":"Polygon","coordinates":[[[126.055078,-2.45127],[126.037891,-2.469434],[125.97793,-2.41543],[125.937598,-2.262793],[125.903223,-2.222168],[125.862891,-2.077148],[125.873242,-2.035938],[125.922754,-1.974805],[125.962793,-1.975781],[125.992676,-2.011816],[125.975977,-2.168066],[126.065723,-2.36582],[126.055078,-2.45127]]]}},{"type":"Feature","properties":{},"geometry":{"type":"Polygon","coordinates":[[[126.024219,-1.789746],[126.331738,-1.822852],[126.288086,-1.858887],[125.956445,-1.916602],[125.838867,-1.906152],[125.479199,-1.940039],[125.432617,-1.938086],[125.425977,-1.882227],[125.387207,-1.843066],[125.444727,-1.808984],[125.520898,-1.800879],[125.720313,-1.81377],[126.024219,-1.789746]]]}},{"type":"Feature","properties":{},"geometry":{"type":"Polygon","coordinates":[[[124.969531,-1.705469],[125.062988,-1.741016],[125.095898,-1.74082],[125.126758,-1.699316],[125.145801,-1.692578],[125.187891,-1.712891],[125.197656,-1.780273],[125.258203,-1.770898],[125.305371,-1.793945],[125.320215,-1.810059],[125.314063,-1.877148],[125.134766,-1.888965],[125.006738,-1.943066],[124.834473,-1.894434],[124.63916,-1.978223],[124.520605,-2.006934],[124.417773,-2.005176],[124.329688,-1.858887],[124.380859,-1.6875],[124.417578,-1.659277],[124.483008,-1.644336],[124.663965,-1.635938],[124.969531,-1.705469]]]}},{"type":"Feature","properties":{},"geometry":{"type":"Polygon","coordinates":[[[123.848242,-1.955469],[123.866016,-1.995703],[123.803516,-1.994336],[123.777246,-1.918652],[123.783496,-1.87832],[123.848242,-1.955469]]]}},{"type":"Feature","properties":{},"geometry":{"type":"Polygon","coordinates":[[[123.212305,-1.171289],[123.234277,-1.233691],[123.198047,-1.287695],[123.237793,-1.389355],[123.338574,-1.254004],[123.434766,-1.236816],[123.489355,-1.259277],[123.526855,-1.286035],[123.547266,-1.337402],[123.511914,-1.447363],[123.44873,-1.498828],[123.366992,-1.507129],[123.328613,-1.443066],[123.274902,-1.437207],[123.237402,-1.576953],[123.220508,-1.59834],[123.172949,-1.616016],[123.130371,-1.577441],[123.122949,-1.556055],[123.18291,-1.492773],[123.150391,-1.304492],[123.105176,-1.339844],[122.984375,-1.510645],[122.89043,-1.587207],[122.858496,-1.548242],[122.81084,-1.432129],[122.832227,-1.283008],[122.908008,-1.182227],[122.972461,-1.18916],[123.158301,-1.15752],[123.212305,-1.171289]]]}},{"type":"Feature","properties":{},"geometry":{"type":"Polygon","coordinates":[[[123.152539,-1.816504],[123.078809,-1.898926],[123.070898,-1.854883],[123.08584,-1.814844],[123.106445,-1.786719],[123.1375,-1.772656],[123.152539,-1.816504]]]}},{"type":"Feature","properties":{},"geometry":{"type":"Polygon","coordinates":[[[121.864355,-0.406836],[121.906836,-0.45127],[121.88125,-0.502637],[121.846875,-0.489844],[121.756055,-0.49082],[121.721777,-0.494727],[121.680957,-0.525],[121.655273,-0.526172],[121.672363,-0.478809],[121.749316,-0.407031],[121.797363,-0.417676],[121.864355,-0.406836]]]}},{"type":"Feature","properties":{},"geometry":{"type":"Polygon","coordinates":[[[126.816602,4.033496],[126.77627,4.012598],[126.71123,4.020264],[126.704492,4.070996],[126.770117,4.162207],[126.813574,4.258496],[126.767285,4.282568],[126.72207,4.344189],[126.720508,4.41582],[126.757324,4.5479],[126.8125,4.537207],[126.865137,4.479834],[126.886719,4.37251],[126.921094,4.291016],[126.847656,4.17998],[126.816602,4.033496]]]}},{"type":"Feature","properties":{},"geometry":{"type":"Polygon","coordinates":[[[126.719336,3.874658],[126.721777,3.83252],[126.66123,3.928418],[126.6375,4.041943],[126.685547,4.001416],[126.739648,3.917725],[126.719336,3.874658]]]}},{"type":"Feature","properties":{},"geometry":{"type":"Polygon","coordinates":[[[126.851855,3.768457],[126.835547,3.756934],[126.799609,3.783887],[126.777539,3.813428],[126.778906,3.843164],[126.804492,3.85791],[126.857031,3.812402],[126.857813,3.787207],[126.851855,3.768457]]]}},{"type":"Feature","properties":{},"geometry":{"type":"Polygon","coordinates":[[[125.658105,3.436035],[125.633203,3.40542],[125.511523,3.461133],[125.517578,3.549609],[125.501172,3.593213],[125.468555,3.639111],[125.455273,3.68418],[125.468848,3.733252],[125.543457,3.67041],[125.585645,3.571094],[125.643555,3.476514],[125.658105,3.436035]]]}},{"type":"Feature","properties":{},"geometry":{"type":"Polygon","coordinates":[[[125.407422,2.651611],[125.397266,2.629541],[125.360059,2.746826],[125.39082,2.805371],[125.435254,2.783887],[125.446484,2.762988],[125.403906,2.707031],[125.407422,2.651611]]]}},{"type":"Feature","properties":{},"geometry":{"type":"Polygon","coordinates":[[[120.52832,-6.298438],[120.487305,-6.464844],[120.467969,-6.406152],[120.460742,-6.254004],[120.435547,-6.180176],[120.451563,-6.094922],[120.446484,-5.87627],[120.477344,-5.775293],[120.53418,-5.903809],[120.549219,-5.969238],[120.52832,-6.298438]]]}},{"type":"Feature","properties":{},"geometry":{"type":"Polygon","coordinates":[[[131.982031,-7.202051],[131.969531,-7.251367],[131.926855,-7.225],[131.884473,-7.16748],[131.822852,-7.15918],[131.777539,-7.143945],[131.750781,-7.116797],[131.922266,-7.104492],[131.982031,-7.202051]]]}},{"type":"Feature","properties":{},"geometry":{"type":"Polygon","coordinates":[[[130.862207,-8.31875],[130.775195,-8.349902],[130.833398,-8.270801],[131.020117,-8.091309],[131.087402,-8.124512],[131.176367,-8.130762],[131.04375,-8.212012],[130.908105,-8.245703],[130.862207,-8.31875]]]}},{"type":"Feature","properties":{},"geometry":{"type":"Polygon","coordinates":[[[131.325586,-7.999512],[131.30918,-8.01084],[131.184961,-7.997852],[131.11377,-7.997363],[131.123438,-7.921875],[131.086816,-7.865039],[131.136816,-7.781738],[131.137793,-7.684863],[131.190039,-7.671875],[131.197363,-7.616699],[131.260059,-7.470508],[131.296875,-7.438086],[131.349219,-7.425391],[131.411035,-7.340137],[131.446191,-7.315332],[131.482617,-7.250684],[131.535254,-7.220605],[131.530859,-7.165137],[131.560742,-7.135742],[131.643457,-7.112793],[131.700781,-7.140234],[131.736133,-7.19707],[131.643848,-7.266895],[131.691113,-7.438867],[131.624414,-7.626172],[131.580273,-7.682227],[131.498438,-7.730664],[131.473535,-7.77666],[131.377051,-7.869141],[131.347754,-7.948047],[131.343457,-7.981445],[131.325586,-7.999512]]]}},{"type":"Feature","properties":{},"geometry":{"type":"Polygon","coordinates":[[[129.838867,-7.95459],[129.779785,-8.046484],[129.713477,-8.040723],[129.591895,-7.917383],[129.59873,-7.831348],[129.608984,-7.803418],[129.655469,-7.794824],[129.812988,-7.819727],[129.843555,-7.889355],[129.838867,-7.95459]]]}},{"type":"Feature","properties":{},"geometry":{"type":"Polygon","coordinates":[[[128.670117,-7.183301],[128.625,-7.208594],[128.550195,-7.156348],[128.529785,-7.13457],[128.577344,-7.083203],[128.627734,-7.06875],[128.658301,-7.091113],[128.673242,-7.113379],[128.666895,-7.137988],[128.670117,-7.183301]]]}},{"type":"Feature","properties":{},"geometry":{"type":"Polygon","coordinates":[[[127.823438,-8.098828],[127.998438,-8.139063],[128.098828,-8.134863],[128.119238,-8.170703],[128.023535,-8.255371],[127.820898,-8.190234],[127.78623,-8.120313],[127.823438,-8.098828]]]}},{"type":"Feature","properties":{},"geometry":{"type":"Polygon","coordinates":[[[127.419434,-7.623047],[127.355273,-7.646484],[127.375,-7.572461],[127.370703,-7.512793],[127.475195,-7.531055],[127.474023,-7.578516],[127.463965,-7.596875],[127.419434,-7.623047]]]}},{"type":"Feature","properties":{},"geometry":{"type":"Polygon","coordinates":[[[126.800977,-7.667871],[126.814453,-7.716504],[126.812695,-7.737891],[126.692871,-7.753516],[126.577344,-7.807617],[126.518164,-7.869922],[126.47207,-7.950391],[126.312891,-7.917676],[126.171094,-7.912305],[126.108398,-7.883984],[126.040039,-7.88584],[125.951563,-7.910938],[125.826172,-7.979297],[125.798242,-7.98457],[125.808398,-7.880664],[125.843164,-7.816699],[125.975293,-7.663379],[126.085352,-7.697363],[126.213672,-7.706738],[126.359375,-7.676758],[126.462891,-7.607813],[126.60957,-7.571777],[126.726367,-7.662207],[126.800977,-7.667871]]]}},{"type":"Feature","properties":{},"geometry":{"type":"Polygon","coordinates":[[[125.646094,-8.139941],[125.579492,-8.311816],[125.507129,-8.275098],[125.584082,-8.178613],[125.621094,-8.15],[125.646094,-8.139941]]]}},{"type":"Feature","properties":{},"geometry":{"type":"Polygon","coordinates":[[[123.416211,-10.302637],[123.325977,-10.3375],[123.325586,-10.26416],[123.395312,-10.171387],[123.458789,-10.139941],[123.493945,-10.176953],[123.496777,-10.193945],[123.405078,-10.227148],[123.416211,-10.302637]]]}},{"type":"Feature","properties":{},"geometry":{"type":"Polygon","coordinates":[[[122.948926,-10.909277],[122.855859,-10.909668],[122.826172,-10.899121],[122.818457,-10.811035],[122.845703,-10.761816],[123.061426,-10.698438],[123.145801,-10.639941],[123.26543,-10.518164],[123.339648,-10.48623],[123.358496,-10.472461],[123.371094,-10.474902],[123.383105,-10.567578],[123.412891,-10.622656],[123.418164,-10.65127],[123.310742,-10.698438],[123.214844,-10.806152],[123.005273,-10.876367],[122.948926,-10.909277]]]}},{"type":"Feature","properties":{},"geometry":{"type":"Polygon","coordinates":[[[121.883008,-10.590332],[121.833105,-10.602148],[121.726172,-10.573145],[121.704688,-10.555664],[121.796289,-10.507422],[121.866992,-10.438867],[121.949512,-10.433008],[121.99834,-10.446973],[121.981348,-10.528418],[121.883008,-10.590332]]]}},{"type":"Feature","properties":{},"geometry":{"type":"Polygon","coordinates":[[[124.575586,-8.14082],[124.599609,-8.201758],[124.676855,-8.168066],[124.752246,-8.15957],[124.924121,-8.166016],[125.050293,-8.17959],[125.124609,-8.204785],[125.131738,-8.326465],[125.096777,-8.352832],[124.444238,-8.444629],[124.380664,-8.415137],[124.355566,-8.385938],[124.425977,-8.295801],[124.393555,-8.253027],[124.430664,-8.183203],[124.508594,-8.135449],[124.575586,-8.14082]]]}},{"type":"Feature","properties":{},"geometry":{"type":"Polygon","coordinates":[[[124.286621,-8.329492],[124.225781,-8.391309],[124.184375,-8.49873],[124.14668,-8.531445],[124.065723,-8.55166],[124.017285,-8.443848],[123.927734,-8.448926],[123.971484,-8.354102],[124.01377,-8.318652],[124.06875,-8.317773],[124.095801,-8.356152],[124.110547,-8.364258],[124.239551,-8.203418],[124.265625,-8.201758],[124.287109,-8.208691],[124.304492,-8.228809],[124.286621,-8.329492]]]}},{"type":"Feature","properties":{},"geometry":{"type":"Polygon","coordinates":[[[123.924805,-8.272461],[123.783887,-8.299609],[123.697852,-8.424414],[123.629199,-8.422461],[123.591602,-8.47793],[123.582617,-8.50166],[123.587891,-8.523828],[123.580176,-8.544922],[123.553027,-8.566797],[123.488672,-8.532324],[123.433789,-8.576074],[123.410742,-8.586621],[123.32998,-8.535645],[123.25332,-8.538574],[123.230078,-8.530664],[123.325,-8.439063],[123.45459,-8.353711],[123.475879,-8.322266],[123.425195,-8.313379],[123.394922,-8.300586],[123.391211,-8.280469],[123.473242,-8.26709],[123.52998,-8.265234],[123.573145,-8.291504],[123.600586,-8.291309],[123.775977,-8.19043],[123.845508,-8.213379],[123.896094,-8.239258],[123.924805,-8.272461]]]}},{"type":"Feature","properties":{},"geometry":{"type":"Polygon","coordinates":[[[123.31748,-8.354785],[123.297266,-8.398633],[123.025,-8.395508],[123.032617,-8.337793],[123.108301,-8.274805],[123.133496,-8.253809],[123.21709,-8.235449],[123.336035,-8.269043],[123.31748,-8.354785]]]}},{"type":"Feature","properties":{},"geometry":{"type":"Polygon","coordinates":[[[119.464063,-8.741016],[119.424902,-8.750488],[119.385547,-8.736035],[119.40166,-8.64707],[119.378906,-8.586523],[119.419922,-8.539062],[119.430176,-8.45498],[119.446484,-8.429199],[119.470508,-8.455664],[119.481738,-8.472949],[119.502148,-8.481055],[119.546973,-8.482617],[119.557227,-8.518848],[119.555469,-8.553418],[119.536328,-8.589355],[119.482813,-8.628223],[119.444043,-8.671777],[119.464063,-8.741016]]]}},{"type":"Feature","properties":{},"geometry":{"type":"Polygon","coordinates":[[[119.073828,-8.238867],[119.02998,-8.240039],[119.020898,-8.199902],[119.036621,-8.157813],[119.078711,-8.140234],[119.097754,-8.13916],[119.12832,-8.177148],[119.134863,-8.19707],[119.106738,-8.223438],[119.073828,-8.238867]]]}},{"type":"Feature","properties":{},"geometry":{"type":"Polygon","coordinates":[[[115.609961,-8.769824],[115.581934,-8.804199],[115.500879,-8.742871],[115.480469,-8.71543],[115.540625,-8.675391],[115.561426,-8.669922],[115.613281,-8.713184],[115.609961,-8.769824]]]}},{"type":"Feature","properties":{},"geometry":{"type":"Polygon","coordinates":[[[115.377051,-6.970801],[115.295801,-6.987793],[115.220313,-6.952539],[115.222168,-6.905176],[115.240527,-6.86123],[115.353711,-6.838477],[115.414453,-6.839746],[115.479199,-6.870215],[115.524219,-6.901855],[115.546094,-6.938672],[115.424121,-6.940625],[115.377051,-6.970801]]]}},{"type":"Feature","properties":{},"geometry":{"type":"Polygon","coordinates":[[[112.719434,-5.811035],[112.697949,-5.846484],[112.602148,-5.843652],[112.586035,-5.803613],[112.648535,-5.730859],[112.690039,-5.726172],[112.727344,-5.752734],[112.719434,-5.811035]]]}},{"type":"Feature","properties":{},"geometry":{"type":"Polygon","coordinates":[[[117.922852,4.054297],[117.736816,4.004004],[117.625098,4.121484],[117.666797,4.204004],[117.662109,4.250195],[117.708008,4.262402],[117.761426,4.252344],[117.884766,4.186133],[117.917871,4.090527],[117.922852,4.054297]]]}},{"type":"Feature","properties":{},"geometry":{"type":"Polygon","coordinates":[[[117.658398,3.280518],[117.645801,3.247754],[117.560352,3.328223],[117.5375,3.386377],[117.547852,3.431982],[117.636719,3.436084],[117.680859,3.40752],[117.658398,3.280518]]]}},{"type":"Feature","properties":{},"geometry":{"type":"Polygon","coordinates":[[[116.424121,-3.464453],[116.387793,-3.636719],[116.326563,-3.539062],[116.395312,-3.42334],[116.426953,-3.399902],[116.424121,-3.464453]]]}},{"type":"Feature","properties":{},"geometry":{"type":"Polygon","coordinates":[[[116.30332,-3.868164],[116.093359,-4.054102],[116.058789,-4.006934],[116.076953,-3.81748],[116.018359,-3.699902],[116.022461,-3.612402],[116.063574,-3.45791],[116.117383,-3.339551],[116.239355,-3.260352],[116.269727,-3.251074],[116.262109,-3.394824],[116.286523,-3.448828],[116.295117,-3.49502],[116.282031,-3.534766],[116.305176,-3.718555],[116.318652,-3.762988],[116.289258,-3.820898],[116.30332,-3.868164]]]}},{"type":"Feature","properties":{},"geometry":{"type":"Polygon","coordinates":[[[108.953125,-1.619629],[108.837891,-1.661621],[108.803711,-1.567773],[108.877246,-1.539844],[108.956836,-1.564063],[108.953125,-1.619629]]]}},{"type":"Feature","properties":{},"geometry":{"type":"Polygon","coordinates":[[[109.710254,-1.180664],[109.51084,-1.282813],[109.463672,-1.277539],[109.428125,-1.241211],[109.450293,-1.044141],[109.475977,-0.985352],[109.614648,-0.979102],[109.699512,-1.007324],[109.743359,-1.039355],[109.760547,-1.105176],[109.750781,-1.14502],[109.710254,-1.180664]]]}},{"type":"Feature","properties":{},"geometry":{"type":"Polygon","coordinates":[[[108.8875,2.90542],[108.838867,2.853027],[108.786523,2.885645],[108.86709,2.991895],[108.885742,2.998975],[108.8875,2.90542]]]}},{"type":"Feature","properties":{},"geometry":{"type":"Polygon","coordinates":[[[108.316016,3.689648],[108.17959,3.653076],[108.100391,3.704541],[108.186133,3.767969],[108.216406,3.772168],[108.236133,3.78457],[108.243262,3.810352],[108.088477,3.8521],[108.044531,3.888965],[108.002344,3.982861],[108.003516,4.042578],[108.201953,4.200488],[108.24834,4.217139],[108.255566,4.151758],[108.392871,3.986182],[108.398828,3.875977],[108.393555,3.836182],[108.316016,3.689648]]]}},{"type":"Feature","properties":{},"geometry":{"type":"Polygon","coordinates":[[[106.285254,3.157129],[106.283691,3.088232],[106.214551,3.128564],[106.200977,3.204883],[106.22373,3.22959],[106.271191,3.216309],[106.285254,3.157129]]]}},{"type":"Feature","properties":{},"geometry":{"type":"Polygon","coordinates":[[[105.760352,2.863037],[105.718555,2.85918],[105.706152,2.888867],[105.70791,2.940088],[105.704199,2.980908],[105.692187,3.011328],[105.692187,3.0625],[105.730664,3.036963],[105.760352,3.013037],[105.794531,2.995947],[105.822168,2.984375],[105.836719,2.976514],[105.809375,2.903955],[105.760352,2.863037]]]}},{"type":"Feature","properties":{},"geometry":{"type":"Polygon","coordinates":[[[101.708105,2.078418],[101.762305,1.996533],[101.773535,1.943457],[101.734082,1.882568],[101.719434,1.78916],[101.602734,1.715723],[101.500781,1.733203],[101.467773,1.759375],[101.403418,1.901318],[101.409668,2.02168],[101.450293,2.067822],[101.544727,2.060742],[101.640723,2.126709],[101.708105,2.078418]]]}},{"type":"Feature","properties":{},"geometry":{"type":"Polygon","coordinates":[[[102.427148,0.990137],[102.380859,0.959766],[102.325293,1.007031],[102.27959,1.075684],[102.255469,1.147168],[102.23418,1.263965],[102.228613,1.347852],[102.256348,1.39707],[102.276465,1.395264],[102.358594,1.345654],[102.412891,1.260791],[102.442871,1.234229],[102.448828,1.15625],[102.428906,1.067285],[102.427148,0.990137]]]}},{"type":"Feature","properties":{},"geometry":{"type":"Polygon","coordinates":[[[102.491895,1.45918],[102.499414,1.330908],[102.425195,1.364453],[102.366895,1.415479],[102.274219,1.453125],[102.161328,1.46543],[102.078711,1.498584],[102.020898,1.558203],[102.018359,1.585645],[102.024023,1.607959],[102.042188,1.625391],[102.469531,1.510059],[102.491895,1.45918]]]}},{"type":"Feature","properties":{},"geometry":{"type":"Polygon","coordinates":[[[103.027539,0.746631],[103.008789,0.708105],[102.971484,0.736523],[102.77627,0.77959],[102.710547,0.784375],[102.541602,0.831592],[102.49043,0.856641],[102.453906,0.889502],[102.466406,0.950342],[102.491406,0.986865],[102.506641,1.08877],[102.549219,1.130225],[102.633203,1.054395],[102.726172,0.989209],[102.780078,0.959375],[102.944141,0.892725],[103.002441,0.859277],[103.027539,0.746631]]]}},{"type":"Feature","properties":{},"geometry":{"type":"Polygon","coordinates":[[[103.166406,0.870166],[103.137207,0.84165],[103.086719,0.848145],[103.033398,0.882031],[102.963965,0.942676],[102.886328,0.996777],[102.787988,1.030957],[102.726465,1.04126],[102.701855,1.053711],[102.725586,1.158838],[102.790137,1.165479],[102.999414,1.067773],[103.067578,1.014746],[103.166406,0.870166]]]}},{"type":"Feature","properties":{},"geometry":{"type":"Polygon","coordinates":[[[103.284473,0.541943],[103.172168,0.536182],[103.139551,0.549072],[103.15332,0.643115],[103.187402,0.699756],[103.238184,0.698633],[103.295117,0.613965],[103.284473,0.541943]]]}},{"type":"Feature","properties":{},"geometry":{"type":"Polygon","coordinates":[[[103.423926,1.04834],[103.429688,0.993359],[103.363281,1.006836],[103.31543,1.071289],[103.35498,1.117236],[103.37998,1.133643],[103.404883,1.072559],[103.423926,1.04834]]]}},{"type":"Feature","properties":{},"geometry":{"type":"Polygon","coordinates":[[[103.450195,0.664453],[103.429688,0.650879],[103.344434,0.777881],[103.365723,0.851123],[103.386133,0.86958],[103.433105,0.825],[103.470313,0.778125],[103.497461,0.722705],[103.450195,0.664453]]]}},{"type":"Feature","properties":{},"geometry":{"type":"Polygon","coordinates":[[[103.828613,0.801025],[103.833984,0.772217],[103.742383,0.82998],[103.740039,0.871826],[103.751953,0.891357],[103.806641,0.846338],[103.828613,0.801025]]]}},{"type":"Feature","properties":{},"geometry":{"type":"Polygon","coordinates":[[[104.024805,1.180566],[104.088086,1.137012],[104.139844,1.165576],[104.137793,1.128223],[104.127344,1.092383],[104.066113,0.989551],[103.963574,1.013232],[103.939844,1.046484],[103.932227,1.071387],[103.946973,1.087012],[103.955371,1.137451],[103.999805,1.137256],[104.024805,1.180566]]]}},{"type":"Feature","properties":{},"geometry":{"type":"Polygon","coordinates":[[[104.585352,1.216113],[104.591016,1.141064],[104.648145,1.10459],[104.662891,1.049512],[104.652832,0.961035],[104.599121,0.858984],[104.575195,0.831934],[104.504297,0.852637],[104.480664,0.886768],[104.471191,0.913477],[104.481055,0.93252],[104.428613,0.956494],[104.462402,0.995557],[104.439258,1.050439],[104.293945,1.016113],[104.251953,1.014893],[104.244238,1.077393],[104.250195,1.102637],[104.361816,1.181494],[104.428418,1.196045],[104.500098,1.180225],[104.585352,1.216113]]]}},{"type":"Feature","properties":{},"geometry":{"type":"Polygon","coordinates":[[[104.239355,0.833984],[104.176758,0.804883],[104.098145,0.89624],[104.101074,0.91748],[104.108301,0.933545],[104.122754,0.943994],[104.170508,0.896729],[104.227051,0.879883],[104.239355,0.833984]]]}},{"type":"Feature","properties":{},"geometry":{"type":"Polygon","coordinates":[[[104.689258,0.059521],[104.698145,0.034668],[104.650879,0.062695],[104.622363,0.079639],[104.603516,0.095215],[104.499219,0.23208],[104.543848,0.223291],[104.659863,0.103076],[104.689258,0.059521]]]}},{"type":"Feature","properties":{},"geometry":{"type":"Polygon","coordinates":[[[104.778613,-0.175977],[104.80752,-0.19248],[104.843164,-0.140625],[104.908984,-0.211719],[104.949707,-0.247266],[105.005371,-0.282813],[104.950586,-0.284473],[104.928516,-0.316992],[104.914258,-0.32334],[104.702246,-0.208691],[104.566602,-0.245605],[104.473535,-0.212109],[104.44707,-0.18916],[104.49707,-0.126367],[104.542676,0.017725],[104.635645,-0.018457],[104.658398,-0.062842],[104.652734,-0.076025],[104.713477,-0.103027],[104.778613,-0.175977]]]}},{"type":"Feature","properties":{},"geometry":{"type":"Polygon","coordinates":[[[104.474219,-0.334668],[104.567773,-0.431836],[104.590137,-0.466602],[104.543945,-0.520508],[104.506543,-0.59668],[104.485352,-0.612891],[104.413867,-0.583691],[104.363184,-0.658594],[104.329785,-0.539062],[104.257129,-0.463281],[104.302344,-0.385742],[104.31875,-0.380176],[104.340723,-0.382617],[104.363574,-0.402832],[104.474219,-0.334668]]]}},{"type":"Feature","properties":{},"geometry":{"type":"Polygon","coordinates":[[[103.736523,-0.347949],[103.606348,-0.38291],[103.461328,-0.357617],[103.479004,-0.297461],[103.548926,-0.227539],[103.610938,-0.230566],[103.723926,-0.27666],[103.764258,-0.317773],[103.736523,-0.347949]]]}},{"type":"Feature","properties":{},"geometry":{"type":"Polygon","coordinates":[[[108.207227,-2.997656],[108.191797,-3.103027],[108.167285,-3.142773],[108.083594,-3.194922],[108.055273,-3.226855],[107.977148,-3.221777],[107.967285,-3.166602],[107.941113,-3.129297],[107.858203,-3.086328],[107.836621,-3.09668],[107.821777,-3.160742],[107.65957,-3.205566],[107.614453,-3.209375],[107.636719,-3.124805],[107.594922,-3.058398],[107.591602,-2.976562],[107.583887,-2.940723],[107.563477,-2.920117],[107.604883,-2.863086],[107.598145,-2.799707],[107.641602,-2.731543],[107.666309,-2.566309],[107.837793,-2.530273],[107.874707,-2.559668],[108.074414,-2.596973],[108.215137,-2.696973],[108.290625,-2.82998],[108.207227,-2.997656]]]}},{"type":"Feature","properties":{},"geometry":{"type":"Polygon","coordinates":[[[107.47334,-2.899512],[107.432813,-2.925293],[107.409277,-2.900586],[107.402441,-2.872949],[107.419336,-2.838086],[107.474414,-2.834668],[107.499707,-2.84502],[107.47334,-2.899512]]]}},{"type":"Feature","properties":{},"geometry":{"type":"Polygon","coordinates":[[[106.886426,-3.005273],[106.869727,-3.025293],[106.814258,-3.014453],[106.774316,-2.986816],[106.749219,-2.960449],[106.742871,-2.932813],[106.796875,-2.898926],[106.910645,-2.933984],[106.886426,-3.005273]]]}},{"type":"Feature","properties":{},"geometry":{"type":"Polygon","coordinates":[[[105.252832,-6.64043],[105.19043,-6.6625],[105.142773,-6.643066],[105.121387,-6.614941],[105.192285,-6.545605],[105.225684,-6.529102],[105.260547,-6.523926],[105.277441,-6.561426],[105.252832,-6.64043]]]}},{"type":"Feature","properties":{},"geometry":{"type":"Polygon","coordinates":[[[97.481543,1.465088],[97.69834,1.18374],[97.786426,1.145898],[97.903223,1.018262],[97.931934,0.973926],[97.902051,0.884229],[97.876465,0.62832],[97.82041,0.564453],[97.683984,0.596094],[97.68252,0.641064],[97.603906,0.833887],[97.46123,0.941406],[97.405371,0.946973],[97.368848,1.056934],[97.296875,1.187354],[97.079199,1.425488],[97.244238,1.423633],[97.324414,1.481641],[97.342773,1.52793],[97.355957,1.539746],[97.481543,1.465088]]]}},{"type":"Feature","properties":{},"geometry":{"type":"Polygon","coordinates":[[[102.367188,-5.478711],[102.285937,-5.483496],[102.135547,-5.360547],[102.110742,-5.322559],[102.153516,-5.28623],[102.198438,-5.288867],[102.371777,-5.366406],[102.405469,-5.404785],[102.367188,-5.478711]]]}},{"type":"Feature","properties":{},"geometry":{"type":"Polygon","coordinates":[[[100.425098,-3.18291],[100.465137,-3.328516],[100.346094,-3.229199],[100.348437,-3.158789],[100.332031,-3.113086],[100.259961,-3.056934],[100.204297,-2.986816],[100.179297,-2.820215],[100.198535,-2.785547],[100.245605,-2.783203],[100.45459,-3.001953],[100.468848,-3.038965],[100.464258,-3.116895],[100.433887,-3.141309],[100.425098,-3.18291]]]}},{"type":"Feature","properties":{},"geometry":{"type":"Polygon","coordinates":[[[100.204102,-2.741016],[100.132715,-2.821387],[100.014941,-2.819727],[99.991895,-2.769824],[99.996875,-2.649316],[99.968164,-2.609766],[99.969336,-2.594141],[99.987891,-2.525391],[100.011914,-2.510254],[100.201953,-2.679688],[100.204102,-2.741016]]]}},{"type":"Feature","properties":{},"geometry":{"type":"Polygon","coordinates":[[[99.843066,-2.343066],[99.847852,-2.369727],[99.685156,-2.281738],[99.607031,-2.25752],[99.537402,-2.161523],[99.558887,-2.11543],[99.561816,-2.051172],[99.572168,-2.025781],[99.62207,-2.016602],[99.686426,-2.063379],[99.734766,-2.177734],[99.815723,-2.284375],[99.843066,-2.343066]]]}},{"type":"Feature","properties":{},"geometry":{"type":"Polygon","coordinates":[[[99.163867,-1.77793],[99.071777,-1.783496],[98.874316,-1.663672],[98.827734,-1.609961],[98.816309,-1.538281],[98.626953,-1.261328],[98.601758,-1.197852],[98.676074,-0.970508],[98.869043,-0.915625],[98.932617,-0.954004],[98.954785,-1.05625],[99.065039,-1.240723],[99.101465,-1.340137],[99.128906,-1.38418],[99.14043,-1.418457],[99.130664,-1.442383],[99.210352,-1.559277],[99.267285,-1.627734],[99.271484,-1.738477],[99.163867,-1.77793]]]}},{"type":"Feature","properties":{},"geometry":{"type":"Polygon","coordinates":[[[98.459277,-0.530469],[98.399707,-0.576855],[98.309668,-0.531836],[98.339941,-0.467871],[98.354785,-0.379297],[98.408789,-0.308984],[98.427148,-0.226465],[98.322949,-0.000781],[98.374512,0.00708],[98.41543,-0.017529],[98.484375,-0.167676],[98.544141,-0.257617],[98.520117,-0.379688],[98.459277,-0.530469]]]}},{"type":"Feature","properties":{},"geometry":{"type":"Polygon","coordinates":[[[97.33418,2.075635],[97.32832,2.053271],[97.225098,2.158496],[97.108301,2.216895],[97.156641,2.232227],[97.252832,2.216016],[97.291406,2.20083],[97.328711,2.148535],[97.33418,2.075635]]]}},{"type":"Feature","properties":{},"geometry":{"type":"Polygon","coordinates":[[[96.463672,2.36001],[96.400977,2.350684],[96.340625,2.37207],[96.29043,2.42959],[96.021973,2.595752],[95.938477,2.598437],[95.879785,2.640918],[95.808594,2.655615],[95.733008,2.766504],[95.717188,2.825977],[95.772168,2.85498],[95.80625,2.916016],[95.895801,2.889062],[95.997852,2.781396],[96.101562,2.741211],[96.129785,2.720898],[96.17998,2.661328],[96.417285,2.515186],[96.443066,2.465625],[96.459375,2.41582],[96.463672,2.36001]]]}},{"type":"Feature","properties":{},"geometry":{"type":"Polygon","coordinates":[[[95.362109,5.812402],[95.342578,5.784131],[95.283203,5.798535],[95.217676,5.889502],[95.241992,5.907031],[95.28252,5.897754],[95.35918,5.876758],[95.366016,5.842676],[95.362109,5.812402]]]}},{"type":"Feature","properties":{},"geometry":{"type":"Polygon","coordinates":[[[111.389258,2.415332],[111.358691,2.402197],[111.311523,2.437598],[111.300391,2.741162],[111.333496,2.768311],[111.355078,2.764453],[111.37832,2.709326],[111.37627,2.576318],[111.380469,2.458936],[111.389258,2.415332]]]}},{"type":"Feature","properties":{},"geometry":{"type":"Polygon","coordinates":[[[117.141602,7.168213],[117.080664,7.115283],[117.060156,7.178857],[117.064258,7.260693],[117.146875,7.337012],[117.264063,7.35166],[117.280762,7.290625],[117.266797,7.220801],[117.239355,7.184766],[117.141602,7.168213]]]}},{"type":"Feature","properties":{},"geometry":{"type":"Polygon","coordinates":[[[32.012207,46.203906],[32.150098,46.154687],[32.009375,46.167822],[31.700195,46.214062],[31.563867,46.257764],[31.528711,46.306592],[31.508789,46.373145],[31.584863,46.303174],[31.638477,46.272559],[32.012207,46.203906]]]}},{"type":"Feature","properties":{},"geometry":{"type":"Polygon","coordinates":[[[22.92373,58.826904],[22.841699,58.777441],[22.792871,58.797217],[22.767285,58.820898],[22.661426,58.70918],[22.542188,58.68999],[22.472656,58.712061],[22.478906,58.753809],[22.411035,58.863379],[22.307422,58.895459],[22.161914,58.898486],[22.05625,58.943604],[22.462598,58.974316],[22.50459,59.026465],[22.587207,59.081201],[22.649414,59.087109],[22.702246,59.074414],[22.712207,59.031982],[22.725488,59.015088],[22.909863,58.991211],[22.981641,58.919824],[23.008691,58.833936],[22.92373,58.826904]]]}},{"type":"Feature","properties":{},"geometry":{"type":"Polygon","coordinates":[[[23.343555,58.550342],[23.260352,58.53999],[23.063477,58.611084],[23.109082,58.659229],[23.16543,58.678125],[23.332813,58.648584],[23.356445,58.575537],[23.343555,58.550342]]]}},{"type":"Feature","properties":{},"geometry":{"type":"Polygon","coordinates":[[[35.816113,65.18208],[35.848438,65.142676],[35.858398,65.07793],[35.827344,65.036475],[35.842285,65.001465],[35.778711,64.97666],[35.680078,65.057617],[35.621387,65.058789],[35.558594,65.093604],[35.528906,65.151074],[35.585742,65.16709],[35.608691,65.157129],[35.729102,65.197559],[35.816113,65.18208]]]}},{"type":"Feature","properties":{},"geometry":{"type":"Polygon","coordinates":[[[42.713672,66.701709],[42.675586,66.688086],[42.477344,66.735059],[42.460059,66.770361],[42.468555,66.785547],[42.547461,66.795508],[42.631445,66.782227],[42.690723,66.735303],[42.713672,66.701709]]]}},{"type":"Feature","properties":{},"geometry":{"type":"Polygon","coordinates":[[[26.875977,78.648926],[26.729492,78.646484],[26.45957,78.720264],[26.407715,78.784326],[26.455762,78.810498],[26.585938,78.811475],[26.78877,78.723975],[27.007617,78.69751],[26.875977,78.648926]]]}},{"type":"Feature","properties":{},"geometry":{"type":"Polygon","coordinates":[[[29.04707,78.912061],[29.34541,78.905762],[29.645117,78.921631],[29.69668,78.904736],[29.310547,78.8521],[28.881152,78.880078],[28.494531,78.887207],[28.037891,78.828711],[27.889063,78.852148],[28.120996,78.908447],[28.374023,78.927051],[28.414746,78.961426],[28.511133,78.967334],[28.845215,78.97085],[29.04707,78.912061]]]}},{"type":"Feature","properties":{},"geometry":{"type":"Polygon","coordinates":[[[50.051758,80.074316],[49.970898,80.060742],[49.588281,80.136133],[49.556055,80.158936],[49.883691,80.230225],[50.250977,80.219482],[50.309961,80.185645],[50.319141,80.172363],[50.072266,80.109473],[50.051758,80.074316]]]}},{"type":"Feature","properties":{},"geometry":{"type":"Polygon","coordinates":[[[51.409277,79.944238],[51.435156,79.931934],[51.43125,79.920508],[51.07627,79.931982],[50.454102,79.924414],[50.091406,79.980566],[50.472656,80.035449],[50.675781,80.048535],[50.936328,80.094238],[51.254395,80.048633],[51.237891,80.010352],[51.242773,79.99126],[51.326953,79.972314],[51.409277,79.944238]]]}},{"type":"Feature","properties":{},"geometry":{"type":"Polygon","coordinates":[[[32.525977,80.119141],[31.577637,80.081445],[31.481934,80.10791],[33.019141,80.217969],[33.098633,80.228711],[33.383984,80.242334],[33.629297,80.217432],[33.556641,80.198145],[32.525977,80.119141]]]}},{"type":"Feature","properties":{},"geometry":{"type":"Polygon","coordinates":[[[57.810254,81.546045],[57.862695,81.506445],[58.016602,81.483789],[58.436035,81.46416],[58.563867,81.418408],[58.371875,81.386963],[57.858691,81.368066],[57.911914,81.303271],[58.015332,81.254834],[57.912891,81.19751],[57.769727,81.169727],[57.450977,81.135547],[57.159473,81.178467],[56.821875,81.237939],[56.669238,81.198291],[56.5125,81.175244],[56.363965,81.178613],[56.191992,81.223975],[55.716699,81.188477],[55.572656,81.228076],[55.466016,81.311182],[55.781934,81.329443],[56.156836,81.303076],[56.404688,81.387012],[56.71875,81.423389],[56.973047,81.510547],[57.091504,81.541211],[57.365039,81.535254],[57.456445,81.542871],[57.716602,81.564648],[57.810254,81.546045]]]}},{"type":"Feature","properties":{},"geometry":{"type":"Polygon","coordinates":[[[54.718945,81.115967],[55.470703,81.019873],[56.170117,81.02915],[56.472266,80.998242],[56.909668,80.912891],[57.567773,80.819727],[57.694141,80.792285],[57.580371,80.755469],[56.814746,80.663623],[56.315527,80.632861],[55.883398,80.628418],[55.7125,80.637305],[55.540625,80.70332],[55.117188,80.751904],[54.668164,80.738672],[54.62334,80.765234],[54.532813,80.783008],[54.376074,80.786963],[54.066602,80.813623],[54.04541,80.871973],[54.240527,80.901855],[54.367285,80.903809],[54.416797,80.986523],[54.633984,81.113184],[54.718945,81.115967]]]}},{"type":"Feature","properties":{},"geometry":{"type":"Polygon","coordinates":[[[50.753711,81.047412],[50.616016,81.04126],[50.518164,81.045557],[50.411914,81.084375],[50.377441,81.102734],[50.368457,81.12251],[50.464941,81.126221],[50.505957,81.144238],[50.521582,81.158203],[50.591797,81.169434],[50.715918,81.170654],[50.878613,81.150879],[50.946191,81.108154],[50.78877,81.071826],[50.753711,81.047412]]]}},{"type":"Feature","properties":{},"geometry":{"type":"Polygon","coordinates":[[[58.622363,81.04165],[58.761523,80.990967],[58.815332,80.933594],[58.902539,80.897656],[58.930566,80.831689],[58.859961,80.779395],[58.641895,80.767969],[58.285645,80.764893],[57.937891,80.793359],[57.749805,80.889062],[57.405176,80.915137],[57.210938,81.01709],[57.410254,81.046777],[57.65625,81.031543],[58.049512,81.118457],[58.102344,81.114258],[58.189941,81.09458],[58.507617,81.061768],[58.622363,81.04165]]]}},{"type":"Feature","properties":{},"geometry":{"type":"Polygon","coordinates":[[[63.650977,81.609326],[63.528516,81.596582],[62.884961,81.608887],[62.573047,81.633057],[62.53125,81.647021],[62.515234,81.659131],[62.106445,81.679346],[62.283984,81.706543],[62.794922,81.718945],[63.70957,81.687305],[63.767383,81.66416],[63.782422,81.649805],[63.650977,81.609326]]]}},{"type":"Feature","properties":{},"geometry":{"type":"Polygon","coordinates":[[[58.29541,81.715186],[57.964844,81.695654],[57.920605,81.710498],[57.909277,81.721924],[57.945117,81.747852],[57.984961,81.797021],[58.13457,81.827979],[59.261816,81.854199],[59.408496,81.825439],[59.356836,81.780957],[59.356445,81.758984],[58.29541,81.715186]]]}},{"type":"Feature","properties":{},"geometry":{"type":"Polygon","coordinates":[[[18.741602,80.300928],[18.525,80.245605],[18.162207,80.288184],[18.205566,80.331787],[18.291699,80.35835],[18.519336,80.34834],[18.741602,80.300928]]]}},{"type":"Feature","properties":{},"geometry":{"type":"Polygon","coordinates":[[[11.250293,78.610693],[11.261719,78.541699],[11.424219,78.548584],[11.616309,78.475098],[11.825684,78.436084],[11.884863,78.409326],[11.929395,78.374902],[12.056152,78.305615],[12.116406,78.232568],[11.965039,78.224854],[11.756543,78.329004],[11.586523,78.388232],[11.372461,78.43877],[11.199219,78.44126],[11.121289,78.463281],[10.840625,78.644727],[10.788867,78.686523],[10.628418,78.753857],[10.557617,78.8375],[10.558203,78.90293],[10.772852,78.8875],[10.96084,78.846387],[11.123926,78.753369],[11.15293,78.724463],[11.078223,78.686035],[11.15498,78.640576],[11.250293,78.610693]]]}},{"type":"Feature","properties":{},"geometry":{"type":"Polygon","coordinates":[[[19.219336,74.391016],[19.098535,74.352148],[18.917578,74.410645],[18.797461,74.485693],[18.86123,74.51416],[19.18291,74.51792],[19.261523,74.478955],[19.274707,74.456738],[19.219336,74.391016]]]}},{"type":"Feature","properties":{},"geometry":{"type":"MultiPolygon","coordinates":[[[[53.141406,71.241895],[53.192578,71.215283],[53.205176,71.159717],[53.071484,71.065039],[53.048145,71.030957],[53.105762,70.999268],[53.120996,70.982031],[53.022656,70.968701],[53.004492,71.011621],[52.949609,71.053613],[52.835352,71.08584],[52.788965,71.114941],[52.738379,71.180664],[52.546582,71.250439],[52.425488,71.239258],[52.289453,71.270361],[52.249609,71.284912],[52.239844,71.325049],[52.296582,71.356836],[52.512598,71.385059],[52.617383,71.38335],[52.729688,71.355127],[52.720313,71.389795],[52.732227,71.403711],[52.776758,71.399805],[52.90332,71.36499],[52.994141,71.29126],[53.074023,71.237939],[53.141406,71.241895]]],[[[53.141406,71.241895],[53.138477,71.243408],[53.145703,71.242188],[53.141406,71.241895]]]]}},{"type":"Feature","properties":{},"geometry":{"type":"Polygon","coordinates":[[[74.660547,72.873437],[74.638379,72.86377],[74.588086,72.881152],[74.434766,72.907666],[74.180664,72.975342],[74.100195,73.021533],[74.142383,73.074365],[74.198535,73.109082],[74.408789,73.130469],[74.599902,73.121777],[74.725293,73.108154],[74.961523,73.0625],[74.742578,73.032715],[74.647266,72.969043],[74.660156,72.929297],[74.697168,72.907715],[74.660547,72.873437]]]}},{"type":"Feature","properties":{},"geometry":{"type":"Polygon","coordinates":[[[75.503711,73.456641],[75.344336,73.432275],[75.375,73.477393],[75.569727,73.540625],[75.930176,73.573633],[76.039453,73.559912],[76.051562,73.549268],[75.900977,73.481494],[75.827148,73.459131],[75.503711,73.456641]]]}},{"type":"Feature","properties":{},"geometry":{"type":"Polygon","coordinates":[[[76.756055,73.445801],[76.659375,73.439502],[76.234473,73.476221],[76.083105,73.523486],[76.139551,73.554297],[76.250684,73.555273],[76.756055,73.445801]]]}},{"type":"Feature","properties":{},"geometry":{"type":"Polygon","coordinates":[[[77.63252,72.29126],[77.145605,72.281885],[76.905957,72.297656],[76.871094,72.317041],[76.903125,72.365576],[77.149512,72.439209],[77.260449,72.486133],[77.377832,72.565283],[77.578711,72.630859],[77.748535,72.631201],[78.279102,72.553223],[78.35293,72.504297],[78.365137,72.482422],[78.154492,72.416992],[78.007227,72.39248],[77.780859,72.308545],[77.63252,72.29126]]]}},{"type":"Feature","properties":{},"geometry":{"type":"Polygon","coordinates":[[[79.501465,72.721924],[79.430664,72.710693],[78.880566,72.751611],[78.690234,72.803418],[78.633203,72.850732],[78.656836,72.892285],[79.164258,73.094336],[79.356543,73.038623],[79.4125,72.983105],[79.541309,72.918652],[79.537891,72.769336],[79.501465,72.721924]]]}},{"type":"Feature","properties":{},"geometry":{"type":"Polygon","coordinates":[[[82.709961,74.090869],[82.612793,74.056445],[82.478125,74.075781],[82.381543,74.099219],[82.329395,74.131104],[82.382422,74.149268],[82.525586,74.161426],[82.611035,74.148535],[82.688965,74.11123],[82.709961,74.090869]]]}},{"type":"Feature","properties":{},"geometry":{"type":"Polygon","coordinates":[[[83.549023,74.071777],[83.495801,74.048438],[83.45,74.05166],[83.410645,74.039551],[83.158984,74.075342],[82.817773,74.091602],[82.90293,74.128906],[83.149805,74.151611],[83.513477,74.122363],[83.618359,74.089453],[83.549023,74.071777]]]}},{"type":"Feature","properties":{},"geometry":{"type":"Polygon","coordinates":[[[84.758984,74.459424],[84.710449,74.399805],[84.428906,74.430322],[84.389453,74.454443],[84.540332,74.49043],[84.679883,74.512354],[84.872852,74.515527],[84.758984,74.459424]]]}},{"type":"Feature","properties":{},"geometry":{"type":"Polygon","coordinates":[[[86.653125,74.981299],[86.737109,74.962988],[87.000586,74.991943],[87.052148,74.982568],[87.124316,74.939893],[87.011719,74.861914],[86.927148,74.830762],[86.691992,74.848291],[86.390527,74.850879],[86.258594,74.893506],[86.330664,74.938965],[86.504492,74.965967],[86.605469,74.992822],[86.653125,74.981299]]]}},{"type":"Feature","properties":{},"geometry":{"type":"Polygon","coordinates":[[[82.172363,75.419385],[82.208789,75.386963],[82.221582,75.350537],[82.179297,75.338965],[82.050098,75.340967],[81.978516,75.247119],[81.905078,75.262793],[81.860547,75.316504],[81.697656,75.280518],[81.654785,75.288916],[81.579297,75.330957],[81.532129,75.339551],[81.500586,75.36792],[81.712109,75.451416],[81.842188,75.407031],[81.926562,75.409961],[81.909766,75.46001],[81.912793,75.497705],[82.021875,75.513477],[82.165625,75.515625],[82.172363,75.419385]]]}},{"type":"Feature","properties":{},"geometry":{"type":"Polygon","coordinates":[[[96.532422,76.278125],[96.613965,76.263818],[96.589648,76.22124],[96.486719,76.23374],[96.350781,76.212158],[96.353418,76.17749],[96.300586,76.121729],[96.108789,76.155469],[95.844531,76.160254],[95.678613,76.193652],[95.311133,76.214746],[95.32207,76.261621],[95.379883,76.289062],[95.594434,76.249609],[95.78623,76.293896],[96.150977,76.271875],[96.270703,76.305371],[96.532422,76.278125]]]}},{"type":"Feature","properties":{},"geometry":{"type":"Polygon","coordinates":[[[97.588379,76.599365],[97.535254,76.584424],[97.430371,76.590723],[97.341699,76.628857],[97.310352,76.6896],[97.381641,76.706689],[97.588379,76.599365]]]}},{"type":"Feature","properties":{},"geometry":{"type":"Polygon","coordinates":[[[96.285449,77.02666],[96.253516,77.007275],[96.209863,76.992139],[96.091406,77.002539],[95.854688,76.974951],[95.76582,76.990625],[95.680859,77.021338],[95.364062,77.011523],[95.270312,77.018848],[95.420703,77.056494],[95.854102,77.097559],[96.528418,77.205518],[96.561914,77.154053],[96.561328,77.12959],[96.424316,77.071191],[96.285449,77.02666]]]}},{"type":"Feature","properties":{},"geometry":{"type":"Polygon","coordinates":[[[89.514258,77.188818],[89.299512,77.183984],[89.179297,77.209912],[89.141699,77.226807],[89.200488,77.271973],[89.281543,77.301465],[89.616211,77.311035],[89.67959,77.280322],[89.66582,77.254492],[89.514258,77.188818]]]}},{"type":"Feature","properties":{},"geometry":{"type":"Polygon","coordinates":[[[76.248926,79.651074],[76.372559,79.615234],[76.467383,79.643164],[77.360156,79.556836],[77.549316,79.524414],[77.588965,79.501904],[76.810156,79.489502],[76.649512,79.493408],[76.636523,79.544434],[76.457617,79.545459],[76.153711,79.57876],[76.071875,79.625635],[76.051562,79.644727],[76.148438,79.664453],[76.248926,79.651074]]]}},{"type":"Feature","properties":{},"geometry":{"type":"Polygon","coordinates":[[[80.02666,80.848145],[79.098535,80.812061],[79.006836,80.834814],[78.977637,80.848242],[79.109863,80.923584],[79.217383,80.960352],[79.806641,80.975391],[80.27959,80.949805],[80.42793,80.927686],[80.37334,80.882617],[80.344824,80.86792],[80.02666,80.848145]]]}},{"type":"Feature","properties":{},"geometry":{"type":"Polygon","coordinates":[[[91.567187,81.141211],[91.222852,81.063818],[89.975781,81.113135],[89.919434,81.14873],[89.901172,81.170703],[90.069922,81.213721],[91.108984,81.199121],[91.477832,81.183936],[91.567187,81.141211]]]}},{"type":"Feature","properties":{},"geometry":{"type":"Polygon","coordinates":[[[107.695508,78.130908],[107.60625,78.082568],[107.481641,78.057764],[107.343848,78.098584],[107.00166,78.095654],[106.415527,78.139844],[106.583301,78.167578],[107.508301,78.189404],[107.573242,78.185547],[107.695508,78.130908]]]}},{"type":"Feature","properties":{},"geometry":{"type":"Polygon","coordinates":[[[106.27041,78.206201],[106.151074,78.198633],[106.023633,78.220117],[106.058398,78.264648],[106.350586,78.272607],[106.456836,78.340039],[106.64043,78.33623],[106.691211,78.31665],[106.719629,78.294189],[106.718945,78.26499],[106.679102,78.26499],[106.504687,78.26167],[106.472461,78.24502],[106.27041,78.206201]]]}},{"type":"Feature","properties":{},"geometry":{"type":"Polygon","coordinates":[[[107.414746,77.242676],[107.302246,77.241504],[107.269531,77.289014],[107.366406,77.346631],[107.486426,77.347119],[107.593652,77.330029],[107.629297,77.319678],[107.664551,77.299805],[107.679492,77.268262],[107.414746,77.242676]]]}},{"type":"Feature","properties":{},"geometry":{"type":"Polygon","coordinates":[[[112.478027,76.620898],[112.63252,76.552979],[112.66084,76.50957],[112.61416,76.499268],[112.586523,76.482959],[112.574805,76.452393],[112.531641,76.450049],[112.394824,76.483789],[112.296875,76.537988],[112.153809,76.549316],[112.002734,76.602979],[111.968945,76.626172],[112.011133,76.632861],[112.281445,76.618359],[112.394141,76.643799],[112.478027,76.620898]]]}},{"type":"Feature","properties":{},"geometry":{"type":"Polygon","coordinates":[[[120.261328,73.089844],[120.00791,73.044873],[119.79209,73.04541],[119.64043,73.124316],[119.761914,73.155469],[119.964453,73.167676],[120.078516,73.156738],[120.236816,73.107275],[120.261328,73.089844]]]}},{"type":"Feature","properties":{},"geometry":{"type":"Polygon","coordinates":[[[124.542969,73.850098],[124.481738,73.8479],[124.366406,73.874609],[124.335742,73.910303],[124.336523,73.928369],[124.429688,73.943018],[124.547656,73.933838],[124.636914,73.900391],[124.65293,73.888037],[124.542969,73.850098]]]}},{"type":"Feature","properties":{},"geometry":{"type":"Polygon","coordinates":[[[135.948633,75.40957],[135.745898,75.381982],[135.451953,75.389551],[135.473047,75.463232],[135.523438,75.49585],[135.592676,75.576465],[135.56123,75.636475],[135.578418,75.709961],[135.613867,75.766309],[135.698633,75.845264],[135.788281,75.798486],[135.849219,75.729248],[135.904785,75.694385],[136.127344,75.625586],[136.168945,75.605566],[135.983398,75.521924],[135.965137,75.486133],[136.020508,75.438379],[135.948633,75.40957]]]}},{"type":"Feature","properties":{},"geometry":{"type":"Polygon","coordinates":[[[149.150195,76.659912],[148.398633,76.648242],[148.448145,76.676953],[148.719629,76.746582],[149.406445,76.78208],[149.268359,76.747217],[149.204785,76.677002],[149.150195,76.659912]]]}},{"type":"Feature","properties":{},"geometry":{"type":"Polygon","coordinates":[[[136.197461,73.913623],[136.12168,73.88501],[136.051465,73.929102],[135.714551,74.059521],[135.633398,74.121436],[135.448633,74.179688],[135.402441,74.201709],[135.387012,74.253369],[135.62832,74.219922],[136.036816,74.090332],[136.25918,73.984961],[136.197461,73.913623]]]}},{"type":"Feature","properties":{},"geometry":{"type":"Polygon","coordinates":[[[137.959863,71.507666],[137.711816,71.423242],[137.612891,71.433936],[137.511816,71.474609],[137.457813,71.483496],[137.403223,71.477295],[137.344238,71.460547],[137.265527,71.455908],[137.078711,71.502197],[137.064063,71.529883],[137.081836,71.542725],[137.129492,71.556152],[137.168164,71.557129],[137.281836,71.579932],[137.816797,71.587891],[137.857617,71.583057],[137.933789,71.542773],[137.959863,71.507666]]]}},{"type":"Feature","properties":{},"geometry":{"type":"Polygon","coordinates":[[[160.718945,70.822705],[160.651367,70.805859],[160.504785,70.819727],[160.436914,70.851025],[160.44043,70.922656],[160.448535,70.934033],[160.56582,70.923779],[160.644922,70.883545],[160.718945,70.822705]]]}},{"type":"Feature","properties":{},"geometry":{"type":"Polygon","coordinates":[[[169.200781,69.580469],[168.915723,69.571436],[168.348047,69.664355],[168.144336,69.71333],[167.992676,69.77583],[167.821289,69.819629],[167.788867,69.836865],[167.813965,69.873047],[167.864746,69.901074],[168.05957,69.974902],[168.196289,70.008398],[168.35791,70.015674],[169.374805,69.882617],[169.420703,69.856055],[169.433594,69.832178],[169.418164,69.779199],[169.332422,69.76958],[169.299121,69.734766],[169.263379,69.628711],[169.245801,69.601123],[169.200781,69.580469]]]}},{"type":"Feature","properties":{},"geometry":{"type":"Polygon","coordinates":[[[163.635156,58.603369],[163.471387,58.509375],[163.447266,58.524658],[163.431836,58.546143],[163.427246,58.578955],[163.576758,58.640869],[163.726562,58.798535],[163.784473,58.929736],[163.766602,58.972363],[163.760938,59.015039],[164.202148,59.096191],[164.517383,59.226758],[164.572656,59.221143],[164.629297,59.112207],[164.661621,58.970752],[164.615723,58.885596],[164.278809,58.838086],[163.960059,58.74375],[163.635156,58.603369]]]}},{"type":"Feature","properties":{},"geometry":{"type":"Polygon","coordinates":[[[168.039062,54.56499],[168.081348,54.512744],[167.677344,54.697656],[167.488086,54.794971],[167.441504,54.855859],[167.511719,54.856934],[167.59248,54.797754],[167.710645,54.770166],[167.882617,54.690479],[168.039062,54.56499]]]}},{"type":"Feature","properties":{},"geometry":{"type":"Polygon","coordinates":[[[166.650293,54.839062],[166.645117,54.694092],[166.521289,54.767627],[166.463672,54.826855],[166.381738,54.838086],[166.324805,54.864551],[166.229883,54.936523],[166.119727,55.030371],[166.082324,55.076563],[166.066309,55.135693],[165.991895,55.190479],[165.751074,55.294531],[165.830469,55.306934],[165.93125,55.351465],[166.211914,55.323975],[166.275781,55.311963],[166.22998,55.242334],[166.248047,55.16543],[166.404297,55.005615],[166.479492,54.949902],[166.577344,54.907715],[166.650293,54.839062]]]}},{"type":"Feature","properties":{},"geometry":{"type":"Polygon","coordinates":[[[156.405078,50.657617],[156.36543,50.633789],[156.325781,50.639062],[156.196289,50.702148],[156.167969,50.731885],[156.213086,50.784717],[156.376465,50.862109],[156.455859,50.85957],[156.4875,50.842969],[156.483105,50.751221],[156.405078,50.657617]]]}},{"type":"Feature","properties":{},"geometry":{"type":"Polygon","coordinates":[[[155.921094,50.302197],[155.792383,50.202051],[155.60752,50.177246],[155.516406,50.145605],[155.448926,50.077783],[155.397168,50.04126],[155.288672,50.061182],[155.243066,50.094629],[155.243066,50.212793],[155.195117,50.264551],[155.218359,50.297852],[155.326758,50.293262],[155.433887,50.368945],[155.680176,50.400732],[155.772754,50.482422],[155.884766,50.684131],[156.00166,50.756934],[156.096875,50.771875],[156.122852,50.671289],[156.100586,50.559277],[156.044434,50.451758],[155.921094,50.302197]]]}},{"type":"Feature","properties":{},"geometry":{"type":"Polygon","coordinates":[[[154.08125,48.790283],[154.042969,48.73877],[154.000684,48.755713],[153.992285,48.77251],[154.091699,48.832129],[154.126367,48.904443],[154.199023,48.904932],[154.228418,48.89209],[154.204688,48.857178],[154.08125,48.790283]]]}},{"type":"Feature","properties":{},"geometry":{"type":"Polygon","coordinates":[[[155.644824,50.821924],[155.553516,50.810596],[155.512793,50.837305],[155.483496,50.869629],[155.467383,50.913574],[155.568555,50.934473],[155.639648,50.910498],[155.653613,50.845361],[155.644824,50.821924]]]}},{"type":"Feature","properties":{},"geometry":{"type":"Polygon","coordinates":[[[153.101074,47.762939],[153.053809,47.706104],[153.004102,47.713477],[152.984277,47.72793],[153.049121,47.797021],[153.079199,47.80874],[153.101074,47.762939]]]}},{"type":"Feature","properties":{},"geometry":{"type":"Polygon","coordinates":[[[152.002051,46.897168],[151.815625,46.787109],[151.754102,46.78833],[151.723438,46.828809],[151.715332,46.852686],[151.864355,46.868994],[152.039844,47.01499],[152.16582,47.110449],[152.234668,47.143408],[152.288867,47.142187],[152.002051,46.897168]]]}},{"type":"Feature","properties":{},"geometry":{"type":"Polygon","coordinates":[[[149.687695,45.642041],[149.538867,45.591357],[149.44707,45.593359],[149.665918,45.839795],[149.796289,45.876074],[149.962305,46.021924],[150.308789,46.200342],[150.348633,46.213428],[150.553125,46.208545],[150.23457,46.012305],[150.19502,45.933203],[150.056641,45.849365],[149.954102,45.822461],[149.883398,45.783154],[149.687695,45.642041]]]}},{"type":"Feature","properties":{},"geometry":{"type":"Polygon","coordinates":[[[148.599512,45.317627],[148.414648,45.247168],[148.262305,45.216846],[148.005273,45.070166],[147.91377,44.990381],[147.784082,44.958594],[147.657813,44.977148],[147.621875,44.944727],[147.60957,44.886572],[147.563086,44.835547],[147.310156,44.677637],[147.207422,44.553564],[147.098438,44.53125],[146.897461,44.404297],[146.933496,44.513086],[146.974219,44.565723],[147.140918,44.66333],[147.154785,44.766211],[147.246582,44.856055],[147.430469,44.945215],[147.557813,45.062451],[147.65791,45.093018],[147.769434,45.190723],[147.885547,45.225635],[147.872656,45.300293],[147.924023,45.383301],[147.964551,45.377734],[148.056055,45.262109],[148.130078,45.258203],[148.324219,45.282422],[148.612305,45.484668],[148.706641,45.520654],[148.772656,45.526465],[148.812207,45.51001],[148.826172,45.486084],[148.825391,45.455908],[148.803027,45.413525],[148.837109,45.362695],[148.790723,45.323975],[148.599512,45.317627]]]}},{"type":"Feature","properties":{},"geometry":{"type":"Polygon","coordinates":[[[150.589941,59.01875],[150.511133,59.007422],[150.471777,59.034766],[150.470215,59.054053],[150.59248,59.097217],[150.666211,59.160156],[150.712695,59.122461],[150.727734,59.095215],[150.589941,59.01875]]]}},{"type":"Feature","properties":{},"geometry":{"type":"Polygon","coordinates":[[[137.940527,55.092627],[138.03125,55.05332],[138.17207,55.060059],[138.206152,55.033545],[138.096484,54.990918],[138.016602,54.900879],[137.991211,54.820703],[137.959473,54.789014],[137.870117,54.749561],[137.790234,54.696924],[137.721484,54.663232],[137.661133,54.653271],[137.525586,54.82583],[137.462695,54.873389],[137.276074,54.792383],[137.23291,54.790576],[137.275195,54.891016],[137.384375,55.000684],[137.435547,55.016016],[137.543652,55.163086],[137.577344,55.197021],[137.910449,55.110059],[137.940527,55.092627]]]}},{"type":"Feature","properties":{},"geometry":{"type":"Polygon","coordinates":[[[137.178613,55.100439],[137.055273,54.926758],[136.969434,54.923975],[136.902734,54.960645],[136.765137,54.946045],[136.714648,54.956152],[136.795313,55.009375],[136.995703,55.092725],[137.077539,55.091748],[137.156055,55.107813],[137.178613,55.100439]]]}},{"type":"Feature","properties":{},"geometry":{"type":"Polygon","coordinates":[[[146.713965,43.743799],[146.683008,43.716357],[146.608594,43.740479],[146.613477,43.797021],[146.621973,43.812988],[146.824609,43.860498],[146.884082,43.82915],[146.899023,43.80415],[146.713965,43.743799]]]}},{"type":"Feature","properties":{},"geometry":{"type":"Polygon","coordinates":[[[146.207617,44.497656],[146.355957,44.424609],[146.567773,44.44043],[146.516211,44.374658],[146.436523,44.375684],[146.296191,44.280957],[146.172949,44.268652],[146.112305,44.245947],[145.914062,44.103711],[145.887305,44.047754],[145.766992,43.940723],[145.586816,43.845117],[145.555859,43.6646],[145.439258,43.737061],[145.426172,43.810352],[145.461719,43.870898],[145.666309,43.999072],[145.74834,44.071533],[145.77334,44.129004],[145.851953,44.193018],[145.890234,44.248584],[145.94043,44.272656],[146.112109,44.500146],[146.207617,44.497656]]]}},{"type":"Feature","properties":{},"geometry":{"type":"Polygon","coordinates":[[[124.293164,24.515918],[124.234277,24.358057],[124.185645,24.335059],[124.135742,24.347607],[124.084766,24.43584],[124.12041,24.469629],[124.170215,24.451855],[124.210547,24.458643],[124.301953,24.587109],[124.324023,24.566357],[124.293164,24.515918]]]}},{"type":"Feature","properties":{},"geometry":{"type":"Polygon","coordinates":[[[123.888672,24.280127],[123.825586,24.266064],[123.749805,24.283301],[123.680664,24.288037],[123.679785,24.317773],[123.752344,24.348486],[123.753711,24.391309],[123.771484,24.414453],[123.934863,24.362012],[123.928125,24.323633],[123.888672,24.280127]]]}},{"type":"Feature","properties":{},"geometry":{"type":"Polygon","coordinates":[[[125.444141,24.743164],[125.359375,24.71709],[125.268945,24.73252],[125.283594,24.871924],[125.314941,24.852393],[125.33457,24.804688],[125.401855,24.776855],[125.444141,24.743164]]]}},{"type":"Feature","properties":{},"geometry":{"type":"Polygon","coordinates":[[[128.258789,26.652783],[128.1625,26.606934],[128.126953,26.552246],[128.037891,26.533594],[127.95127,26.456494],[127.86709,26.44248],[127.869238,26.380566],[127.904785,26.328125],[127.84873,26.318945],[127.790137,26.255078],[127.785547,26.208691],[127.806445,26.17124],[127.803613,26.152539],[127.729395,26.097168],[127.653125,26.094727],[127.649707,26.154492],[127.654883,26.19917],[127.727051,26.30791],[127.728906,26.433936],[127.795898,26.448535],[127.82041,26.466064],[127.925977,26.555713],[127.945508,26.593945],[127.89082,26.631055],[127.894824,26.674951],[127.907227,26.693604],[127.994336,26.679443],[128.029688,26.646875],[128.046777,26.643311],[128.097656,26.667773],[128.121582,26.711426],[128.216504,26.796875],[128.254883,26.881885],[128.331641,26.812109],[128.310938,26.720703],[128.258789,26.652783]]]}},{"type":"Feature","properties":{},"geometry":{"type":"Polygon","coordinates":[[[128.998145,27.720801],[128.95625,27.70249],[128.9,27.727783],[128.882812,27.842432],[128.907617,27.897998],[128.95166,27.910254],[128.989746,27.811133],[129.016406,27.770215],[128.998145,27.720801]]]}},{"type":"Feature","properties":{},"geometry":{"type":"Polygon","coordinates":[[[129.452539,28.208984],[129.366406,28.127734],[129.274902,28.200879],[129.164648,28.249756],[129.21709,28.262939],[129.247852,28.28252],[129.250879,28.313574],[129.322461,28.359619],[129.464551,28.395264],[129.509668,28.39751],[129.560547,28.431055],[129.577148,28.461279],[129.598047,28.475879],[129.689551,28.51748],[129.714648,28.469629],[129.710449,28.432129],[129.641699,28.411279],[129.574609,28.361182],[129.512695,28.29873],[129.456738,28.272314],[129.439063,28.254785],[129.452539,28.208984]]]}},{"type":"Feature","properties":{},"geometry":{"type":"Polygon","coordinates":[[[129.324023,28.104932],[129.330566,28.081592],[129.232422,28.101123],[129.19248,28.19248],[129.257422,28.176172],[129.277344,28.144727],[129.324023,28.104932]]]}},{"type":"Feature","properties":{},"geometry":{"type":"Polygon","coordinates":[[[130.622754,30.262988],[130.508203,30.241406],[130.445605,30.264697],[130.388086,30.388184],[130.497168,30.465527],[130.643555,30.388965],[130.673242,30.366895],[130.622754,30.262988]]]}},{"type":"Feature","properties":{},"geometry":{"type":"Polygon","coordinates":[[[130.959766,30.396924],[130.872168,30.386328],[130.870313,30.444238],[130.939941,30.575098],[130.947363,30.671191],[131.012207,30.792285],[131.039844,30.818896],[131.060352,30.828467],[131.082617,30.790869],[131.057422,30.64248],[130.992578,30.52998],[130.959766,30.396924]]]}},{"type":"Feature","properties":{},"geometry":{"type":"Polygon","coordinates":[[[128.665332,32.783887],[128.704102,32.756885],[128.761035,32.772363],[128.806055,32.775977],[128.838574,32.762891],[128.879395,32.693311],[128.894531,32.652148],[128.821289,32.646338],[128.79043,32.636719],[128.750488,32.586133],[128.692969,32.604736],[128.657324,32.628418],[128.649121,32.662012],[128.665332,32.783887]]]}},{"type":"Feature","properties":{},"geometry":{"type":"Polygon","coordinates":[[[130.08252,32.229687],[130.003516,32.193994],[129.993359,32.228174],[129.960156,32.24375],[130.017285,32.291846],[130.015332,32.313672],[129.979297,32.346191],[130.021289,32.468848],[130.009766,32.521631],[130.167773,32.541211],[130.19668,32.491602],[130.199512,32.340576],[130.08252,32.229687]]]}},{"type":"Feature","properties":{},"geometry":{"type":"Polygon","coordinates":[[[130.381055,32.42373],[130.292578,32.419336],[130.256055,32.431006],[130.241699,32.462793],[130.36543,32.527197],[130.461426,32.515723],[130.418555,32.457715],[130.381055,32.42373]]]}},{"type":"Feature","properties":{},"geometry":{"type":"Polygon","coordinates":[[[133.370508,36.203857],[133.324707,36.166504],[133.239258,36.17876],[133.189941,36.232617],[133.206152,36.293408],[133.295703,36.340137],[133.38125,36.246387],[133.370508,36.203857]]]}},{"type":"Feature","properties":{},"geometry":{"type":"Polygon","coordinates":[[[138.344043,37.822119],[138.249023,37.81958],[138.225195,37.829395],[138.282813,37.854199],[138.287891,37.895801],[138.322266,37.969531],[138.32168,37.99082],[138.246191,37.99458],[138.25,38.078467],[138.306348,38.161133],[138.461328,38.291455],[138.503613,38.315918],[138.510059,38.258984],[138.462793,38.124316],[138.453613,38.075684],[138.575195,38.065527],[138.496973,37.903906],[138.344043,37.822119]]]}},{"type":"Feature","properties":{},"geometry":{"type":"Polygon","coordinates":[[[139.48125,42.081006],[139.458398,42.075635],[139.43457,42.084082],[139.411523,42.159668],[139.431348,42.199561],[139.495801,42.227441],[139.558398,42.235205],[139.505078,42.096387],[139.48125,42.081006]]]}},{"type":"Feature","properties":{},"geometry":{"type":"Polygon","coordinates":[[[141.072754,45.332861],[141.033984,45.269336],[140.982129,45.36377],[140.97168,45.465479],[141.00166,45.464844],[141.056738,45.449561],[141.069922,45.4],[141.072754,45.332861]]]}},{"type":"Feature","properties":{},"geometry":{"type":"Polygon","coordinates":[[[141.29541,45.119336],[141.225977,45.112207],[141.145313,45.153906],[141.135352,45.206201],[141.19375,45.247852],[141.251855,45.232471],[141.310059,45.178564],[141.329199,45.150488],[141.29541,45.119336]]]}},{"type":"Feature","properties":{},"geometry":{"type":"Polygon","coordinates":[[[139.841113,33.056055],[139.823828,33.045459],[139.775684,33.078223],[139.768945,33.107178],[139.777441,33.125146],[139.808887,33.129248],[139.873633,33.093506],[139.841113,33.056055]]]}},{"type":"Feature","properties":{},"geometry":{"type":"Polygon","coordinates":[[[139.456445,34.726514],[139.445703,34.679541],[139.392383,34.689893],[139.366895,34.720508],[139.37002,34.775439],[139.426172,34.775879],[139.456445,34.726514]]]}},{"type":"Feature","properties":{},"geometry":{"type":"Polygon","coordinates":[[[134.932813,34.288135],[134.824414,34.20293],[134.730664,34.208887],[134.683496,34.246973],[134.667871,34.294141],[134.757227,34.368164],[134.834277,34.472656],[134.904102,34.519092],[134.960742,34.544922],[135.004688,34.544043],[134.905469,34.398291],[134.932813,34.288135]]]}},{"type":"Feature","properties":{},"geometry":{"type":"Polygon","coordinates":[[[129.076953,32.840283],[129.051953,32.829492],[129.019629,32.919629],[128.997266,32.951855],[129.034961,32.969092],[129.109766,33.132568],[129.123633,33.067676],[129.152734,33.00332],[129.181934,32.993115],[129.153516,32.946191],[129.111621,32.928857],[129.076953,32.840283]]]}},{"type":"Feature","properties":{},"geometry":{"type":"Polygon","coordinates":[[[129.491797,33.223047],[129.421387,33.17583],[129.37041,33.176025],[129.416992,33.231104],[129.423145,33.257373],[129.461914,33.33125],[129.537988,33.357764],[129.569922,33.361035],[129.508105,33.284326],[129.491797,33.223047]]]}},{"type":"Feature","properties":{},"geometry":{"type":"Polygon","coordinates":[[[129.795703,33.748828],[129.726562,33.707324],[129.674805,33.739697],[129.7,33.828906],[129.717285,33.858398],[129.776367,33.829199],[129.795703,33.748828]]]}},{"type":"Feature","properties":{},"geometry":{"type":"Polygon","coordinates":[[[129.279492,34.123389],[129.214453,34.082812],[129.186426,34.14502],[129.214844,34.320654],[129.337109,34.284766],[129.335059,34.230811],[129.279492,34.123389]]]}},{"type":"Feature","properties":{},"geometry":{"type":"Polygon","coordinates":[[[129.385645,34.353662],[129.365332,34.305518],[129.297461,34.3396],[129.266699,34.370459],[129.329395,34.521875],[129.32207,34.579297],[129.325879,34.607275],[129.451074,34.686572],[129.472461,34.671338],[129.480176,34.649463],[129.469141,34.615527],[129.475391,34.54043],[129.381445,34.416455],[129.385645,34.353662]]]}},{"type":"Feature","properties":{},"geometry":{"type":"Polygon","coordinates":[[[132.578418,34.115186],[132.549414,34.075098],[132.460938,34.087256],[132.496289,34.121973],[132.523535,34.164062],[132.543457,34.172656],[132.560156,34.126904],[132.578418,34.115186]]]}},{"type":"Feature","properties":{},"geometry":{"type":"Polygon","coordinates":[[[132.266016,33.945166],[132.314551,33.908594],[132.430469,33.923535],[132.444922,33.913184],[132.411035,33.879932],[132.359961,33.847021],[132.267285,33.871484],[132.208789,33.872852],[132.200586,33.927783],[132.208008,33.947803],[132.266016,33.945166]]]}},{"type":"Feature","properties":{},"geometry":{"type":"Polygon","coordinates":[[[118.407422,24.522119],[118.451172,24.455566],[118.432715,24.414355],[118.295117,24.436328],[118.287305,24.476611],[118.339355,24.469141],[118.407422,24.522119]]]}},{"type":"Feature","properties":{},"geometry":{"type":"Polygon","coordinates":[[[118.183008,24.496289],[118.149512,24.436133],[118.090527,24.446143],[118.08877,24.488867],[118.076758,24.501416],[118.092969,24.541211],[118.103809,24.552344],[118.170703,24.518506],[118.183008,24.496289]]]}},{"type":"Feature","properties":{},"geometry":{"type":"Polygon","coordinates":[[[128.741016,34.798535],[128.64668,34.736865],[128.519531,34.81958],[128.489258,34.865283],[128.585938,34.932275],[128.667969,35.008789],[128.721875,35.013574],[128.741016,34.798535]]]}},{"type":"Feature","properties":{},"geometry":{"type":"Polygon","coordinates":[[[128.06582,34.805859],[128.054688,34.708057],[127.983984,34.703223],[127.941797,34.76626],[127.896875,34.735498],[127.873438,34.734961],[127.838281,34.81333],[127.832227,34.874512],[127.91543,34.920996],[127.965625,34.893018],[128.037988,34.878613],[128.06582,34.805859]]]}},{"type":"Feature","properties":{},"geometry":{"type":"Polygon","coordinates":[[[127.799023,34.615039],[127.787793,34.584082],[127.737305,34.630908],[127.787109,34.682129],[127.799023,34.615039]]]}},{"type":"Feature","properties":{},"geometry":{"type":"Polygon","coordinates":[[[126.326953,33.223633],[126.282031,33.201514],[126.240234,33.214844],[126.229004,33.225244],[126.178711,33.282568],[126.165625,33.312012],[126.199414,33.368066],[126.337695,33.4604],[126.695508,33.549316],[126.759863,33.553223],[126.901172,33.515137],[126.93125,33.443848],[126.905371,33.382373],[126.872852,33.341162],[126.70918,33.27168],[126.581738,33.23833],[126.326953,33.223633]]]}},{"type":"Feature","properties":{},"geometry":{"type":"Polygon","coordinates":[[[126.233691,34.370508],[126.169727,34.355176],[126.133789,34.3896],[126.108594,34.39873],[126.122852,34.443945],[126.227051,34.532715],[126.247461,34.56333],[126.343848,34.544922],[126.379883,34.497949],[126.335449,34.426416],[126.233691,34.370508]]]}},{"type":"Feature","properties":{},"geometry":{"type":"Polygon","coordinates":[[[126.520703,37.736816],[126.516016,37.604687],[126.46084,37.610352],[126.42334,37.623633],[126.407227,37.649414],[126.369336,37.772021],[126.411621,37.822656],[126.493555,37.782568],[126.520703,37.736816]]]}},{"type":"Feature","properties":{},"geometry":{"type":"Polygon","coordinates":[[[121.862695,31.492285],[121.780469,31.46377],[121.519922,31.549609],[121.336426,31.64375],[121.226855,31.758105],[121.211133,31.805371],[121.338965,31.797363],[121.46416,31.756445],[121.491797,31.693652],[121.542285,31.673926],[121.576563,31.637305],[121.808301,31.552148],[121.843652,31.526367],[121.862695,31.492285]]]}},{"type":"Feature","properties":{},"geometry":{"type":"Polygon","coordinates":[[[122.295898,29.963428],[122.281543,29.943848],[122.157813,30.00127],[122.024023,30.01333],[121.977832,30.063818],[121.969434,30.143115],[122.110547,30.139746],[122.284473,30.068018],[122.322266,30.031396],[122.295898,29.963428]]]}},{"type":"Feature","properties":{},"geometry":{"type":"Polygon","coordinates":[[[122.172559,29.679004],[122.169043,29.660254],[122.083789,29.725342],[122.042676,29.735937],[122.062305,29.772754],[122.119629,29.782227],[122.165039,29.700781],[122.172559,29.679004]]]}},{"type":"Feature","properties":{},"geometry":{"type":"Polygon","coordinates":[[[122.403906,29.892383],[122.394043,29.846094],[122.367578,29.852686],[122.331836,29.934961],[122.350977,29.955225],[122.401563,29.950244],[122.403906,29.892383]]]}},{"type":"Feature","properties":{},"geometry":{"type":"Polygon","coordinates":[[[119.820898,25.456982],[119.74668,25.410693],[119.700293,25.432715],[119.699414,25.494727],[119.723047,25.550586],[119.695996,25.590869],[119.722559,25.638818],[119.77793,25.653174],[119.797461,25.623242],[119.828711,25.607373],[119.838379,25.591064],[119.838672,25.559668],[119.809082,25.507812],[119.832422,25.47959],[119.820898,25.456982]]]}},{"type":"Feature","properties":{},"geometry":{"type":"Polygon","coordinates":[[[110.385156,21.093164],[110.422363,21.058594],[110.521582,21.083105],[110.539551,21.039014],[110.538867,21.018457],[110.503906,20.967725],[110.421875,21.006885],[110.339941,20.997754],[110.280957,21.001172],[110.264648,21.025195],[110.309863,21.074756],[110.385156,21.093164]]]}},{"type":"Feature","properties":{},"geometry":{"type":"Polygon","coordinates":[[[107.602734,21.216797],[107.458691,21.09165],[107.403516,21.093652],[107.452539,21.235303],[107.47627,21.268945],[107.562695,21.22041],[107.602734,21.216797]]]}},{"type":"Feature","properties":{},"geometry":{"type":"Polygon","coordinates":[[[107.521289,20.926611],[107.465527,20.900537],[107.399219,20.903467],[107.478613,20.952344],[107.518945,21.012842],[107.55127,21.034033],[107.551074,20.981201],[107.521289,20.926611]]]}},{"type":"Feature","properties":{},"geometry":{"type":"Polygon","coordinates":[[[107.031348,20.747021],[106.990039,20.743066],[106.910645,20.824219],[106.953418,20.867041],[107.04375,20.836816],[107.064453,20.817285],[107.063965,20.799756],[107.042285,20.761035],[107.031348,20.747021]]]}},{"type":"Feature","properties":{},"geometry":{"type":"Polygon","coordinates":[[[106.865625,20.815723],[106.854102,20.796387],[106.803125,20.84375],[106.769434,20.864209],[106.795313,20.92793],[106.855078,20.858252],[106.865625,20.815723]]]}},{"type":"Feature","properties":{},"geometry":{"type":"Polygon","coordinates":[[[106.61748,8.682812],[106.589258,8.680518],[106.567969,8.700928],[106.658594,8.766357],[106.649512,8.722998],[106.652539,8.701123],[106.61748,8.682812]]]}},{"type":"Feature","properties":{},"geometry":{"type":"Polygon","coordinates":[[[104.063965,10.39082],[104.083008,10.341113],[104.075781,10.224854],[104.036816,10.110742],[104.04834,10.061035],[104.018457,10.029199],[103.952148,10.24292],[103.867969,10.3354],[103.849512,10.371094],[103.898438,10.368506],[103.98584,10.426953],[104.027734,10.428369],[104.063965,10.39082]]]}},{"type":"Feature","properties":{},"geometry":{"type":"Polygon","coordinates":[[[103.045117,11.285059],[103.027344,11.275488],[103.010547,11.275781],[102.993359,11.29043],[102.99502,11.348096],[103.00752,11.383301],[103.036816,11.389941],[103.045117,11.285059]]]}},{"type":"Feature","properties":{},"geometry":{"type":"Polygon","coordinates":[[[102.606445,11.676514],[102.589941,11.572168],[102.532813,11.614941],[102.546484,11.667773],[102.568945,11.691699],[102.606445,11.676514]]]}},{"type":"Feature","properties":{},"geometry":{"type":"Polygon","coordinates":[[[102.426758,11.988721],[102.42998,11.964746],[102.378125,11.982959],[102.359961,11.974414],[102.301953,11.980811],[102.27334,12.119336],[102.277441,12.151855],[102.318848,12.14165],[102.378125,12.072852],[102.408398,12.025098],[102.426758,11.988721]]]}},{"type":"Feature","properties":{},"geometry":{"type":"Polygon","coordinates":[[[103.969727,1.331445],[103.819922,1.265381],[103.650195,1.325537],[103.705273,1.423437],[103.817969,1.44707],[103.908984,1.415967],[103.96084,1.392236],[103.996387,1.365234],[103.969727,1.331445]]]}},{"type":"Feature","properties":{},"geometry":{"type":"Polygon","coordinates":[[[104.221582,2.731738],[104.17334,2.721338],[104.146875,2.728223],[104.129102,2.767236],[104.169824,2.856836],[104.184766,2.871729],[104.223242,2.774219],[104.221582,2.731738]]]}},{"type":"Feature","properties":{},"geometry":{"type":"Polygon","coordinates":[[[100.288965,5.294727],[100.26377,5.266992],[100.191016,5.282861],[100.203906,5.446875],[100.245508,5.467773],[100.310156,5.437939],[100.338867,5.410059],[100.288965,5.294727]]]}},{"type":"Feature","properties":{},"geometry":{"type":"Polygon","coordinates":[[[99.848047,6.465723],[99.918652,6.358594],[99.883398,6.31084],[99.86582,6.29707],[99.823242,6.312744],[99.782617,6.271582],[99.74375,6.263281],[99.704688,6.337549],[99.656641,6.367139],[99.646289,6.418359],[99.710547,6.427344],[99.749219,6.409619],[99.82168,6.44502],[99.848047,6.465723]]]}},{"type":"Feature","properties":{},"geometry":{"type":"Polygon","coordinates":[[[99.663086,6.521924],[99.644043,6.516113],[99.606641,6.596826],[99.654004,6.714111],[99.701367,6.570557],[99.663086,6.521924]]]}},{"type":"Feature","properties":{},"geometry":{"type":"Polygon","coordinates":[[[100.074121,9.69668],[100.064453,9.67998],[100.025684,9.711719],[99.998047,9.747607],[99.983398,9.793555],[100.043457,9.79165],[100.073047,9.749121],[100.074121,9.69668]]]}},{"type":"Feature","properties":{},"geometry":{"type":"Polygon","coordinates":[[[100.070703,9.586035],[100.075293,9.529443],[100.053711,9.461426],[99.962402,9.421631],[99.93125,9.476074],[99.939551,9.559961],[99.953613,9.581006],[100.042969,9.576855],[100.070703,9.586035]]]}},{"type":"Feature","properties":{},"geometry":{"type":"Polygon","coordinates":[[[98.591992,7.933936],[98.57998,7.917041],[98.529395,8.108545],[98.604297,8.057324],[98.591992,7.933936]]]}},{"type":"Feature","properties":{},"geometry":{"type":"Polygon","coordinates":[[[98.409082,7.902051],[98.398438,7.828418],[98.357422,7.829443],[98.315625,7.782324],[98.296289,7.776074],[98.262305,7.926074],[98.301367,8.13623],[98.32207,8.166309],[98.350977,8.110645],[98.434961,8.085645],[98.398828,7.964551],[98.409082,7.902051]]]}},{"type":"Feature","properties":{},"geometry":{"type":"Polygon","coordinates":[[[98.30752,9.051465],[98.250781,9.04082],[98.258398,9.09541],[98.273633,9.129883],[98.301172,9.139111],[98.3125,9.080371],[98.30752,9.051465]]]}},{"type":"Feature","properties":{},"geometry":{"type":"Polygon","coordinates":[[[93.890039,6.831055],[93.828809,6.748682],[93.709277,7.000684],[93.658008,7.016064],[93.656348,7.13623],[93.68418,7.183594],[93.822461,7.236621],[93.858984,7.206836],[93.92959,6.973486],[93.890039,6.831055]]]}},{"type":"Feature","properties":{},"geometry":{"type":"Polygon","coordinates":[[[93.733594,7.356494],[93.638477,7.261865],[93.597266,7.31875],[93.614258,7.358105],[93.654688,7.379932],[93.69248,7.410596],[93.733594,7.356494]]]}},{"type":"Feature","properties":{},"geometry":{"type":"Polygon","coordinates":[[[93.140723,8.249512],[93.170605,8.212061],[93.115234,8.218506],[93.064258,8.274951],[93.077539,8.327881],[93.096973,8.349365],[93.140723,8.249512]]]}},{"type":"Feature","properties":{},"geometry":{"type":"Polygon","coordinates":[[[93.442578,7.877832],[93.365039,7.876562],[93.341992,7.919336],[93.309375,7.964014],[93.334473,8.006934],[93.375488,8.01792],[93.433691,7.948389],[93.447363,7.899121],[93.442578,7.877832]]]}},{"type":"Feature","properties":{},"geometry":{"type":"Polygon","coordinates":[[[93.536914,8.056641],[93.490039,8.019434],[93.478223,8.024463],[93.471777,8.052686],[93.469727,8.072656],[93.46123,8.108594],[93.456445,8.171875],[93.494043,8.224658],[93.531641,8.21377],[93.511621,8.159766],[93.536914,8.056641]]]}},{"type":"Feature","properties":{},"geometry":{"type":"Polygon","coordinates":[[[92.7875,9.13667],[92.743555,9.130957],[92.716602,9.165088],[92.713281,9.204883],[92.738574,9.230664],[92.762109,9.243896],[92.785742,9.240527],[92.809277,9.173389],[92.7875,9.13667]]]}},{"type":"Feature","properties":{},"geometry":{"type":"Polygon","coordinates":[[[92.502832,10.554883],[92.472656,10.520752],[92.369531,10.547412],[92.377148,10.650586],[92.352832,10.751123],[92.370703,10.793506],[92.447852,10.865527],[92.510352,10.897461],[92.554004,10.799805],[92.574316,10.704248],[92.502832,10.554883]]]}},{"type":"Feature","properties":{},"geometry":{"type":"Polygon","coordinates":[[[92.693164,11.381152],[92.644531,11.361328],[92.595703,11.386426],[92.633887,11.426758],[92.640234,11.509131],[92.690039,11.463428],[92.687207,11.41123],[92.693164,11.381152]]]}},{"type":"Feature","properties":{},"geometry":{"type":"Polygon","coordinates":[[[93.017383,12.036816],[93.062109,11.899414],[92.981738,11.959473],[92.955371,12.002441],[92.995801,12.031787],[93.017383,12.036816]]]}},{"type":"Feature","properties":{},"geometry":{"type":"Polygon","coordinates":[[[92.717578,12.864893],[92.685742,12.799951],[92.679688,12.939258],[92.694434,12.956787],[92.710645,12.961572],[92.730859,12.948535],[92.717578,12.864893]]]}},{"type":"Feature","properties":{},"geometry":{"type":"Polygon","coordinates":[[[92.722754,11.536084],[92.700781,11.512549],[92.668359,11.538721],[92.575586,11.718213],[92.559668,11.833447],[92.533887,11.873389],[92.566504,11.930518],[92.60752,11.949512],[92.631836,12.013867],[92.640625,12.112207],[92.676465,12.192383],[92.694727,12.214697],[92.769238,12.215576],[92.788281,12.225781],[92.777637,12.302539],[92.734082,12.335938],[92.718945,12.357324],[92.720703,12.54126],[92.732031,12.615625],[92.75918,12.669092],[92.740039,12.779639],[92.753125,12.820898],[92.807031,12.878906],[92.830859,13.002637],[92.808984,13.0396],[92.860156,13.230566],[92.857324,13.358105],[92.924609,13.48584],[93.029395,13.543848],[93.062305,13.545459],[93.066699,13.436475],[93.07666,13.400684],[93.016016,13.336182],[93.073828,13.2521],[93.066113,13.221582],[93.042969,13.154883],[93.004687,13.089355],[92.951367,13.0625],[92.909961,12.975195],[92.88623,12.942285],[92.965039,12.850488],[92.990234,12.538525],[92.932617,12.453076],[92.863672,12.436035],[92.879492,12.22793],[92.867188,12.181445],[92.798828,12.079248],[92.78623,12.034668],[92.747656,11.992773],[92.763965,11.94043],[92.796777,11.917529],[92.797559,11.874658],[92.766992,11.764648],[92.764648,11.63916],[92.722754,11.536084]]]}},{"type":"Feature","properties":{},"geometry":{"type":"Polygon","coordinates":[[[98.541699,10.961523],[98.518945,10.959375],[98.498047,10.964258],[98.477441,10.979736],[98.526563,11.086963],[98.541699,10.961523]]]}},{"type":"Feature","properties":{},"geometry":{"type":"Polygon","coordinates":[[[98.209766,10.952734],[98.293457,10.779687],[98.284375,10.753125],[98.271484,10.739893],[98.251758,10.744434],[98.218164,10.837744],[98.155371,10.897949],[98.080469,10.886621],[98.142578,10.963135],[98.167285,10.980322],[98.209766,10.952734]]]}},{"type":"Feature","properties":{},"geometry":{"type":"Polygon","coordinates":[[[98.182617,9.933447],[98.134375,9.875391],[98.118066,9.877881],[98.140234,9.974658],[98.220703,10.045215],[98.291699,10.051318],[98.283398,10.007617],[98.23125,9.953955],[98.182617,9.933447]]]}},{"type":"Feature","properties":{},"geometry":{"type":"Polygon","coordinates":[[[98.22168,11.478223],[98.216211,11.455762],[98.209375,11.456543],[98.187305,11.472412],[98.201074,11.567187],[98.239062,11.644727],[98.278125,11.758398],[98.299609,11.783008],[98.30752,11.7229],[98.283789,11.594092],[98.263281,11.523633],[98.22168,11.478223]]]}},{"type":"Feature","properties":{},"geometry":{"type":"Polygon","coordinates":[[[98.516016,11.905029],[98.474316,11.899414],[98.454492,12.061279],[98.466211,12.084277],[98.525293,12.005176],[98.60957,11.956641],[98.576465,11.925098],[98.516016,11.905029]]]}},{"type":"Feature","properties":{},"geometry":{"type":"Polygon","coordinates":[[[98.075488,11.692383],[98.083594,11.636816],[98.021094,11.695898],[98.010352,11.860254],[98.05957,11.756689],[98.080762,11.733203],[98.075488,11.692383]]]}},{"type":"Feature","properties":{},"geometry":{"type":"Polygon","coordinates":[[[98.553809,11.744873],[98.528418,11.538672],[98.464844,11.567187],[98.434766,11.56709],[98.396875,11.683545],[98.399512,11.714844],[98.376465,11.791504],[98.523535,11.804932],[98.553809,11.744873]]]}},{"type":"Feature","properties":{},"geometry":{"type":"Polygon","coordinates":[[[98.136719,12.150439],[98.125098,12.144873],[98.108496,12.148096],[98.075391,12.164453],[98.037305,12.232471],[98.057324,12.280078],[98.071387,12.291797],[98.104883,12.287793],[98.122461,12.278711],[98.128418,12.26123],[98.118457,12.223389],[98.120117,12.191309],[98.136719,12.150439]]]}},{"type":"Feature","properties":{},"geometry":{"type":"Polygon","coordinates":[[[98.066113,12.389795],[98.060352,12.353516],[98.002344,12.279004],[97.951758,12.322314],[97.938672,12.346094],[97.990234,12.393799],[98.045117,12.387012],[98.059863,12.397852],[98.066113,12.389795]]]}},{"type":"Feature","properties":{},"geometry":{"type":"Polygon","coordinates":[[[98.413965,12.597949],[98.436426,12.570508],[98.468262,12.571338],[98.459473,12.47373],[98.380859,12.353662],[98.334473,12.336182],[98.313867,12.335986],[98.331445,12.511426],[98.302539,12.611572],[98.312109,12.678174],[98.396484,12.647119],[98.413965,12.597949]]]}},{"type":"Feature","properties":{},"geometry":{"type":"Polygon","coordinates":[[[98.31543,13.099072],[98.30918,12.934717],[98.259277,13.014014],[98.250781,13.104395],[98.25459,13.188574],[98.265332,13.202246],[98.268555,13.189355],[98.298633,13.15166],[98.31543,13.099072]]]}},{"type":"Feature","properties":{},"geometry":{"type":"Polygon","coordinates":[[[97.575,16.253223],[97.537207,16.240137],[97.480371,16.305713],[97.469141,16.461035],[97.516406,16.496875],[97.541992,16.505078],[97.579004,16.486035],[97.593262,16.460791],[97.599609,16.429541],[97.589355,16.397363],[97.575,16.253223]]]}},{"type":"Feature","properties":{},"geometry":{"type":"Polygon","coordinates":[[[99.078418,7.591846],[99.104395,7.471289],[99.067871,7.495898],[99.037695,7.548486],[99.038086,7.625732],[99.045117,7.636523],[99.078418,7.591846]]]}},{"type":"Feature","properties":{},"geometry":{"type":"Polygon","coordinates":[[[94.804883,15.819336],[94.784375,15.793848],[94.743359,15.812109],[94.733496,15.823047],[94.828027,15.933008],[94.838184,15.89209],[94.804883,15.819336]]]}},{"type":"Feature","properties":{},"geometry":{"type":"Polygon","coordinates":[[[94.476758,15.945947],[94.411914,15.848389],[94.387891,15.994141],[94.49375,16.075342],[94.545996,16.152832],[94.60127,16.205518],[94.618652,16.141309],[94.566113,16.019287],[94.476758,15.945947]]]}},{"type":"Feature","properties":{},"geometry":{"type":"Polygon","coordinates":[[[93.69082,18.684277],[93.674023,18.675684],[93.569922,18.75957],[93.4875,18.867529],[93.618262,18.888818],[93.744727,18.865527],[93.745508,18.808057],[93.718359,18.715723],[93.69082,18.684277]]]}},{"type":"Feature","properties":{},"geometry":{"type":"Polygon","coordinates":[[[93.491797,19.892578],[93.513281,19.754785],[93.444629,19.806445],[93.419531,19.877588],[93.412891,19.950342],[93.491797,19.892578]]]}},{"type":"Feature","properties":{},"geometry":{"type":"Polygon","coordinates":[[[93.010156,19.923926],[93.023242,19.828857],[92.975195,19.868018],[92.912695,19.999805],[92.914648,20.086475],[92.95957,20.046191],[93.010156,19.923926]]]}},{"type":"Feature","properties":{},"geometry":{"type":"Polygon","coordinates":[[[93.714844,19.558252],[93.829492,19.475293],[93.874707,19.481055],[93.945703,19.428613],[93.947461,19.408154],[93.933984,19.36543],[93.901953,19.332031],[93.815234,19.298682],[93.755859,19.325684],[93.732324,19.416309],[93.662207,19.458936],[93.644043,19.495068],[93.688379,19.544434],[93.714844,19.558252]]]}},{"type":"Feature","properties":{},"geometry":{"type":"Polygon","coordinates":[[[91.873828,21.832129],[91.837598,21.750244],[91.819727,21.809814],[91.835156,21.885352],[91.850684,21.927051],[91.861328,21.92666],[91.88252,21.883643],[91.873828,21.832129]]]}},{"type":"Feature","properties":{},"geometry":{"type":"Polygon","coordinates":[[[91.949219,21.508057],[91.888867,21.50332],[91.859473,21.532959],[91.873242,21.574414],[91.857031,21.708789],[91.907715,21.722949],[91.933984,21.722168],[91.948633,21.682568],[91.961914,21.609766],[91.949219,21.508057]]]}},{"type":"Feature","properties":{},"geometry":{"type":"Polygon","coordinates":[[[91.150781,22.175195],[91.044727,22.105176],[91.079492,22.519727],[91.158301,22.36543],[91.178223,22.283008],[91.150781,22.175195]]]}},{"type":"Feature","properties":{},"geometry":{"type":"Polygon","coordinates":[[[91.556738,22.382227],[91.510449,22.352783],[91.466895,22.378418],[91.411328,22.475684],[91.438867,22.598828],[91.456055,22.616504],[91.483984,22.576562],[91.523047,22.490723],[91.54834,22.425391],[91.556738,22.382227]]]}},{"type":"Feature","properties":{},"geometry":{"type":"Polygon","coordinates":[[[90.641797,22.962988],[90.65957,22.92002],[90.603906,22.945557],[90.562305,22.975439],[90.536328,23.014893],[90.579883,23.035449],[90.641797,22.962988]]]}},{"type":"Feature","properties":{},"geometry":{"type":"Polygon","coordinates":[[[90.777637,22.089307],[90.603613,22.054199],[90.515039,22.065137],[90.680469,22.32749],[90.674902,22.444971],[90.649219,22.540674],[90.564941,22.617627],[90.560352,22.672559],[90.522559,22.74751],[90.50293,22.835352],[90.596484,22.863525],[90.672266,22.813184],[90.683008,22.785303],[90.699219,22.713525],[90.736914,22.638721],[90.868164,22.484863],[90.86582,22.390576],[90.829883,22.159961],[90.777637,22.089307]]]}},{"type":"Feature","properties":{},"geometry":{"type":"Polygon","coordinates":[[[79.969531,9.630664],[79.906836,9.619824],[79.857422,9.686377],[79.845703,9.714648],[79.858594,9.734375],[79.872266,9.744336],[79.888477,9.741162],[79.911914,9.67915],[79.969531,9.630664]]]}},{"type":"Feature","properties":{},"geometry":{"type":"Polygon","coordinates":[[[79.874805,9.050732],[79.903711,8.975],[79.821094,9.026855],[79.766797,9.069775],[79.747656,9.10459],[79.859961,9.065723],[79.874805,9.050732]]]}},{"type":"Feature","properties":{},"geometry":{"type":"Polygon","coordinates":[[[-8.953564,70.83916],[-9.045801,70.832666],[-9.098877,70.854883],[-8.964648,70.915918],[-8.520801,71.030664],[-8.343701,71.140137],[-8.001367,71.177686],[-7.978809,71.116895],[-8.0021,71.04126],[-8.302344,70.981152],[-8.635352,70.94043],[-8.953564,70.83916]]]}},{"type":"Feature","properties":{},"geometry":{"type":"Polygon","coordinates":[[[-155.581348,19.012012],[-155.625635,18.963916],[-155.680762,18.967676],[-155.881299,19.070508],[-155.905615,19.12583],[-155.890723,19.38252],[-155.96582,19.59082],[-156.048682,19.749951],[-155.988428,19.831592],[-155.908887,19.894727],[-155.820312,20.01416],[-155.892773,20.167383],[-155.874268,20.259814],[-155.831641,20.27583],[-155.62207,20.163428],[-155.198779,19.994385],[-155.086084,19.875635],[-155.065918,19.748193],[-154.989014,19.731982],[-154.952588,19.644629],[-154.841357,19.568164],[-154.804199,19.524463],[-154.850293,19.454102],[-155.053467,19.319189],[-155.309619,19.260156],[-155.535254,19.109082],[-155.581348,19.012012]]]}},{"type":"Feature","properties":{},"geometry":{"type":"Polygon","coordinates":[[[-157.213623,21.215381],[-157.002295,21.187939],[-156.952344,21.199707],[-156.917188,21.177295],[-156.742188,21.163525],[-156.712158,21.155078],[-156.7479,21.103564],[-156.859863,21.056348],[-157.020898,21.097803],[-157.290332,21.112598],[-157.279492,21.152344],[-157.253809,21.180566],[-157.249951,21.229785],[-157.213623,21.215381]]]}},{"type":"Feature","properties":{},"geometry":{"type":"Polygon","coordinates":[[[-156.486816,20.932568],[-156.46084,20.914746],[-156.354395,20.941455],[-156.277539,20.95127],[-156.14834,20.885498],[-156.103516,20.840332],[-156.018652,20.79209],[-155.989844,20.757129],[-156.013574,20.714795],[-156.107129,20.644775],[-156.234766,20.628613],[-156.309961,20.598779],[-156.408789,20.605176],[-156.438232,20.617871],[-156.448877,20.70625],[-156.480078,20.801221],[-156.543848,20.78999],[-156.61543,20.821826],[-156.689697,20.901416],[-156.697754,20.949072],[-156.656885,21.024512],[-156.5854,21.034326],[-156.532324,20.992676],[-156.486816,20.932568]]]}},{"type":"Feature","properties":{},"geometry":{"type":"Polygon","coordinates":[[[-160.180029,21.841064],[-160.200244,21.796875],[-160.234717,21.803662],[-160.243457,21.843066],[-160.220898,21.897266],[-160.163867,21.944043],[-160.100635,22.015234],[-160.04873,22.004639],[-160.076709,21.958105],[-160.080029,21.907422],[-160.153418,21.87876],[-160.180029,21.841064]]]}},{"type":"Feature","properties":{},"geometry":{"type":"Polygon","coordinates":[[[-157.799365,21.456641],[-157.76499,21.450928],[-157.720898,21.457715],[-157.705518,21.378076],[-157.65415,21.333936],[-157.6354,21.307617],[-157.690869,21.279736],[-157.798779,21.268604],[-157.849316,21.29082],[-157.901758,21.340576],[-157.958447,21.326904],[-157.968311,21.366895],[-157.978418,21.378516],[-158.017285,21.367725],[-157.980957,21.316113],[-158.07915,21.312256],[-158.110352,21.318604],[-158.137842,21.377148],[-158.239111,21.489355],[-158.238672,21.533057],[-158.273145,21.585254],[-158.123096,21.600244],[-158.020361,21.691797],[-157.9625,21.701367],[-157.851514,21.553369],[-157.854346,21.511914],[-157.82959,21.471436],[-157.799365,21.456641]]]}},{"type":"Feature","properties":{},"geometry":{"type":"Polygon","coordinates":[[[-159.372754,21.932373],[-159.460693,21.876123],[-159.511865,21.900391],[-159.608838,21.909521],[-159.646387,21.951758],[-159.747998,21.989844],[-159.78916,22.041797],[-159.726611,22.140186],[-159.579199,22.223145],[-159.352051,22.21958],[-159.304785,22.154053],[-159.300684,22.105273],[-159.330176,22.050684],[-159.34375,21.973633],[-159.372754,21.932373]]]}},{"type":"Feature","properties":{},"geometry":{"type":"Polygon","coordinates":[[[-156.849609,20.772656],[-156.908887,20.744482],[-156.973389,20.75752],[-156.988428,20.825684],[-157.050586,20.912451],[-156.941797,20.930029],[-156.880566,20.904834],[-156.848291,20.877783],[-156.809375,20.831152],[-156.849609,20.772656]]]}},{"type":"Feature","properties":{},"geometry":{"type":"Polygon","coordinates":[[[179.451563,51.372607],[179.278125,51.372217],[178.925879,51.535059],[178.74707,51.586719],[178.647949,51.643896],[178.692188,51.655957],[178.908008,51.615576],[179.084277,51.527686],[179.181738,51.469922],[179.294336,51.42085],[179.415527,51.400879],[179.451563,51.372607]]]}},{"type":"Feature","properties":{},"geometry":{"type":"Polygon","coordinates":[[[179.727734,51.90542],[179.645215,51.880225],[179.549609,51.894043],[179.497656,51.932812],[179.503906,51.97959],[179.627148,52.03042],[179.77998,51.966846],[179.727734,51.90542]]]}},{"type":"Feature","properties":{},"geometry":{"type":"Polygon","coordinates":[[[177.41543,51.882812],[177.328516,51.841064],[177.260645,51.883691],[177.250293,51.90293],[177.380664,51.975781],[177.478418,51.991602],[177.520508,52.018213],[177.56377,52.110498],[177.636523,52.113818],[177.669629,52.103027],[177.653027,52.059766],[177.595996,51.993848],[177.594141,51.947559],[177.41543,51.882812]]]}},{"type":"Feature","properties":{},"geometry":{"type":"Polygon","coordinates":[[[173.722754,52.35957],[173.657813,52.356641],[173.616211,52.39126],[173.402344,52.404785],[173.424512,52.437646],[173.516504,52.451416],[173.657617,52.504102],[173.776074,52.495117],[173.744727,52.446631],[173.722754,52.35957]]]}},{"type":"Feature","properties":{},"geometry":{"type":"Polygon","coordinates":[[[172.811816,53.012988],[172.983984,52.980273],[173.102148,52.995605],[173.25166,52.942676],[173.436035,52.852051],[173.394727,52.834766],[173.348242,52.824854],[173.302539,52.825928],[173.158691,52.810791],[173.080273,52.814453],[172.935156,52.7521],[172.775586,52.796924],[172.721777,52.885547],[172.595117,52.907422],[172.494824,52.937891],[172.67793,53.007568],[172.811816,53.012988]]]}},{"type":"Feature","properties":{},"geometry":{"type":"Polygon","coordinates":[[[-172.742236,60.457373],[-172.526074,60.391748],[-172.3875,60.398486],[-172.277539,60.343652],[-172.23208,60.299121],[-172.397168,60.331104],[-172.635742,60.328857],[-172.958398,60.462793],[-173.074023,60.493213],[-173.047656,60.568311],[-172.923877,60.606836],[-172.860205,60.505664],[-172.742236,60.457373]]]}},{"type":"Feature","properties":{},"geometry":{"type":"Polygon","coordinates":[[[-170.160547,57.183936],[-170.264014,57.136768],[-170.358008,57.154199],[-170.385889,57.188574],[-170.386621,57.203027],[-170.116162,57.241797],[-170.160547,57.183936]]]}},{"type":"Feature","properties":{},"geometry":{"type":"Polygon","coordinates":[[[-160.329297,55.337695],[-160.343311,55.258789],[-160.480762,55.308984],[-160.51748,55.333838],[-160.49292,55.352344],[-160.362305,55.356982],[-160.329297,55.337695]]]}},{"type":"Feature","properties":{},"geometry":{"type":"Polygon","coordinates":[[[-160.684912,55.314795],[-160.669727,55.314258],[-160.638818,55.321924],[-160.573975,55.378271],[-160.552783,55.380762],[-160.55249,55.363379],[-160.583154,55.307617],[-160.531201,55.233203],[-160.482666,55.197412],[-160.487549,55.184863],[-160.609082,55.159033],[-160.701807,55.177637],[-160.750635,55.171191],[-160.795068,55.145215],[-160.825488,55.173975],[-160.846533,55.311328],[-160.839648,55.3354],[-160.789209,55.383105],[-160.723926,55.404639],[-160.695654,55.39834],[-160.672168,55.379395],[-160.666357,55.359424],[-160.684912,55.314795]]]}},{"type":"Feature","properties":{},"geometry":{"type":"Polygon","coordinates":[[[-162.298145,54.847021],[-162.321924,54.842383],[-162.390771,54.872998],[-162.415771,54.895898],[-162.433887,54.931543],[-162.293652,54.982861],[-162.2646,54.983496],[-162.238379,54.954736],[-162.23374,54.932031],[-162.272559,54.867188],[-162.298145,54.847021]]]}},{"type":"Feature","properties":{},"geometry":{"type":"Polygon","coordinates":[[[-162.554395,54.401367],[-162.641113,54.379541],[-162.733105,54.402295],[-162.811719,54.444385],[-162.820557,54.494531],[-162.64541,54.462061],[-162.607959,54.446631],[-162.554395,54.401367]]]}},{"type":"Feature","properties":{},"geometry":{"type":"Polygon","coordinates":[[[-159.362012,54.972412],[-159.394482,54.967334],[-159.421338,54.978125],[-159.458496,55.034961],[-159.461914,55.058789],[-159.39043,55.040869],[-159.363184,54.999512],[-159.362012,54.972412]]]}},{"type":"Feature","properties":{},"geometry":{"type":"Polygon","coordinates":[[[-159.872998,55.12876],[-159.933936,55.106836],[-159.953076,55.078955],[-159.999414,55.067187],[-160.038428,55.044482],[-160.16958,54.941699],[-160.227051,54.922705],[-160.163574,55.010449],[-160.153613,55.03833],[-160.152393,55.056885],[-160.17207,55.123047],[-160.13374,55.120166],[-160.102197,55.133887],[-160.03877,55.192529],[-159.981641,55.197754],[-159.920459,55.267529],[-159.887354,55.272998],[-159.871045,55.263574],[-159.898242,55.221289],[-159.839404,55.182373],[-159.854102,55.144678],[-159.872998,55.12876]]]}},{"type":"Feature","properties":{},"geometry":{"type":"Polygon","coordinates":[[[-159.515137,55.151855],[-159.52041,55.072168],[-159.534961,55.059619],[-159.561475,55.080908],[-159.617725,55.057324],[-159.648486,55.074561],[-159.6354,55.102344],[-159.639648,55.123975],[-159.597949,55.125684],[-159.588037,55.165332],[-159.595264,55.182031],[-159.574756,55.217725],[-159.545068,55.225977],[-159.515137,55.151855]]]}},{"type":"Feature","properties":{},"geometry":{"type":"Polygon","coordinates":[[[-169.691943,52.847363],[-169.708105,52.807129],[-169.722754,52.792334],[-169.877344,52.81377],[-169.980566,52.806006],[-169.991846,52.829834],[-169.982568,52.851025],[-169.820654,52.883398],[-169.754883,52.883643],[-169.710986,52.866748],[-169.691943,52.847363]]]}},{"type":"Feature","properties":{},"geometry":{"type":"Polygon","coordinates":[[[-170.733398,52.581494],[-170.797363,52.549756],[-170.816064,52.561523],[-170.827051,52.600732],[-170.791162,52.63125],[-170.68208,52.697559],[-170.608057,52.685059],[-170.584619,52.667578],[-170.586621,52.642432],[-170.614014,52.609619],[-170.649268,52.593115],[-170.692285,52.592969],[-170.733398,52.581494]]]}},{"type":"Feature","properties":{},"geometry":{"type":"Polygon","coordinates":[[[-165.841553,54.070654],[-165.879395,54.053027],[-165.909863,54.04917],[-165.93291,54.05918],[-166.036426,54.047168],[-166.056641,54.054346],[-166.102832,54.113965],[-166.105811,54.144824],[-166.087744,54.169141],[-166.04126,54.19126],[-165.966406,54.211035],[-165.892871,54.206982],[-165.764453,54.1521],[-165.704248,54.119922],[-165.692871,54.099902],[-165.737891,54.081104],[-165.841553,54.070654]]]}},{"type":"Feature","properties":{},"geometry":{"type":"Polygon","coordinates":[[[-165.561133,54.136719],[-165.604834,54.12915],[-165.615381,54.139551],[-165.620508,54.183545],[-165.65415,54.25332],[-165.590332,54.278662],[-165.550635,54.284521],[-165.533789,54.273877],[-165.487695,54.221875],[-165.441748,54.208008],[-165.407861,54.196826],[-165.467578,54.180908],[-165.561133,54.136719]]]}},{"type":"Feature","properties":{},"geometry":{"type":"Polygon","coordinates":[[[-167.964355,53.345117],[-168.270703,53.238037],[-168.370117,53.159766],[-168.445996,53.084424],[-168.505615,53.043164],[-168.549023,53.036084],[-168.597412,53.016113],[-168.698535,52.963428],[-168.741016,52.956885],[-169.065918,52.833936],[-169.088916,52.832031],[-169.073096,52.86416],[-168.973877,52.909668],[-168.90918,52.951172],[-168.836084,53.019727],[-168.79585,53.044922],[-168.783008,53.079346],[-168.777783,53.148779],[-168.759619,53.175049],[-168.689844,53.227246],[-168.639014,53.255762],[-168.572168,53.265625],[-168.436621,53.256885],[-168.38042,53.283447],[-168.362988,53.303564],[-168.397266,53.321924],[-168.405322,53.353809],[-168.396436,53.408789],[-168.357227,53.457568],[-168.287695,53.500146],[-168.193066,53.533301],[-168.073291,53.556982],[-167.985693,53.558203],[-167.828076,53.507959],[-167.804688,53.484961],[-167.843115,53.43457],[-167.865137,53.387305],[-167.964355,53.345117]]]}},{"type":"Feature","properties":{},"geometry":{"type":"Polygon","coordinates":[[[-166.615332,53.900928],[-166.572168,53.853467],[-166.497461,53.883545],[-166.442773,53.924805],[-166.400049,53.978125],[-166.372314,53.998975],[-166.335645,53.970898],[-166.230859,53.932617],[-166.318994,53.873779],[-166.48877,53.785498],[-166.545605,53.726465],[-166.549219,53.700977],[-166.384717,53.720508],[-166.33877,53.717676],[-166.309473,53.69751],[-166.354541,53.673535],[-166.444189,53.651807],[-166.522021,53.609668],[-166.702197,53.53667],[-166.77041,53.476025],[-166.850977,53.452881],[-166.960742,53.447363],[-167.153662,53.407861],[-167.270801,53.370605],[-167.300439,53.350488],[-167.337256,53.340967],[-167.381299,53.341992],[-167.428809,53.325684],[-167.479834,53.291992],[-167.522461,53.276221],[-167.592187,53.272705],[-167.628613,53.259424],[-167.669434,53.259961],[-167.780859,53.300244],[-167.808789,53.323779],[-167.710107,53.370898],[-167.638721,53.386572],[-167.530176,53.393701],[-167.423535,53.437256],[-167.204102,53.494971],[-167.136084,53.526465],[-167.092334,53.635937],[-167.042432,53.65459],[-167.015723,53.698389],[-166.894141,53.697119],[-166.83833,53.648047],[-166.81875,53.641357],[-166.808984,53.646143],[-166.803662,53.6854],[-166.74126,53.712939],[-166.777246,53.733154],[-166.8896,53.758594],[-166.972949,53.770557],[-167.027246,53.769141],[-167.071484,53.783398],[-167.105615,53.813379],[-167.121143,53.843115],[-167.118164,53.872607],[-167.090479,53.905664],[-167.038086,53.942187],[-166.978076,53.962939],[-166.848682,53.977881],[-166.734033,54.002197],[-166.673291,54.005957],[-166.627393,53.995654],[-166.615332,53.900928]]]}},{"type":"Feature","properties":{},"geometry":{"type":"Polygon","coordinates":[[[-166.209766,53.723291],[-166.223828,53.72041],[-166.249414,53.745166],[-166.250732,53.767773],[-166.234375,53.78418],[-166.187744,53.822461],[-166.154541,53.836133],[-166.113721,53.843066],[-166.102686,53.832812],[-166.138623,53.787402],[-166.18374,53.756885],[-166.209766,53.723291]]]}},{"type":"Feature","properties":{},"geometry":{"type":"Polygon","coordinates":[[[-172.464795,52.272266],[-172.539111,52.257471],[-172.619824,52.272852],[-172.582178,52.325635],[-172.543652,52.353809],[-172.47041,52.388037],[-172.383105,52.372949],[-172.313623,52.32959],[-172.464795,52.272266]]]}},{"type":"Feature","properties":{},"geometry":{"type":"Polygon","coordinates":[[[-173.55332,52.136279],[-173.357227,52.095654],[-173.113281,52.100391],[-173.024316,52.090527],[-173.0229,52.07915],[-173.178857,52.0625],[-173.232227,52.067969],[-173.368408,52.045605],[-173.460986,52.041553],[-173.672559,52.062646],[-173.835791,52.048193],[-173.878955,52.053662],[-173.930225,52.072168],[-173.9896,52.103613],[-173.99248,52.12334],[-173.938916,52.131299],[-173.794092,52.104297],[-173.779004,52.118359],[-173.656836,52.14375],[-173.55332,52.136279]]]}},{"type":"Feature","properties":{},"geometry":{"type":"Polygon","coordinates":[[[-174.677393,52.03501],[-175.213867,51.993896],[-175.295557,52.022168],[-175.21416,52.038232],[-175.117676,52.047119],[-174.915918,52.094189],[-174.667773,52.134961],[-174.474268,52.184033],[-174.306152,52.216162],[-174.258838,52.269043],[-174.406494,52.295996],[-174.435547,52.317236],[-174.36543,52.341943],[-174.306885,52.37793],[-174.168896,52.420166],[-174.045605,52.367236],[-174.018359,52.331787],[-174.030078,52.289795],[-174.054883,52.245996],[-174.163232,52.223389],[-174.179395,52.200342],[-174.120654,52.135205],[-174.343555,52.077783],[-174.677393,52.03501]]]}},{"type":"Feature","properties":{},"geometry":{"type":"Polygon","coordinates":[[[-176.008984,51.812354],[-176.093359,51.790479],[-176.204443,51.834814],[-176.193652,51.886279],[-176.071631,51.843311],[-176.008984,51.812354]]]}},{"type":"Feature","properties":{},"geometry":{"type":"Polygon","coordinates":[[[-176.286719,51.791992],[-176.349658,51.733301],[-176.396094,51.759863],[-176.413721,51.840576],[-176.378564,51.861133],[-176.280225,51.802832],[-176.286719,51.791992]]]}},{"type":"Feature","properties":{},"geometry":{"type":"Polygon","coordinates":[[[-176.593311,51.866699],[-176.587939,51.833203],[-176.473389,51.837402],[-176.437451,51.820117],[-176.437354,51.754297],[-176.452344,51.735693],[-176.469775,51.731152],[-176.510986,51.745605],[-176.55752,51.712061],[-176.770947,51.629932],[-176.837109,51.675879],[-176.961621,51.603662],[-176.874414,51.790479],[-176.773633,51.81875],[-176.736426,51.839941],[-176.745117,51.894678],[-176.69834,51.986035],[-176.596826,51.981787],[-176.549902,51.944043],[-176.551611,51.91958],[-176.593311,51.866699]]]}},{"type":"Feature","properties":{},"geometry":{"type":"Polygon","coordinates":[[[-176.021533,52.002441],[-176.045068,51.972998],[-176.142871,52.004297],[-176.177539,52.029834],[-176.184521,52.056055],[-176.155664,52.099414],[-176.077393,52.099951],[-176.031201,52.082324],[-175.988086,52.049463],[-175.975293,52.028955],[-176.021533,52.002441]]]}},{"type":"Feature","properties":{},"geometry":{"type":"Polygon","coordinates":[[[-177.148193,51.716748],[-177.177002,51.703711],[-177.229883,51.693555],[-177.382373,51.704834],[-177.474658,51.70127],[-177.577588,51.694189],[-177.654883,51.676562],[-177.670215,51.701074],[-177.667627,51.721191],[-177.334717,51.776221],[-177.257275,51.804932],[-177.209766,51.84126],[-177.166406,51.909424],[-177.131494,51.929785],[-177.110059,51.92876],[-177.063037,51.901904],[-177.079541,51.866553],[-177.121387,51.835791],[-177.135107,51.806934],[-177.148193,51.716748]]]}},{"type":"Feature","properties":{},"geometry":{"type":"Polygon","coordinates":[[[-177.879053,51.649707],[-177.90127,51.616406],[-177.925342,51.617383],[-178.058887,51.672607],[-178.078467,51.69126],[-178.000049,51.71748],[-177.977246,51.737793],[-177.986377,51.764258],[-178.045117,51.801074],[-178.153467,51.848242],[-178.194531,51.882227],[-178.168262,51.903027],[-178.116602,51.915869],[-177.953809,51.918457],[-177.865869,51.8604],[-177.799609,51.840039],[-177.644482,51.82627],[-177.724951,51.80166],[-177.770654,51.777881],[-177.826953,51.685889],[-177.879053,51.649707]]]}},{"type":"Feature","properties":{},"geometry":{"type":"Polygon","coordinates":[[[73.707422,-53.137109],[73.587988,-53.18457],[73.465137,-53.18418],[73.413281,-53.146777],[73.336328,-53.029883],[73.285449,-53.021484],[73.253906,-52.989355],[73.251172,-52.975781],[73.305273,-52.966309],[73.388086,-52.999902],[73.585742,-53.027148],[73.73125,-53.091211],[73.837793,-53.112793],[73.795117,-53.129883],[73.707422,-53.137109]]]}},{"type":"Feature","properties":{},"geometry":{"type":"Polygon","coordinates":[[[69.282422,-49.058887],[69.220605,-49.066797],[69.201563,-49.034277],[69.203906,-48.991211],[69.169531,-48.957031],[69.150098,-48.919043],[69.167188,-48.88291],[69.266406,-48.878809],[69.36875,-48.89043],[69.394727,-48.951172],[69.321191,-49.034277],[69.282422,-49.058887]]]}},{"type":"Feature","properties":{},"geometry":{"type":"Polygon","coordinates":[[[51.83457,-46.439941],[51.761719,-46.44873],[51.696582,-46.428125],[51.659277,-46.373633],[51.741895,-46.326855],[51.78418,-46.358887],[51.81543,-46.394727],[51.83457,-46.439941]]]}},{"type":"Feature","properties":{},"geometry":{"type":"Polygon","coordinates":[[[37.856934,-46.944238],[37.813965,-46.962891],[37.611816,-46.946484],[37.590039,-46.908008],[37.649707,-46.848926],[37.684863,-46.824023],[37.789551,-46.8375],[37.872852,-46.885449],[37.887695,-46.90166],[37.856934,-46.944238]]]}},{"type":"Feature","properties":{},"geometry":{"type":"Polygon","coordinates":[[[27.842773,35.929297],[27.770605,35.908301],[27.745703,35.911035],[27.715527,35.957324],[27.757324,36.069189],[27.718652,36.141113],[27.716309,36.171582],[27.774414,36.21377],[27.815234,36.276953],[27.914453,36.345312],[28.171484,36.426221],[28.231836,36.433643],[28.230078,36.370264],[28.144043,36.209863],[28.067676,36.129687],[28.087793,36.065332],[27.965527,36.04751],[27.842773,35.929297]]]}},{"type":"Feature","properties":{},"geometry":{"type":"Polygon","coordinates":[[[27.176074,35.465283],[27.137891,35.409082],[27.099121,35.456445],[27.11582,35.511133],[27.070703,35.597754],[27.156055,35.72627],[27.158008,35.788672],[27.223145,35.820459],[27.207031,35.714453],[27.157227,35.629492],[27.208887,35.558936],[27.233594,35.478564],[27.176074,35.465283]]]}},{"type":"Feature","properties":{},"geometry":{"type":"Polygon","coordinates":[[[27.860156,36.553906],[27.838281,36.537988],[27.788086,36.583691],[27.785742,36.60752],[27.836816,36.634863],[27.8625,36.641162],[27.869824,36.62251],[27.869043,36.582666],[27.860156,36.553906]]]}},{"type":"Feature","properties":{},"geometry":{"type":"Polygon","coordinates":[[[27.019727,36.959033],[26.919922,36.945215],[26.937695,37.024609],[26.888672,37.087256],[26.966602,37.0521],[27.016016,37.009668],[27.040137,37.001562],[27.03457,36.975977],[27.019727,36.959033]]]}},{"type":"Feature","properties":{},"geometry":{"type":"Polygon","coordinates":[[[26.949609,36.7271],[26.918359,36.725928],[26.955566,36.774219],[27.061133,36.840381],[27.214941,36.898633],[27.265625,36.905127],[27.352148,36.868896],[27.193164,36.809131],[27.150977,36.777588],[27.033594,36.770752],[26.949609,36.7271]]]}},{"type":"Feature","properties":{},"geometry":{"type":"Polygon","coordinates":[[[25.545898,36.967578],[25.456738,36.929688],[25.395898,36.984375],[25.361914,37.07041],[25.525293,37.196387],[25.564355,37.185107],[25.587891,37.152539],[25.584277,37.039307],[25.545898,36.967578]]]}},{"type":"Feature","properties":{},"geometry":{"type":"Polygon","coordinates":[[[25.278906,37.068408],[25.199414,36.991309],[25.133301,36.999658],[25.105469,37.034961],[25.146484,37.107422],[25.235059,37.148535],[25.275293,37.137842],[25.271484,37.08418],[25.278906,37.068408]]]}},{"type":"Feature","properties":{},"geometry":{"type":"Polygon","coordinates":[[[25.482422,36.392627],[25.435938,36.340088],[25.370508,36.358936],[25.397168,36.378955],[25.412891,36.404883],[25.414648,36.442285],[25.396875,36.465332],[25.408984,36.47373],[25.467383,36.435059],[25.482422,36.392627]]]}},{"type":"Feature","properties":{},"geometry":{"type":"Polygon","coordinates":[[[25.381738,36.674023],[25.364355,36.65835],[25.288672,36.721533],[25.259961,36.758447],[25.295898,36.78916],[25.406934,36.717334],[25.381738,36.674023]]]}},{"type":"Feature","properties":{},"geometry":{"type":"Polygon","coordinates":[[[26.824414,37.811426],[26.947363,37.778467],[26.981543,37.781982],[27.039648,37.77002],[27.055078,37.709277],[26.978125,37.700488],[26.844922,37.644727],[26.788281,37.656982],[26.720508,37.705469],[26.612891,37.710498],[26.581055,37.72373],[26.638672,37.780859],[26.743359,37.809766],[26.824414,37.811426]]]}},{"type":"Feature","properties":{},"geometry":{"type":"Polygon","coordinates":[[[26.029297,37.529395],[25.982422,37.525586],[25.996777,37.565576],[26.086328,37.634912],[26.211523,37.638281],[26.325586,37.673047],[26.351367,37.674316],[26.296875,37.61958],[26.204883,37.568506],[26.029297,37.529395]]]}},{"type":"Feature","properties":{},"geometry":{"type":"Polygon","coordinates":[[[25.859375,36.79043],[25.771094,36.782227],[25.743164,36.789746],[25.796777,36.807031],[25.834375,36.825391],[25.852441,36.847559],[25.941992,36.886572],[26.000684,36.937402],[26.064453,36.902734],[25.984668,36.879687],[25.859375,36.79043]]]}},{"type":"Feature","properties":{},"geometry":{"type":"Polygon","coordinates":[[[26.460645,36.5854],[26.381641,36.561523],[26.331445,36.511377],[26.27002,36.546924],[26.269824,36.59541],[26.337012,36.580566],[26.38418,36.607861],[26.37002,36.638574],[26.421289,36.624219],[26.460645,36.5854]]]}},{"type":"Feature","properties":{},"geometry":{"type":"Polygon","coordinates":[[[24.355957,37.576855],[24.288965,37.528271],[24.277441,37.601123],[24.32041,37.677734],[24.379102,37.682715],[24.400781,37.649023],[24.355957,37.576855]]]}},{"type":"Feature","properties":{},"geometry":{"type":"Polygon","coordinates":[[[24.435742,37.344434],[24.378906,37.314111],[24.397754,37.383447],[24.369727,37.419629],[24.394824,37.450391],[24.43125,37.475195],[24.448535,37.449561],[24.481445,37.408008],[24.435742,37.344434]]]}},{"type":"Feature","properties":{},"geometry":{"type":"Polygon","coordinates":[[[24.535742,36.76377],[24.5375,36.705029],[24.530664,36.683984],[24.325977,36.655615],[24.344922,36.722998],[24.357422,36.744287],[24.425195,36.712939],[24.450195,36.728955],[24.460352,36.747461],[24.535742,36.76377]]]}},{"type":"Feature","properties":{},"geometry":{"type":"Polygon","coordinates":[[[24.942871,37.493506],[24.937891,37.389697],[24.911523,37.390576],[24.896191,37.406592],[24.895313,37.446338],[24.906543,37.508887],[24.942871,37.493506]]]}},{"type":"Feature","properties":{},"geometry":{"type":"Polygon","coordinates":[[[24.991699,37.759619],[24.962207,37.692383],[24.884082,37.770508],[24.798535,37.824023],[24.766504,37.870703],[24.714355,37.898877],[24.700195,37.96167],[24.763379,37.9875],[24.79043,37.990137],[24.855078,37.913672],[24.956348,37.904785],[24.948438,37.857666],[24.980469,37.796924],[24.991699,37.759619]]]}},{"type":"Feature","properties":{},"geometry":{"type":"Polygon","coordinates":[[[25.255859,37.599609],[25.21875,37.535107],[25.156348,37.545068],[25.051953,37.614453],[25.016309,37.645947],[24.996484,37.676904],[25.039355,37.680664],[25.091797,37.647998],[25.225391,37.630664],[25.255859,37.599609]]]}},{"type":"Feature","properties":{},"geometry":{"type":"Polygon","coordinates":[[[24.720898,36.921436],[24.702637,36.91709],[24.676465,36.959277],[24.670996,36.998584],[24.681445,37.021631],[24.716113,37.023828],[24.763184,36.949219],[24.720898,36.921436]]]}},{"type":"Feature","properties":{},"geometry":{"type":"Polygon","coordinates":[[[26.094043,38.218066],[25.998535,38.161523],[25.891895,38.243311],[25.874316,38.269629],[25.952637,38.302637],[25.991406,38.353516],[25.959961,38.416016],[25.85127,38.508398],[25.846094,38.574023],[26.0125,38.601709],[26.110449,38.544629],[26.160352,38.540723],[26.141211,38.486182],[26.149609,38.468457],[26.157031,38.30293],[26.110742,38.279639],[26.103125,38.23418],[26.094043,38.218066]]]}},{"type":"Feature","properties":{},"geometry":{"type":"Polygon","coordinates":[[[26.410156,39.329443],[26.392773,39.270117],[26.531055,39.171777],[26.578223,39.109521],[26.595605,39.048828],[26.583984,39.031445],[26.531543,39.064355],[26.488672,39.074805],[26.503125,39.031445],[26.547168,38.994141],[26.46875,38.972803],[26.390137,38.973926],[26.16084,39.025879],[26.10791,39.081055],[26.245117,39.164111],[26.273145,39.197559],[26.175977,39.194287],[26.072363,39.095605],[25.90625,39.138965],[25.855469,39.178662],[25.844141,39.200049],[25.90957,39.287549],[26.026465,39.284619],[26.088379,39.304297],[26.164844,39.331982],[26.16543,39.373535],[26.347754,39.383008],[26.410156,39.329443]]]}},{"type":"Feature","properties":{},"geometry":{"type":"Polygon","coordinates":[[[23.779785,39.114404],[23.735156,39.080566],[23.666113,39.095361],[23.593945,39.208594],[23.779785,39.114404]]]}},{"type":"Feature","properties":{},"geometry":{"type":"Polygon","coordinates":[[[23.887988,39.158301],[23.841211,39.146582],[23.888086,39.226367],[23.970898,39.267725],[23.939746,39.200537],[23.887988,39.158301]]]}},{"type":"Feature","properties":{},"geometry":{"type":"Polygon","coordinates":[[[24.674707,38.809229],[24.569043,38.784814],[24.541016,38.788672],[24.564551,38.819434],[24.566406,38.832373],[24.461035,38.888623],[24.473438,38.96167],[24.485645,38.980273],[24.564063,38.942236],[24.58125,38.878857],[24.674707,38.809229]]]}},{"type":"Feature","properties":{},"geometry":{"type":"Polygon","coordinates":[[[25.685742,40.426562],[25.572656,40.400439],[25.448047,40.482812],[25.568555,40.515869],[25.624316,40.491992],[25.664258,40.463867],[25.685742,40.426562]]]}},{"type":"Feature","properties":{},"geometry":{"type":"Polygon","coordinates":[[[25.437695,39.983301],[25.399902,39.949561],[25.37207,39.891309],[25.357031,39.808105],[25.29873,39.806104],[25.263379,39.822949],[25.251758,39.854395],[25.249414,39.894141],[25.223828,39.892578],[25.203223,39.849414],[25.185156,39.829932],[25.126465,39.82583],[25.062207,39.852393],[25.065234,39.909863],[25.052344,39.976367],[25.058008,39.999658],[25.23418,40.00542],[25.285742,39.956299],[25.348047,39.984766],[25.373633,40.015527],[25.449121,40.034814],[25.437695,39.983301]]]}},{"type":"Feature","properties":{},"geometry":{"type":"Polygon","coordinates":[[[24.774219,40.615186],[24.645898,40.579443],[24.515527,40.647021],[24.516699,40.687207],[24.585547,40.76875],[24.62334,40.79292],[24.719141,40.786279],[24.773633,40.730273],[24.786328,40.703857],[24.768652,40.658887],[24.774219,40.615186]]]}},{"type":"Feature","properties":{},"geometry":{"type":"Polygon","coordinates":[[[25.97002,40.136328],[25.740234,40.105469],[25.668945,40.135889],[25.740918,40.196289],[25.874805,40.233691],[25.918359,40.237988],[25.977051,40.177832],[25.97002,40.136328]]]}},{"type":"Feature","properties":{},"geometry":{"type":"Polygon","coordinates":[[[-16.114502,11.059424],[-16.194531,11.04458],[-16.231006,11.094238],[-16.236426,11.113428],[-16.194629,11.130127],[-16.175879,11.130811],[-16.144043,11.166846],[-16.104785,11.191016],[-16.087451,11.198779],[-16.067334,11.197217],[-16.052783,11.117529],[-16.072217,11.084082],[-16.114502,11.059424]]]}},{"type":"Feature","properties":{},"geometry":{"type":"Polygon","coordinates":[[[-16.37334,19.706445],[-16.437549,19.609277],[-16.465967,19.646387],[-16.477002,19.710352],[-16.420166,19.801953],[-16.393262,19.849268],[-16.343652,19.866211],[-16.37334,19.706445]]]}},{"type":"Feature","properties":{},"geometry":{"type":"Polygon","coordinates":[[[-17.190869,32.868604],[-17.054492,32.815869],[-16.929199,32.841406],[-16.773975,32.773535],[-16.693262,32.758008],[-16.765283,32.709717],[-16.837402,32.648291],[-17.018262,32.662793],[-17.171191,32.721875],[-17.226025,32.766846],[-17.241016,32.807373],[-17.190869,32.868604]]]}},{"type":"Feature","properties":{},"geometry":{"type":"Polygon","coordinates":[[[-15.895898,11.082471],[-15.905176,11.054736],[-15.963965,11.058984],[-15.950635,11.087109],[-15.963477,11.095312],[-15.946484,11.179736],[-15.937695,11.192773],[-15.909131,11.161328],[-15.905273,11.14834],[-15.895898,11.082471]]]}},{"type":"Feature","properties":{},"geometry":{"type":"Polygon","coordinates":[[[-16.334473,28.379932],[-16.418213,28.151416],[-16.49624,28.061914],[-16.542773,28.03208],[-16.658008,28.007178],[-16.794727,28.14917],[-16.866016,28.293262],[-16.905322,28.3396],[-16.843066,28.376123],[-16.752051,28.369824],[-16.556836,28.400488],[-16.517432,28.412695],[-16.318994,28.558203],[-16.123633,28.575977],[-16.119141,28.528271],[-16.334473,28.379932]]]}},{"type":"Feature","properties":{},"geometry":{"type":"Polygon","coordinates":[[[-13.715967,28.91123],[-13.783984,28.845459],[-13.859912,28.869092],[-13.823633,29.01333],[-13.788184,29.056104],[-13.650098,29.118994],[-13.535059,29.144287],[-13.501416,29.21123],[-13.463574,29.237207],[-13.422949,29.19751],[-13.45376,29.151367],[-13.47793,29.006592],[-13.554688,28.960205],[-13.715967,28.91123]]]}},{"type":"Feature","properties":{},"geometry":{"type":"Polygon","coordinates":[[[-14.196777,28.169287],[-14.332617,28.056006],[-14.468604,28.082373],[-14.491797,28.100928],[-14.355566,28.129687],[-14.231982,28.21582],[-14.152588,28.406641],[-14.028369,28.617432],[-14.003369,28.706689],[-13.95415,28.741455],[-13.886279,28.744678],[-13.857227,28.738037],[-13.827148,28.691211],[-13.827588,28.585156],[-13.862988,28.409326],[-13.928027,28.253467],[-14.196777,28.169287]]]}},{"type":"Feature","properties":{},"geometry":{"type":"Polygon","coordinates":[[[-12.526074,7.436328],[-12.540625,7.410254],[-12.607178,7.474512],[-12.951611,7.57085],[-12.854395,7.622021],[-12.615234,7.637207],[-12.544189,7.607373],[-12.5125,7.582422],[-12.500635,7.535107],[-12.526074,7.436328]]]}},{"type":"Feature","properties":{},"geometry":{"type":"Polygon","coordinates":[[[-15.400586,28.147363],[-15.406689,28.070508],[-15.383154,27.992822],[-15.38916,27.874707],[-15.436768,27.810693],[-15.559375,27.746973],[-15.655762,27.758398],[-15.710303,27.784082],[-15.807324,27.887549],[-15.809473,27.994482],[-15.720947,28.06416],[-15.682764,28.154053],[-15.452783,28.136914],[-15.432715,28.154248],[-15.415479,28.159326],[-15.400586,28.147363]]]}},{"type":"Feature","properties":{},"geometry":{"type":"Polygon","coordinates":[[[-15.725146,11.215479],[-15.725146,11.174512],[-15.76748,11.182275],[-15.779785,11.194531],[-15.754687,11.268701],[-15.71748,11.301758],[-15.671924,11.296484],[-15.65835,11.286475],[-15.667187,11.257861],[-15.687109,11.234326],[-15.725146,11.215479]]]}},{"type":"Feature","properties":{},"geometry":{"type":"Polygon","coordinates":[[[-15.553418,11.537012],[-15.562793,11.51377],[-15.619629,11.533496],[-15.536572,11.617627],[-15.482471,11.632324],[-15.484424,11.567529],[-15.526221,11.553857],[-15.553418,11.537012]]]}},{"type":"Feature","properties":{},"geometry":{"type":"Polygon","coordinates":[[[-25.169824,16.946484],[-25.267236,16.925928],[-25.308301,16.93584],[-25.321924,17.015381],[-25.341553,17.067725],[-25.337109,17.091016],[-25.113477,17.193652],[-25.034668,17.176465],[-24.979687,17.094727],[-25.01709,17.049316],[-25.169824,16.946484]]]}},{"type":"Feature","properties":{},"geometry":{"type":"Polygon","coordinates":[[[-24.887061,16.818115],[-24.969141,16.794189],[-25.019971,16.797217],[-25.093066,16.83252],[-25.070117,16.870703],[-24.991016,16.913232],[-24.936475,16.922119],[-24.891895,16.846484],[-24.887061,16.818115]]]}},{"type":"Feature","properties":{},"geometry":{"type":"Polygon","coordinates":[[[-17.184668,28.021973],[-17.225391,28.013525],[-17.273926,28.038281],[-17.324902,28.117676],[-17.290332,28.176318],[-17.258594,28.203174],[-17.214355,28.199268],[-17.129639,28.155957],[-17.10376,28.111133],[-17.101074,28.083447],[-17.184668,28.021973]]]}},{"type":"Feature","properties":{},"geometry":{"type":"Polygon","coordinates":[[[-15.901807,11.46582],[-15.94873,11.434424],[-15.997217,11.44917],[-16.023193,11.477148],[-16.019336,11.527295],[-15.964551,11.598291],[-15.915332,11.589111],[-15.901807,11.46582]]]}},{"type":"Feature","properties":{},"geometry":{"type":"Polygon","coordinates":[[[-15.986426,11.882031],[-16.03833,11.759717],[-16.102441,11.773193],[-16.147363,11.845996],[-16.152441,11.876807],[-16.021875,11.88667],[-15.986426,11.882031]]]}},{"type":"Feature","properties":{},"geometry":{"type":"Polygon","coordinates":[[[-17.887939,27.80957],[-17.984766,27.646387],[-18.106592,27.707471],[-18.135937,27.72793],[-18.160547,27.761475],[-18.043359,27.768115],[-17.924512,27.850146],[-17.887939,27.80957]]]}},{"type":"Feature","properties":{},"geometry":{"type":"Polygon","coordinates":[[[-22.917725,16.237256],[-22.834326,16.218994],[-22.802637,16.225537],[-22.749414,16.221533],[-22.692627,16.169043],[-22.681885,16.113281],[-22.710107,16.043359],[-22.820508,15.986035],[-22.884082,15.992725],[-22.959277,16.045117],[-22.916113,16.148438],[-22.917725,16.237256]]]}},{"type":"Feature","properties":{},"geometry":{"type":"Polygon","coordinates":[[[-24.308252,14.856299],[-24.386133,14.818213],[-24.440527,14.834814],[-24.492188,14.874219],[-24.51709,14.93125],[-24.496875,14.980273],[-24.391992,15.038281],[-24.329492,15.019482],[-24.295801,14.929541],[-24.308252,14.856299]]]}},{"type":"Feature","properties":{},"geometry":{"type":"Polygon","coordinates":[[[-17.834277,28.493213],[-17.859375,28.485693],[-17.882129,28.5646],[-18.000781,28.758252],[-17.928809,28.84458],[-17.797559,28.846777],[-17.744531,28.786572],[-17.726562,28.724463],[-17.751611,28.688574],[-17.744385,28.616016],[-17.758008,28.569092],[-17.834277,28.493213]]]}},{"type":"Feature","properties":{},"geometry":{"type":"Polygon","coordinates":[[[-24.087695,16.62251],[-24.046387,16.593066],[-24.032715,16.572021],[-24.094141,16.561035],[-24.243066,16.599414],[-24.282812,16.575928],[-24.322363,16.493115],[-24.398096,16.618408],[-24.39292,16.664453],[-24.376709,16.677783],[-24.271094,16.644873],[-24.087695,16.62251]]]}},{"type":"Feature","properties":{},"geometry":{"type":"Polygon","coordinates":[[[-22.88833,16.659082],[-22.920264,16.60791],[-22.959424,16.683057],[-22.980615,16.700879],[-22.990918,16.808838],[-22.93291,16.841016],[-22.904736,16.84375],[-22.903906,16.732129],[-22.88833,16.659082]]]}},{"type":"Feature","properties":{},"geometry":{"type":"Polygon","coordinates":[[[-23.182129,15.136768],[-23.209961,15.133105],[-23.251807,15.178125],[-23.24248,15.240527],[-23.247168,15.256982],[-23.210254,15.323535],[-23.137744,15.317725],[-23.119336,15.268408],[-23.115869,15.16665],[-23.182129,15.136768]]]}},{"type":"Feature","properties":{},"geometry":{"type":"Polygon","coordinates":[[[-23.444238,15.007959],[-23.504687,14.916113],[-23.637207,14.923486],[-23.705371,14.961328],[-23.78501,15.076904],[-23.78252,15.166113],[-23.754492,15.243555],[-23.759375,15.310791],[-23.748096,15.328516],[-23.707227,15.316895],[-23.700635,15.271631],[-23.57998,15.160889],[-23.535254,15.139258],[-23.444238,15.007959]]]}},{"type":"Feature","properties":{},"geometry":{"type":"Polygon","coordinates":[[[44.476367,-12.081543],[44.526758,-12.219531],[44.52627,-12.323535],[44.50498,-12.356543],[44.460156,-12.335156],[44.377441,-12.252246],[44.220117,-12.171387],[44.292285,-12.164746],[44.334473,-12.173047],[44.379102,-12.165625],[44.407031,-12.120117],[44.412598,-12.092969],[44.451855,-12.071387],[44.476367,-12.081543]]]}},{"type":"Feature","properties":{},"geometry":{"type":"Polygon","coordinates":[[[43.788672,-12.307031],[43.858984,-12.368262],[43.663672,-12.342871],[43.63291,-12.287695],[43.631348,-12.24707],[43.704297,-12.255957],[43.788672,-12.307031]]]}},{"type":"Feature","properties":{},"geometry":{"type":"Polygon","coordinates":[[[45.180273,-12.976758],[45.117578,-12.984961],[45.087695,-12.958496],[45.069434,-12.895605],[45.088281,-12.835059],[45.093555,-12.786133],[45.042578,-12.70127],[45.092383,-12.653027],[45.134766,-12.70918],[45.158789,-12.712988],[45.223145,-12.752148],[45.204297,-12.824316],[45.208594,-12.847949],[45.179395,-12.920215],[45.180273,-12.976758]]]}},{"type":"Feature","properties":{},"geometry":{"type":"Polygon","coordinates":[[[43.46582,-11.90127],[43.446777,-11.914551],[43.355469,-11.85752],[43.30332,-11.844043],[43.22666,-11.751855],[43.256055,-11.432129],[43.280664,-11.391211],[43.299023,-11.374512],[43.341504,-11.368457],[43.392969,-11.408594],[43.379395,-11.61416],[43.447656,-11.752539],[43.491504,-11.862109],[43.46582,-11.90127]]]}},{"type":"Feature","properties":{},"geometry":{"type":"Polygon","coordinates":[[[39.711328,-7.977441],[39.657227,-7.990527],[39.636133,-7.977832],[39.60293,-7.936133],[39.660645,-7.900586],[39.716602,-7.831543],[39.846582,-7.730273],[39.890918,-7.663477],[39.907129,-7.649219],[39.897754,-7.728125],[39.824414,-7.900684],[39.761816,-7.911914],[39.711328,-7.977441]]]}},{"type":"Feature","properties":{},"geometry":{"type":"Polygon","coordinates":[[[40.994434,-2.158398],[40.957324,-2.167285],[40.976465,-2.109766],[41.086035,-2.036523],[41.130664,-2.053027],[41.139258,-2.069824],[41.136816,-2.085059],[41.118164,-2.100098],[40.994434,-2.158398]]]}},{"type":"Feature","properties":{},"geometry":{"type":"Polygon","coordinates":[[[39.496484,-6.174609],[39.573047,-6.387402],[39.563184,-6.427246],[39.50918,-6.45166],[39.480957,-6.453711],[39.447363,-6.419727],[39.423633,-6.347852],[39.382617,-6.364941],[39.312695,-6.279102],[39.243457,-6.275],[39.182324,-6.172559],[39.20625,-6.083203],[39.192383,-5.931055],[39.266992,-5.853125],[39.308984,-5.721973],[39.357227,-5.811523],[39.368262,-5.951172],[39.433301,-6.11543],[39.487891,-6.166211],[39.496484,-6.174609]]]}},{"type":"Feature","properties":{},"geometry":{"type":"Polygon","coordinates":[[[57.65127,-20.484863],[57.524805,-20.513184],[57.383301,-20.503711],[57.32832,-20.45],[57.317676,-20.427637],[57.365137,-20.406445],[57.362109,-20.337598],[57.385742,-20.228613],[57.416016,-20.183789],[57.486426,-20.143945],[57.515039,-20.055957],[57.575781,-19.997168],[57.656543,-19.989941],[57.737207,-20.098438],[57.791992,-20.212598],[57.780664,-20.326953],[57.725,-20.368848],[57.706641,-20.434863],[57.65127,-20.484863]]]}},{"type":"Feature","properties":{},"geometry":{"type":"Polygon","coordinates":[[[55.797363,-21.339355],[55.656152,-21.369043],[55.557617,-21.358301],[55.362695,-21.273633],[55.310352,-21.217383],[55.232813,-21.058398],[55.25,-21.002441],[55.311328,-20.904102],[55.450488,-20.865137],[55.596484,-20.87959],[55.661914,-20.90625],[55.73916,-21.021484],[55.839063,-21.138574],[55.822461,-21.277832],[55.797363,-21.339355]]]}},{"type":"Feature","properties":{},"geometry":{"type":"Polygon","coordinates":[[[48.342188,-13.363867],[48.343555,-13.400391],[48.211914,-13.385254],[48.191211,-13.259961],[48.255664,-13.256055],[48.269727,-13.20459],[48.308887,-13.198242],[48.351074,-13.30957],[48.342188,-13.363867]]]}},{"type":"Feature","properties":{},"geometry":{"type":"Polygon","coordinates":[[[49.936426,-16.90293],[49.824023,-17.086523],[49.855664,-16.933203],[49.985938,-16.712402],[50.023047,-16.695312],[49.936426,-16.90293]]]}},{"type":"Feature","properties":{},"geometry":{"type":"Polygon","coordinates":[[[-5.692139,-15.997754],[-5.78252,-16.004004],[-5.775049,-15.956738],[-5.707861,-15.906152],[-5.6625,-15.912793],[-5.659717,-15.970898],[-5.692139,-15.997754]]]}},{"type":"Feature","properties":{},"geometry":{"type":"Polygon","coordinates":[[[39.865039,-4.906152],[39.870996,-4.956543],[39.855664,-5.004004],[39.858984,-5.155176],[39.853027,-5.255469],[39.795898,-5.394434],[39.749316,-5.443848],[39.707617,-5.429492],[39.673438,-5.406641],[39.646777,-5.368555],[39.701074,-5.113672],[39.673438,-4.927051],[39.780762,-4.944922],[39.865039,-4.906152]]]}},{"type":"Feature","properties":{},"geometry":{"type":"Polygon","coordinates":[[[55.540332,-4.693066],[55.542969,-4.785547],[55.494727,-4.75459],[55.48125,-4.694824],[55.416797,-4.650293],[55.383398,-4.609277],[55.455762,-4.558789],[55.540332,-4.693066]]]}},{"type":"Feature","properties":{},"geometry":{"type":"Polygon","coordinates":[[[8.735742,3.758301],[8.760449,3.754346],[8.910059,3.758203],[8.950684,3.705322],[8.946094,3.627539],[8.792188,3.400391],[8.763477,3.304639],[8.704004,3.223633],[8.652344,3.21709],[8.474902,3.264648],[8.444922,3.293506],[8.434277,3.332422],[8.451758,3.4229],[8.464648,3.450586],[8.549805,3.467627],[8.577246,3.482373],[8.622754,3.57998],[8.637695,3.668848],[8.675879,3.735937],[8.735742,3.758301]]]}},{"type":"Feature","properties":{},"geometry":{"type":"Polygon","coordinates":[[[6.659961,0.120654],[6.556836,0.047363],[6.519727,0.066309],[6.496973,0.117383],[6.468164,0.227344],[6.477539,0.280127],[6.524316,0.340283],[6.625879,0.400244],[6.686914,0.404395],[6.749805,0.325635],[6.75,0.243457],[6.659961,0.120654]]]}},{"type":"Feature","properties":{},"geometry":{"type":"Polygon","coordinates":[[[7.423828,1.567725],[7.386621,1.541553],[7.342383,1.563574],[7.330664,1.603369],[7.387598,1.680176],[7.414453,1.699121],[7.437012,1.683057],[7.450391,1.661963],[7.452344,1.631104],[7.423828,1.567725]]]}},{"type":"Feature","properties":{},"geometry":{"type":"Polygon","coordinates":[[[7.300781,4.418164],[7.203906,4.387646],[7.14043,4.395117],[7.227344,4.527344],[7.271387,4.498926],[7.32793,4.487207],[7.300781,4.418164]]]}},{"type":"Feature","properties":{},"geometry":{"type":"Polygon","coordinates":[[[-44.129297,-23.141895],[-44.098047,-23.169336],[-44.155762,-23.166602],[-44.220508,-23.19082],[-44.320068,-23.212305],[-44.360156,-23.17207],[-44.274121,-23.116211],[-44.242871,-23.074121],[-44.22041,-23.08291],[-44.191602,-23.113281],[-44.129297,-23.141895]]]}},{"type":"Feature","properties":{},"geometry":{"type":"Polygon","coordinates":[[[-48.584424,-26.401563],[-48.603076,-26.41377],[-48.665771,-26.289648],[-48.539746,-26.170313],[-48.497607,-26.21875],[-48.531104,-26.313184],[-48.568066,-26.379688],[-48.584424,-26.401563]]]}},{"type":"Feature","properties":{},"geometry":{"type":"Polygon","coordinates":[[[-48.485889,-27.766992],[-48.55459,-27.812207],[-48.542187,-27.574805],[-48.505176,-27.495508],[-48.464746,-27.436328],[-48.414893,-27.399609],[-48.37793,-27.451465],[-48.40957,-27.566309],[-48.496777,-27.707031],[-48.485889,-27.766992]]]}},{"type":"Feature","properties":{},"geometry":{"type":"Polygon","coordinates":[[[-45.260254,-23.88916],[-45.260889,-23.941309],[-45.302539,-23.914746],[-45.412842,-23.934961],[-45.451416,-23.895605],[-45.302344,-23.727539],[-45.272266,-23.751953],[-45.249072,-23.782617],[-45.233105,-23.825391],[-45.250293,-23.853027],[-45.260254,-23.88916]]]}},{"type":"Feature","properties":{},"geometry":{"type":"Polygon","coordinates":[[[11.278027,34.753809],[11.123633,34.681689],[11.153027,34.74458],[11.254883,34.820312],[11.281055,34.802197],[11.278027,34.753809]]]}},{"type":"Feature","properties":{},"geometry":{"type":"Polygon","coordinates":[[[10.957617,33.72207],[10.931348,33.717432],[10.883008,33.690186],[10.857422,33.687158],[10.784766,33.717676],[10.757031,33.71748],[10.72207,33.738916],[10.733887,33.855615],[10.745215,33.888672],[10.921973,33.893115],[11.017871,33.82334],[11.033594,33.805029],[11.037598,33.785059],[10.993066,33.745947],[10.957617,33.72207]]]}},{"type":"Feature","properties":{},"geometry":{"type":"Polygon","coordinates":[[[-4.412061,54.185352],[-4.614258,54.058691],[-4.696094,54.081445],[-4.765771,54.069434],[-4.785352,54.073047],[-4.745557,54.118799],[-4.69873,54.224902],[-4.614844,54.266943],[-4.508643,54.376709],[-4.424707,54.407178],[-4.395557,54.40293],[-4.377197,54.392578],[-4.337988,54.269092],[-4.392285,54.225391],[-4.412061,54.185352]]]}},{"type":"Feature","properties":{},"geometry":{"type":"Polygon","coordinates":[[[-6.607617,56.58501],[-6.664453,56.579443],[-6.668555,56.593604],[-6.569922,56.66123],[-6.506055,56.672363],[-6.483691,56.665771],[-6.530078,56.626611],[-6.607617,56.58501]]]}},{"type":"Feature","properties":{},"geometry":{"type":"Polygon","coordinates":[[[-5.10542,55.448828],[-5.231494,55.448096],[-5.277051,55.456738],[-5.331494,55.481055],[-5.392676,55.618359],[-5.370801,55.666943],[-5.345703,55.690723],[-5.318115,55.70918],[-5.251611,55.716943],[-5.185449,55.690967],[-5.1604,55.666797],[-5.10498,55.573975],[-5.094727,55.494336],[-5.10542,55.448828]]]}},{"type":"Feature","properties":{},"geometry":{"type":"Polygon","coordinates":[[[-5.777881,56.344336],[-6.176172,56.288721],[-6.313428,56.293652],[-6.32583,56.320947],[-6.298486,56.33916],[-6.184863,56.356885],[-6.138867,56.490625],[-6.310645,56.552148],[-6.319678,56.569434],[-6.30625,56.598779],[-6.286328,56.611865],[-6.18208,56.642969],[-6.138281,56.649854],[-6.102734,56.645654],[-6.02959,56.609814],[-5.94668,56.534521],[-5.836035,56.522559],[-5.76084,56.490674],[-5.777881,56.344336]]]}},{"type":"Feature","properties":{},"geometry":{"type":"Polygon","coordinates":[[[-6.128906,55.930566],[-6.092822,55.802148],[-6.057617,55.72251],[-6.055322,55.695312],[-6.088379,55.65752],[-6.253174,55.607227],[-6.305078,55.606934],[-6.307227,55.619141],[-6.27002,55.670313],[-6.302051,55.728369],[-6.286426,55.77251],[-6.301758,55.780615],[-6.333887,55.774365],[-6.451953,55.704248],[-6.491357,55.697314],[-6.495654,55.711572],[-6.466455,55.768994],[-6.462842,55.808252],[-6.445264,55.832373],[-6.413184,55.854639],[-6.374951,55.871338],[-6.344141,55.87373],[-6.311279,55.856494],[-6.215674,55.90459],[-6.128906,55.930566]]]}},{"type":"Feature","properties":{},"geometry":{"type":"Polygon","coordinates":[[[-5.970068,55.814551],[-5.990918,55.803809],[-6.041553,55.806787],[-6.060352,55.8229],[-6.070703,55.847656],[-6.071973,55.893115],[-6.041309,55.925635],[-5.911768,55.974756],[-5.970312,55.992188],[-5.972656,56.004443],[-5.939062,56.045264],[-5.799609,56.108789],[-5.762256,56.120312],[-5.725146,56.118555],[-5.797217,56.005615],[-5.970068,55.814551]]]}},{"type":"Feature","properties":{},"geometry":{"type":"Polygon","coordinates":[[[-1.042529,60.513867],[-1.067871,60.502295],[-1.165527,60.603906],[-1.093311,60.720215],[-1.005615,60.716504],[-0.99165,60.686035],[-1.000342,60.658008],[-1.04502,60.655518],[-1.049023,60.646924],[-1.035107,60.59292],[-1.034229,60.530176],[-1.042529,60.513867]]]}},{"type":"Feature","properties":{},"geometry":{"type":"Polygon","coordinates":[[[-1.308105,60.5375],[-1.287402,60.467041],[-1.235742,60.485303],[-1.157764,60.417725],[-1.117969,60.417627],[-1.052441,60.444482],[-1.065674,60.381592],[-1.133691,60.206982],[-1.152783,60.177344],[-1.165723,60.124268],[-1.179248,60.113916],[-1.199316,60.006592],[-1.245312,59.97124],[-1.283789,59.886914],[-1.299463,59.878662],[-1.355859,59.911133],[-1.299512,60.039844],[-1.276172,60.114648],[-1.290918,60.153467],[-1.322803,60.188379],[-1.409033,60.189502],[-1.481494,60.173389],[-1.496875,60.193994],[-1.499121,60.221777],[-1.516602,60.231006],[-1.613037,60.229102],[-1.641357,60.236768],[-1.660059,60.262256],[-1.66377,60.28252],[-1.57666,60.298389],[-1.494434,60.29248],[-1.374609,60.33291],[-1.449561,60.468555],[-1.548828,60.481299],[-1.571777,60.494434],[-1.552637,60.517432],[-1.498145,60.529834],[-1.414209,60.59873],[-1.363965,60.60957],[-1.301709,60.607666],[-1.308105,60.5375]]]}},{"type":"Feature","properties":{},"geometry":{"type":"Polygon","coordinates":[[[-0.774268,60.811963],[-0.774316,60.800488],[-0.826172,60.716162],[-0.825488,60.683936],[-0.909131,60.687012],[-0.922266,60.697266],[-0.938086,60.745654],[-0.927539,60.797168],[-0.91582,60.810449],[-0.891406,60.815918],[-0.864941,60.805811],[-0.823437,60.831885],[-0.801807,60.83125],[-0.774268,60.811963]]]}},{"type":"Feature","properties":{},"geometry":{"type":"Polygon","coordinates":[[[-3.164941,58.794189],[-3.222119,58.780957],[-3.278809,58.781934],[-3.367188,58.839746],[-3.40083,58.881787],[-3.394727,58.909619],[-3.357422,58.918994],[-3.271924,58.905273],[-3.227637,58.857178],[-3.222119,58.825879],[-3.211621,58.813574],[-3.158545,58.801221],[-3.164941,58.794189]]]}},{"type":"Feature","properties":{},"geometry":{"type":"Polygon","coordinates":[[[-4.196777,53.321436],[-4.154883,53.302832],[-4.049365,53.305762],[-4.084277,53.264307],[-4.200391,53.218066],[-4.278613,53.172412],[-4.373047,53.13418],[-4.418848,53.178027],[-4.471973,53.176367],[-4.553223,53.260449],[-4.567871,53.386475],[-4.461719,53.419287],[-4.315088,53.417236],[-4.196777,53.321436]]]}},{"type":"Feature","properties":{},"geometry":{"type":"Polygon","coordinates":[[[-2.548877,59.231348],[-2.662061,59.230176],[-2.603613,59.289307],[-2.535645,59.30415],[-2.406982,59.297559],[-2.429834,59.271045],[-2.548877,59.231348]]]}},{"type":"Feature","properties":{},"geometry":{"type":"Polygon","coordinates":[[[-2.929395,58.741602],[-2.938965,58.738623],[-2.975391,58.756934],[-3.035449,58.822656],[-2.941211,58.835693],[-2.896436,58.827588],[-2.913086,58.799609],[-2.929395,58.741602]]]}},{"type":"Feature","properties":{},"geometry":{"type":"Polygon","coordinates":[[[-3.057422,59.029639],[-3.070703,59.00498],[-2.994678,59.005566],[-2.88457,58.984521],[-2.81792,58.981885],[-2.762451,58.955811],[-2.793018,58.906934],[-2.826221,58.893262],[-2.86377,58.890527],[-2.994824,58.939355],[-3.166602,58.919092],[-3.200781,58.925293],[-3.22334,58.93877],[-3.232617,58.955518],[-3.232812,58.989648],[-3.242139,58.999707],[-3.304346,58.967432],[-3.331641,58.97124],[-3.34707,58.986719],[-3.353711,59.01875],[-3.346826,59.06499],[-3.310352,59.130811],[-3.248584,59.143945],[-3.156494,59.136328],[-3.051123,59.099023],[-3.019238,59.076025],[-3.02002,59.057666],[-3.057422,59.029639]]]}},{"type":"Feature","properties":{},"geometry":{"type":"Polygon","coordinates":[[[-6.623193,61.805957],[-6.642773,61.768311],[-6.670166,61.768652],[-6.764258,61.815332],[-6.83916,61.840771],[-6.863965,61.862256],[-6.884766,61.899121],[-6.841797,61.903711],[-6.790771,61.895361],[-6.662109,61.861768],[-6.62583,61.826709],[-6.623193,61.805957]]]}},{"type":"Feature","properties":{},"geometry":{"type":"Polygon","coordinates":[[[-6.699463,61.444629],[-6.679688,61.414307],[-6.703027,61.417676],[-6.770508,61.452246],[-6.888135,61.534766],[-6.929248,61.60293],[-6.934863,61.634326],[-6.905908,61.630811],[-6.881641,61.602783],[-6.77002,61.584375],[-6.740625,61.570508],[-6.741064,61.536377],[-6.703516,61.495947],[-6.699463,61.444629]]]}},{"type":"Feature","properties":{},"geometry":{"type":"Polygon","coordinates":[[[-7.186865,62.139307],[-7.097119,62.100537],[-7.065186,62.073242],[-7.116797,62.046826],[-7.179395,62.040039],[-7.254932,62.046143],[-7.379102,62.074805],[-7.422607,62.140283],[-7.336768,62.138672],[-7.235303,62.151221],[-7.186865,62.139307]]]}},{"type":"Feature","properties":{},"geometry":{"type":"Polygon","coordinates":[[[-6.631055,62.227881],[-6.655811,62.093604],[-6.696436,62.094336],[-6.768896,62.131494],[-6.823437,62.139111],[-6.840527,62.119287],[-6.837695,62.09541],[-6.809473,62.08042],[-6.722559,61.990381],[-6.714404,61.96416],[-6.725195,61.951465],[-6.809717,61.977441],[-7.013574,62.093994],[-7.172168,62.285596],[-6.958643,62.31626],[-6.803662,62.265967],[-6.631055,62.227881]]]}},{"type":"Feature","properties":{},"geometry":{"type":"Polygon","coordinates":[[[-2.729395,59.186768],[-2.815234,59.161914],[-2.851855,59.182471],[-2.861426,59.246826],[-2.96377,59.274365],[-3.013477,59.291455],[-3.052051,59.323877],[-3.042236,59.333838],[-2.975537,59.347119],[-2.861621,59.28833],[-2.815039,59.24082],[-2.730664,59.226758],[-2.719922,59.219482],[-2.729395,59.186768]]]}},{"type":"Feature","properties":{},"geometry":{"type":"Polygon","coordinates":[[[-6.406055,62.258643],[-6.453857,62.186523],[-6.524707,62.197852],[-6.544141,62.205615],[-6.559473,62.224512],[-6.552051,62.278125],[-6.55459,62.355664],[-6.473047,62.291895],[-6.406055,62.258643]]]}},{"type":"Feature","properties":{},"geometry":{"type":"Polygon","coordinates":[[[-6.198682,58.363281],[-6.32583,58.188867],[-6.375586,58.18457],[-6.419287,58.140967],[-6.55459,58.092871],[-6.436523,58.091895],[-6.403369,58.075879],[-6.402441,58.041357],[-6.425195,58.021289],[-6.578125,57.941357],[-6.683301,57.911035],[-6.796582,57.827539],[-6.85376,57.826514],[-6.910352,57.773389],[-6.956934,57.750049],[-6.983105,57.75],[-7.013184,57.761768],[-7.083447,57.81377],[-6.955957,57.864893],[-6.944141,57.893652],[-6.856836,57.923535],[-6.86416,57.932861],[-7.002539,57.974902],[-7.05708,58.003174],[-7.051904,58.017969],[-6.985303,58.050488],[-7.016895,58.054785],[-7.038232,58.072314],[-7.076904,58.079004],[-7.088477,58.095361],[-7.095605,58.138281],[-7.085254,58.182178],[-7.044922,58.201562],[-7.028418,58.222314],[-7.012061,58.228711],[-6.949561,58.217676],[-6.88623,58.182568],[-6.812305,58.196094],[-6.726465,58.189404],[-6.724707,58.197559],[-6.787744,58.283887],[-6.776465,58.301514],[-6.742285,58.321631],[-6.544189,58.383154],[-6.297168,58.486621],[-6.237451,58.502832],[-6.219434,58.488721],[-6.194238,58.435107],[-6.198682,58.363281]]]}},{"type":"Feature","properties":{},"geometry":{"type":"Polygon","coordinates":[[[-6.279053,56.964697],[-6.30874,56.951807],[-6.34624,56.954297],[-6.383398,56.970898],[-6.432617,57.01792],[-6.322363,57.050537],[-6.278223,57.031396],[-6.261279,57.009521],[-6.260547,56.985254],[-6.279053,56.964697]]]}},{"type":"Feature","properties":{},"geometry":{"type":"Polygon","coordinates":[[[-6.144727,57.50498],[-6.146143,57.460791],[-6.16377,57.408838],[-6.14082,57.353662],[-6.135547,57.314258],[-6.093408,57.301709],[-6.067627,57.283545],[-5.880273,57.263232],[-5.706006,57.268945],[-5.672461,57.252686],[-5.668652,57.226904],[-5.696191,57.198437],[-5.79541,57.146533],[-5.91377,57.062646],[-5.949072,57.045166],[-5.987305,57.044434],[-6.014746,57.051953],[-6.034375,57.201221],[-6.162744,57.182129],[-6.266113,57.184326],[-6.322705,57.20249],[-6.362402,57.2375],[-6.442432,57.32749],[-6.675439,57.362891],[-6.741309,57.412451],[-6.761133,57.442383],[-6.752734,57.458936],[-6.704199,57.495752],[-6.643457,57.482617],[-6.605859,57.490674],[-6.583008,57.507129],[-6.583496,57.520654],[-6.615283,57.552734],[-6.616797,57.562695],[-6.378516,57.60332],[-6.357666,57.666797],[-6.305957,57.671973],[-6.246924,57.651221],[-6.166064,57.585303],[-6.144727,57.50498]]]}},{"type":"Feature","properties":{},"geometry":{"type":"Polygon","coordinates":[[[-7.205566,57.682959],[-7.092773,57.62666],[-7.182617,57.533301],[-7.320557,57.53374],[-7.514746,57.601953],[-7.515625,57.615869],[-7.499414,57.636328],[-7.470312,57.652539],[-7.440039,57.656396],[-7.391895,57.645215],[-7.324854,57.663135],[-7.271191,57.657471],[-7.205566,57.682959]]]}},{"type":"Feature","properties":{},"geometry":{"type":"Polygon","coordinates":[[[-7.249854,57.115332],[-7.292041,57.109766],[-7.347412,57.115137],[-7.381494,57.130664],[-7.415918,57.192139],[-7.422363,57.229346],[-7.407031,57.298486],[-7.410547,57.381104],[-7.296387,57.383691],[-7.267139,57.371777],[-7.247559,57.126367],[-7.249854,57.115332]]]}},{"type":"Feature","properties":{},"geometry":{"type":"Polygon","coordinates":[[[-9.948145,53.913379],[-9.952539,53.884619],[-10.026514,53.920313],[-10.062305,53.959766],[-10.26582,53.977734],[-10.181152,54.016992],[-10.139844,54.005273],[-9.996338,54.003369],[-9.956152,53.987354],[-9.948145,53.913379]]]}},{"type":"Feature","properties":{},"geometry":{"type":"Polygon","coordinates":[[[-7.416895,56.96543],[-7.504785,56.95166],[-7.537402,56.959717],[-7.542969,56.972363],[-7.522949,57.006787],[-7.455469,57.018945],[-7.406689,57.000293],[-7.398926,56.98335],[-7.416895,56.96543]]]}},{"type":"Feature","properties":{},"geometry":{"type":"Polygon","coordinates":[[[21.994238,60.33667],[21.921484,60.332275],[21.818652,60.381836],[21.805664,60.401221],[21.845996,60.412451],[21.819336,60.452295],[21.827246,60.469922],[21.906836,60.438477],[21.950293,60.401709],[21.907813,60.393164],[21.979785,60.355225],[21.994238,60.33667]]]}},{"type":"Feature","properties":{},"geometry":{"type":"Polygon","coordinates":[[[19.662305,60.187158],[19.66748,60.164746],[19.629199,60.170361],[19.599805,60.162695],[19.579883,60.135059],[19.536523,60.144971],[19.519043,60.18457],[19.551367,60.243848],[19.628809,60.246094],[19.662305,60.187158]]]}},{"type":"Feature","properties":{},"geometry":{"type":"Polygon","coordinates":[[[19.989551,60.351172],[20.020215,60.350879],[20.033887,60.359326],[20.087402,60.353418],[20.167871,60.314697],[20.184082,60.29375],[20.239551,60.283008],[20.258887,60.261279],[20.194727,60.193555],[20.155078,60.192285],[20.125488,60.200879],[20.073242,60.193457],[20.042578,60.180664],[20.032324,60.15249],[20.033984,60.093555],[19.799805,60.081738],[19.745996,60.098975],[19.672266,60.233008],[19.686914,60.267627],[19.736523,60.282373],[19.779004,60.285547],[19.785254,60.213379],[19.847656,60.220557],[19.867188,60.268115],[19.871582,60.301611],[19.854688,60.318506],[19.812305,60.331592],[19.787793,60.354053],[19.823047,60.390186],[19.888281,60.405811],[19.944531,60.35752],[19.989551,60.351172]]]}},{"type":"Feature","properties":{},"geometry":{"type":"Polygon","coordinates":[[[21.217773,63.241309],[21.228516,63.222656],[21.287109,63.227783],[21.366016,63.261768],[21.421973,63.245898],[21.415625,63.197363],[21.377637,63.199219],[21.367188,63.207227],[21.318457,63.179492],[21.309766,63.162695],[21.253418,63.152002],[21.149316,63.199463],[21.083887,63.277539],[21.236328,63.277734],[21.221777,63.259131],[21.217773,63.241309]]]}},{"type":"Feature","properties":{},"geometry":{"type":"Polygon","coordinates":[[[19.156348,57.922607],[19.138379,57.860254],[19.086523,57.86499],[19.039258,57.911035],[19.134863,57.981348],[19.281152,57.977539],[19.331445,57.962891],[19.156348,57.922607]]]}},{"type":"Feature","properties":{},"geometry":{"type":"Polygon","coordinates":[[[16.528516,56.290527],[16.477148,56.240186],[16.431641,56.24375],[16.40127,56.310889],[16.394141,56.483643],[16.412305,56.568994],[16.630371,56.876855],[16.727734,56.902002],[16.864648,57.090674],[16.901563,57.174609],[16.960938,57.250195],[16.995996,57.317773],[17.025391,57.345068],[17.089258,57.332275],[17.117676,57.319824],[17.050391,57.280469],[17.058203,57.229248],[17.053516,57.208008],[16.883691,56.985205],[16.838281,56.840527],[16.778027,56.805225],[16.528516,56.290527]]]}},{"type":"Feature","properties":{},"geometry":{"type":"Polygon","coordinates":[[[15.087695,55.021875],[15.050781,55.004932],[14.885547,55.032959],[14.68418,55.102246],[14.713672,55.238037],[14.765332,55.296729],[15.132617,55.144531],[15.137109,55.087158],[15.087695,55.021875]]]}},{"type":"Feature","properties":{},"geometry":{"type":"Polygon","coordinates":[[[13.70918,54.382715],[13.73418,54.31543],[13.707324,54.281152],[13.594922,54.338184],[13.482031,54.337402],[13.414551,54.249561],[13.364355,54.24585],[13.190039,54.325635],[13.162109,54.364551],[13.156348,54.396924],[13.18125,54.508984],[13.17666,54.544238],[13.231445,54.582764],[13.239941,54.638428],[13.336816,54.697119],[13.422754,54.699316],[13.450098,54.649609],[13.491211,54.615381],[13.636035,54.577002],[13.657617,54.55957],[13.670703,54.535449],[13.60332,54.488184],[13.580469,54.463965],[13.601855,54.425146],[13.70918,54.382715]]]}},{"type":"Feature","properties":{},"geometry":{"type":"Polygon","coordinates":[[[12.549219,54.965771],[12.511035,54.950879],[12.35752,54.961816],[12.184473,54.89248],[12.118848,54.914404],[12.143652,54.958691],[12.161719,54.974805],[12.219922,54.993604],[12.258789,55.021094],[12.274023,55.064111],[12.310059,55.040918],[12.417188,55.031201],[12.469531,55.01748],[12.513281,54.997314],[12.549219,54.965771]]]}},{"type":"Feature","properties":{},"geometry":{"type":"Polygon","coordinates":[[[12.665723,55.596533],[12.571582,55.554004],[12.550879,55.55625],[12.520313,55.6146],[12.569922,55.650098],[12.599219,55.680225],[12.62002,55.679346],[12.648438,55.646777],[12.665723,55.596533]]]}},{"type":"Feature","properties":{},"geometry":{"type":"Polygon","coordinates":[[[11.361426,54.89165],[11.538379,54.82959],[11.658105,54.833154],[11.739551,54.807422],[11.758984,54.767676],[11.765918,54.679443],[11.680371,54.653711],[11.585938,54.662451],[11.457422,54.628857],[11.035547,54.773096],[11.041699,54.893359],[11.058594,54.940576],[11.258496,54.951807],[11.361426,54.89165]]]}},{"type":"Feature","properties":{},"geometry":{"type":"Polygon","coordinates":[[[10.484375,54.847559],[10.417285,54.837158],[10.340527,54.858936],[10.215625,54.940967],[10.199902,54.962744],[10.265527,54.948828],[10.346973,54.905957],[10.413672,54.896826],[10.504883,54.860547],[10.484375,54.847559]]]}},{"type":"Feature","properties":{},"geometry":{"type":"Polygon","coordinates":[[[10.06123,54.886377],[9.957129,54.872461],[9.903906,54.896631],[9.80625,54.906006],[9.771191,55.059912],[9.78125,55.069043],[9.830371,55.058252],[9.998828,54.986475],[10.057715,54.90791],[10.06123,54.886377]]]}},{"type":"Feature","properties":{},"geometry":{"type":"Polygon","coordinates":[[[10.734082,54.750732],[10.689746,54.745068],[10.629492,54.826074],[10.62168,54.851416],[10.69248,54.903271],[10.738281,54.962012],[10.856738,55.052197],[10.925,55.157861],[10.951074,55.156201],[10.920801,55.062109],[10.765234,54.799658],[10.734082,54.750732]]]}},{"type":"Feature","properties":{},"geometry":{"type":"Polygon","coordinates":[[[10.607324,55.783057],[10.590332,55.765088],[10.526953,55.783789],[10.520313,55.848486],[10.544336,55.906592],[10.516113,55.958545],[10.547168,55.991943],[10.636328,55.91416],[10.661719,55.877588],[10.627344,55.833887],[10.607324,55.783057]]]}},{"type":"Feature","properties":{},"geometry":{"type":"Polygon","coordinates":[[[11.282813,54.417969],[11.129297,54.416016],[11.070703,54.456006],[11.011719,54.466162],[11.043457,54.515479],[11.084961,54.533398],[11.233594,54.50127],[11.280273,54.438379],[11.282813,54.417969]]]}},{"type":"Feature","properties":{},"geometry":{"type":"Polygon","coordinates":[[[11.052148,57.252539],[11.011426,57.229102],[10.873828,57.262256],[10.93457,57.308594],[11.085742,57.329932],[11.174512,57.3229],[11.076855,57.276904],[11.052148,57.252539]]]}},{"type":"Feature","properties":{},"geometry":{"type":"Polygon","coordinates":[[[8.307715,54.786963],[8.284668,54.76709],[8.295703,54.908301],[8.405176,55.05874],[8.451465,55.055371],[8.404102,55.014746],[8.39043,54.986279],[8.371191,54.929395],[8.379883,54.899854],[8.62959,54.891748],[8.600586,54.865381],[8.347363,54.847607],[8.307715,54.786963]]]}},{"type":"Feature","properties":{},"geometry":{"type":"Polygon","coordinates":[[[-1.17832,45.904053],[-1.213574,45.816602],[-1.280273,45.897119],[-1.368701,45.967676],[-1.388867,46.032959],[-1.388672,46.050391],[-1.285059,46.002686],[-1.17832,45.904053]]]}},{"type":"Feature","properties":{},"geometry":{"type":"Polygon","coordinates":[[[-1.065576,50.690234],[-1.149365,50.655713],[-1.17583,50.615234],[-1.196094,50.599219],[-1.251465,50.588818],[-1.306299,50.588525],[-1.515332,50.669775],[-1.563428,50.666113],[-1.515674,50.70332],[-1.38584,50.733545],[-1.312793,50.773486],[-1.144238,50.734717],[-1.065576,50.690234]]]}},{"type":"Feature","properties":{},"geometry":{"type":"Polygon","coordinates":[[[4.886133,53.070703],[4.787109,52.999805],[4.726758,53.019629],[4.70918,53.036035],[4.739844,53.091309],[4.886426,53.183301],[4.886133,53.070703]]]}},{"type":"Feature","properties":{},"geometry":{"type":"Polygon","coordinates":[[[10.395117,42.858154],[10.42832,42.819189],[10.432227,42.796582],[10.409961,42.770996],[10.419336,42.713184],[10.335645,42.761133],[10.208984,42.736914],[10.13125,42.742041],[10.109766,42.785059],[10.127539,42.810303],[10.248242,42.815771],[10.285742,42.828076],[10.358984,42.822314],[10.395117,42.858154]]]}},{"type":"Feature","properties":{},"geometry":{"type":"Polygon","coordinates":[[[8.478906,39.067529],[8.421484,38.968652],[8.360938,39.038672],[8.358594,39.098779],[8.366797,39.115918],[8.440625,39.090625],[8.478906,39.067529]]]}},{"type":"Feature","properties":{},"geometry":{"type":"Polygon","coordinates":[[[8.286035,41.039844],[8.252734,40.994141],[8.205664,40.997461],[8.224023,41.031299],[8.267383,41.099121],[8.320215,41.121875],[8.34375,41.101611],[8.318945,41.062744],[8.286035,41.039844]]]}},{"type":"Feature","properties":{},"geometry":{"type":"Polygon","coordinates":[[[4.293652,39.841846],[4.275293,39.830273],[3.967676,39.94585],[3.867188,39.95874],[3.842676,39.976367],[3.84541,40.036475],[3.853418,40.063037],[4.05918,40.075098],[4.225781,40.032373],[4.315137,39.917236],[4.32207,39.89751],[4.293652,39.841846]]]}},{"type":"Feature","properties":{},"geometry":{"type":"Polygon","coordinates":[[[1.593945,38.67207],[1.571191,38.658838],[1.50498,38.670996],[1.405762,38.670996],[1.401953,38.711426],[1.417188,38.739648],[1.436328,38.768213],[1.496875,38.711914],[1.592676,38.701465],[1.593945,38.67207]]]}},{"type":"Feature","properties":{},"geometry":{"type":"Polygon","coordinates":[[[1.445215,38.918701],[1.408984,38.857275],[1.256934,38.879004],[1.22334,38.903857],[1.25625,38.973389],[1.299805,38.981738],[1.302539,39.031152],[1.348633,39.080811],[1.564453,39.121045],[1.613184,39.087402],[1.623633,39.038818],[1.494531,38.93252],[1.445215,38.918701]]]}},{"type":"Feature","properties":{},"geometry":{"type":"Polygon","coordinates":[[[-31.137109,39.406934],[-31.181348,39.358936],[-31.257617,39.375977],[-31.282959,39.394092],[-31.26084,39.496777],[-31.199854,39.52085],[-31.138623,39.479443],[-31.137109,39.406934]]]}},{"type":"Feature","properties":{},"geometry":{"type":"Polygon","coordinates":[[[-27.075244,38.643457],[-27.095313,38.634033],[-27.302832,38.661035],[-27.361914,38.697852],[-27.385937,38.76582],[-27.351025,38.788965],[-27.259668,38.802686],[-27.127002,38.789844],[-27.041943,38.741211],[-27.041992,38.678906],[-27.075244,38.643457]]]}},{"type":"Feature","properties":{},"geometry":{"type":"Polygon","coordinates":[[[-27.778467,38.555615],[-27.825879,38.543555],[-28.092334,38.620557],[-28.187256,38.655371],[-28.310645,38.743896],[-27.962646,38.636328],[-27.778467,38.555615]]]}},{"type":"Feature","properties":{},"geometry":{"type":"Polygon","coordinates":[[[-28.641309,38.525],[-28.743848,38.522363],[-28.842041,38.598437],[-28.697754,38.638477],[-28.65542,38.614062],[-28.624219,38.586328],[-28.605811,38.550732],[-28.641309,38.525]]]}},{"type":"Feature","properties":{},"geometry":{"type":"Polygon","coordinates":[[[-28.147266,38.452686],[-28.064795,38.412744],[-28.189746,38.40415],[-28.231152,38.384668],[-28.332422,38.412891],[-28.454492,38.408643],[-28.531152,38.462549],[-28.548828,38.518555],[-28.510254,38.553027],[-28.402148,38.553369],[-28.147266,38.452686]]]}},{"type":"Feature","properties":{},"geometry":{"type":"Polygon","coordinates":[[[-25.648975,37.840918],[-25.585498,37.834033],[-25.266602,37.848633],[-25.181934,37.837891],[-25.190723,37.764355],[-25.251123,37.73501],[-25.439014,37.715332],[-25.734473,37.762891],[-25.833691,37.826074],[-25.847852,37.872412],[-25.845898,37.894043],[-25.78374,37.911133],[-25.648975,37.840918]]]}},{"type":"Feature","properties":{},"geometry":{"type":"Polygon","coordinates":[[[14.566211,35.852734],[14.532715,35.820215],[14.436426,35.82168],[14.352344,35.872266],[14.35127,35.978418],[14.44834,35.957422],[14.537012,35.886279],[14.566211,35.852734]]]}},{"type":"Feature","properties":{},"geometry":{"type":"Polygon","coordinates":[[[15.231055,44.062305],[15.24668,44.027051],[15.121875,44.093311],[15.074609,44.137842],[15.06582,44.157666],[15.231055,44.062305]]]}},{"type":"Feature","properties":{},"geometry":{"type":"Polygon","coordinates":[[[14.810254,44.977051],[14.687012,44.955615],[14.62832,44.993945],[14.612988,45.025439],[14.511719,45.0354],[14.450391,45.079199],[14.437891,45.098633],[14.524609,45.146826],[14.571094,45.224756],[14.62998,45.178027],[14.701172,45.090039],[14.73916,45.065479],[14.810254,44.977051]]]}},{"type":"Feature","properties":{},"geometry":{"type":"Polygon","coordinates":[[[14.831445,44.758936],[14.856641,44.714844],[14.7625,44.754639],[14.678223,44.769873],[14.660352,44.799805],[14.672461,44.824365],[14.690527,44.848145],[14.754199,44.844824],[14.76377,44.821387],[14.831445,44.758936]]]}},{"type":"Feature","properties":{},"geometry":{"type":"Polygon","coordinates":[[[15.188477,44.335742],[15.162598,44.30918],[15.097949,44.358154],[15.038574,44.393018],[14.996094,44.434326],[14.912793,44.48584],[14.884668,44.544727],[14.760449,44.664746],[14.741895,44.697363],[14.803809,44.648682],[14.855371,44.618262],[14.898047,44.61084],[15.006445,44.534229],[15.112988,44.435742],[15.239941,44.350195],[15.213574,44.347559],[15.188477,44.335742]]]}},{"type":"Feature","properties":{},"geometry":{"type":"Polygon","coordinates":[[[15.18877,43.922363],[15.203027,43.907715],[15.20166,43.897754],[15.149805,43.911816],[15.13584,43.907275],[14.891309,44.125537],[14.865039,44.167969],[14.952539,44.117188],[15.18877,43.922363]]]}},{"type":"Feature","properties":{},"geometry":{"type":"Polygon","coordinates":[[[15.371387,43.973828],[15.437207,43.899512],[15.374219,43.914795],[15.308594,43.960791],[15.27002,44.010742],[15.371387,43.973828]]]}},{"type":"Feature","properties":{},"geometry":{"type":"Polygon","coordinates":[[[14.488086,44.660059],[14.480371,44.62124],[14.419531,44.670312],[14.388867,44.758301],[14.312402,44.900391],[14.302539,44.94043],[14.342188,44.979932],[14.340039,45.019971],[14.28584,45.144629],[14.33125,45.16499],[14.358203,45.167432],[14.369141,45.080957],[14.39375,45.03125],[14.467383,44.970215],[14.452539,44.869189],[14.467578,44.725342],[14.48252,44.693359],[14.488086,44.660059]]]}},{"type":"Feature","properties":{},"geometry":{"type":"Polygon","coordinates":[[[17.607813,42.769043],[17.744238,42.700342],[17.344141,42.790381],[17.389551,42.798633],[17.431934,42.800391],[17.607813,42.769043]]]}},{"type":"Feature","properties":{},"geometry":{"type":"Polygon","coordinates":[[[20.612305,38.38335],[20.624707,38.267871],[20.695215,38.246191],[20.788867,38.14209],[20.780762,38.088818],[20.761328,38.070557],[20.606152,38.119727],[20.568945,38.097656],[20.523535,38.106641],[20.495508,38.16416],[20.49873,38.184375],[20.47334,38.218799],[20.452148,38.23418],[20.391016,38.188428],[20.352539,38.179883],[20.352246,38.221729],[20.408691,38.336768],[20.435059,38.356201],[20.481445,38.318213],[20.519629,38.332324],[20.54834,38.394531],[20.550293,38.456543],[20.563184,38.474951],[20.612305,38.38335]]]}},{"type":"Feature","properties":{},"geometry":{"type":"Polygon","coordinates":[[[20.888477,37.805371],[20.993945,37.708008],[20.909082,37.732129],[20.818555,37.664746],[20.703809,37.743457],[20.635059,37.823145],[20.619531,37.855029],[20.691504,37.929541],[20.758691,37.852979],[20.839844,37.840723],[20.888477,37.805371]]]}},{"type":"Feature","properties":{},"geometry":{"type":"Polygon","coordinates":[[[20.686719,38.608691],[20.647852,38.600977],[20.614355,38.60625],[20.583984,38.601709],[20.554688,38.582568],[20.55791,38.661865],[20.59248,38.760156],[20.634668,38.817578],[20.694141,38.844238],[20.719629,38.79917],[20.714844,38.63833],[20.686719,38.608691]]]}},{"type":"Feature","properties":{},"geometry":{"type":"Polygon","coordinates":[[[20.758691,38.329443],[20.709277,38.318604],[20.646387,38.414307],[20.623633,38.480322],[20.649707,38.483984],[20.674805,38.476318],[20.70127,38.451416],[20.701074,38.425928],[20.711621,38.398633],[20.73916,38.365771],[20.758691,38.329443]]]}},{"type":"Feature","properties":{},"geometry":{"type":"Polygon","coordinates":[[[20.07793,39.432715],[20.099609,39.376611],[19.975,39.411426],[19.883984,39.461523],[19.808887,39.585303],[19.648926,39.726172],[19.646484,39.76709],[19.707324,39.798096],[19.838574,39.820117],[19.891699,39.797266],[19.926074,39.77373],[19.936816,39.746729],[19.862207,39.692627],[19.84668,39.668115],[19.904102,39.619482],[19.903125,39.6],[19.927344,39.505908],[19.955273,39.47041],[20.027734,39.44209],[20.07793,39.432715]]]}},{"type":"Feature","properties":{},"geometry":{"type":"Polygon","coordinates":[[[23.550977,37.925879],[23.511426,37.901172],[23.466797,37.902393],[23.435254,37.911475],[23.419336,37.93125],[23.439063,37.940674],[23.462207,37.980371],[23.483691,37.991113],[23.515527,37.986035],[23.534863,37.970215],[23.550977,37.925879]]]}},{"type":"Feature","properties":{},"geometry":{"type":"Polygon","coordinates":[[[23.053809,36.189795],[23.042188,36.146387],[22.939453,36.176221],[22.91084,36.220996],[22.905664,36.320312],[22.932617,36.36875],[22.950488,36.383936],[22.997852,36.328125],[23.09707,36.246582],[23.053809,36.189795]]]}},{"type":"Feature","properties":{},"geometry":{"type":"Polygon","coordinates":[[[3.949121,51.739453],[4.046777,51.684912],[4.067578,51.66748],[4.075098,51.648779],[3.950977,51.627051],[3.819043,51.693994],[3.731836,51.678223],[3.699023,51.709912],[3.698535,51.729687],[3.789062,51.746436],[3.949121,51.739453]]]}},{"type":"Feature","properties":{},"geometry":{"type":"Polygon","coordinates":[[[-51.013672,69.55249],[-51.17041,69.517139],[-51.202051,69.525],[-51.233984,69.551855],[-51.314893,69.674072],[-51.338867,69.732031],[-51.318945,69.804053],[-51.350293,69.854785],[-51.208887,69.913916],[-51.09458,69.92417],[-50.940234,69.908691],[-50.679004,69.848535],[-50.6979,69.829053],[-50.754395,69.797656],[-50.911719,69.756689],[-50.967236,69.664258],[-50.977881,69.617822],[-50.97041,69.583008],[-51.013672,69.55249]]]}},{"type":"Feature","properties":{},"geometry":{"type":"Polygon","coordinates":[[[-37.03125,65.531982],[-37.186816,65.531348],[-37.238428,65.609863],[-37.2229,65.695459],[-37.04751,65.722266],[-36.953076,65.66333],[-36.986914,65.575586],[-37.03125,65.531982]]]}},{"type":"Feature","properties":{},"geometry":{"type":"Polygon","coordinates":[[[-53.535205,71.04082],[-53.628809,71.034277],[-53.897559,71.085156],[-53.941162,71.104297],[-53.957812,71.127734],[-53.947461,71.155518],[-53.861865,71.207227],[-53.700977,71.283008],[-53.584473,71.29707],[-53.512354,71.249609],[-53.441406,71.18584],[-53.432129,71.153418],[-53.436914,71.115234],[-53.455469,71.08291],[-53.487793,71.056299],[-53.535205,71.04082]]]}},{"type":"Feature","properties":{},"geometry":{"type":"Polygon","coordinates":[[[-55.016895,72.791113],[-55.158203,72.723291],[-55.273584,72.684326],[-55.523633,72.568408],[-55.566602,72.564355],[-55.634131,72.579443],[-55.686523,72.609912],[-55.781006,72.617236],[-55.813916,72.636475],[-55.827148,72.652148],[-55.869043,72.662109],[-55.935693,72.668359],[-56.042676,72.656445],[-56.140869,72.668457],[-56.214795,72.719189],[-56.078076,72.753223],[-55.993555,72.782275],[-55.666455,72.793701],[-55.574219,72.780371],[-55.51626,72.780713],[-55.42793,72.788623],[-55.234668,72.824805],[-55.205811,72.84165],[-55.033008,72.820508],[-55.016895,72.791113]]]}},{"type":"Feature","properties":{},"geometry":{"type":"Polygon","coordinates":[[[-51.675146,70.855225],[-51.808691,70.852539],[-52.119385,70.870654],[-52.144189,70.882275],[-52.148047,70.904395],[-52.106738,70.968018],[-51.969824,70.976465],[-51.806934,70.94165],[-51.631348,70.892139],[-51.606934,70.868848],[-51.675146,70.855225]]]}},{"type":"Feature","properties":{},"geometry":{"type":"Polygon","coordinates":[[[-46.266699,60.781396],[-46.381543,60.660303],[-46.496338,60.68667],[-46.553125,60.740771],[-46.666211,60.765918],[-46.788086,60.758398],[-46.78999,60.779834],[-46.393896,60.908789],[-46.205225,60.943506],[-46.218604,60.88916],[-46.254492,60.841553],[-46.266699,60.781396]]]}},{"type":"Feature","properties":{},"geometry":{"type":"Polygon","coordinates":[[[-126.09209,49.354004],[-126.064014,49.263623],[-126.186816,49.278125],[-126.229639,49.295654],[-126.231445,49.339062],[-126.208545,49.379785],[-126.115283,49.365039],[-126.09209,49.354004]]]}},{"type":"Feature","properties":{},"geometry":{"type":"Polygon","coordinates":[[[-122.394141,47.395264],[-122.39873,47.37251],[-122.437109,47.354785],[-122.456982,47.359326],[-122.458203,47.386133],[-122.468555,47.390234],[-122.509912,47.358008],[-122.506836,47.42168],[-122.486475,47.48877],[-122.468604,47.48999],[-122.44209,47.446143],[-122.394141,47.395264]]]}},{"type":"Feature","properties":{},"geometry":{"type":"Polygon","coordinates":[[[-122.497266,47.59458],[-122.502637,47.575439],[-122.557812,47.598291],[-122.575928,47.619482],[-122.57373,47.666846],[-122.560107,47.697754],[-122.549756,47.703955],[-122.517236,47.690576],[-122.507861,47.682666],[-122.497266,47.59458]]]}},{"type":"Feature","properties":{},"geometry":{"type":"Polygon","coordinates":[[[-122.782129,48.672705],[-122.768848,48.650977],[-122.808984,48.629834],[-122.837598,48.626562],[-122.883105,48.660645],[-122.903027,48.664697],[-122.887012,48.612305],[-122.892529,48.594482],[-122.985645,48.626709],[-123.002832,48.652197],[-122.97666,48.67915],[-122.918018,48.706982],[-122.897705,48.710352],[-122.782129,48.672705]]]}},{"type":"Feature","properties":{},"geometry":{"type":"Polygon","coordinates":[[[-122.820898,48.431348],[-122.836572,48.421533],[-122.890039,48.434668],[-122.921631,48.456934],[-122.932275,48.484766],[-122.912207,48.537988],[-122.885498,48.551611],[-122.868896,48.548633],[-122.861914,48.501855],[-122.8146,48.452344],[-122.820898,48.431348]]]}},{"type":"Feature","properties":{},"geometry":{"type":"Polygon","coordinates":[[[-123.013135,48.500879],[-122.986768,48.468018],[-123.094434,48.489062],[-123.139941,48.507959],[-123.153418,48.526318],[-123.16958,48.586719],[-123.162158,48.606396],[-123.11416,48.613281],[-123.02417,48.538477],[-123.013135,48.500879]]]}},{"type":"Feature","properties":{},"geometry":{"type":"Polygon","coordinates":[[[-122.572754,48.156641],[-122.523828,48.025439],[-122.502832,48.080078],[-122.366748,47.985449],[-122.366602,47.938818],[-122.383154,47.923193],[-122.411426,47.917725],[-122.437598,47.931348],[-122.461621,47.964014],[-122.492285,47.981299],[-122.55752,47.99248],[-122.591357,48.029639],[-122.603174,48.055029],[-122.606299,48.128564],[-122.622656,48.151416],[-122.657275,48.156494],[-122.690381,48.173877],[-122.741504,48.225293],[-122.74873,48.239014],[-122.724512,48.280908],[-122.668994,48.351025],[-122.628613,48.384229],[-122.603516,48.380615],[-122.572461,48.35957],[-122.535547,48.321191],[-122.542432,48.293994],[-122.692139,48.241064],[-122.697021,48.228662],[-122.624414,48.21377],[-122.597607,48.200439],[-122.572754,48.156641]]]}},{"type":"Feature","properties":{},"geometry":{"type":"Polygon","coordinates":[[[-124.153662,49.531152],[-124.139795,49.510352],[-124.362305,49.588184],[-124.457227,49.634229],[-124.493945,49.66748],[-124.517822,49.686328],[-124.630957,49.735693],[-124.649854,49.75835],[-124.623291,49.775098],[-124.547168,49.764941],[-124.421484,49.727783],[-124.309131,49.667285],[-124.153662,49.531152]]]}},{"type":"Feature","properties":{},"geometry":{"type":"Polygon","coordinates":[[[-123.372363,48.886133],[-123.384814,48.875195],[-123.541016,48.945947],[-123.645605,49.038623],[-123.689258,49.095117],[-123.482324,48.954687],[-123.37793,48.908252],[-123.372363,48.886133]]]}},{"type":"Feature","properties":{},"geometry":{"type":"Polygon","coordinates":[[[-123.4354,48.754443],[-123.477246,48.72876],[-123.499609,48.732178],[-123.517529,48.750146],[-123.582324,48.925781],[-123.554688,48.92207],[-123.467871,48.867383],[-123.487549,48.845703],[-123.422754,48.793359],[-123.406787,48.756055],[-123.4354,48.754443]]]}},{"type":"Feature","properties":{},"geometry":{"type":"Polygon","coordinates":[[[-124.977734,50.02959],[-125.001563,50.020752],[-125.025977,50.134082],[-124.995654,50.175195],[-124.987012,50.19585],[-124.99082,50.217139],[-124.937842,50.165918],[-124.916406,50.131543],[-124.907471,50.083984],[-124.908447,50.071289],[-124.977734,50.02959]]]}},{"type":"Feature","properties":{},"geometry":{"type":"Polygon","coordinates":[[[-126.641211,49.605811],[-126.68042,49.601367],[-126.743408,49.613477],[-126.814209,49.64209],[-126.938574,49.718457],[-126.95127,49.735693],[-126.940039,49.750488],[-126.904883,49.762793],[-126.896875,49.78291],[-126.92583,49.837744],[-126.826074,49.872363],[-126.738135,49.843652],[-126.698145,49.808496],[-126.649902,49.745801],[-126.628174,49.675146],[-126.625781,49.626807],[-126.641211,49.605811]]]}},{"type":"Feature","properties":{},"geometry":{"type":"Polygon","coordinates":[[[-125.184131,50.097119],[-125.195117,50.044336],[-125.25957,50.130029],[-125.358447,50.311523],[-125.345313,50.353955],[-125.301172,50.414062],[-125.260937,50.417822],[-125.195996,50.389746],[-125.139502,50.339697],[-125.126465,50.320264],[-125.091406,50.267773],[-125.074023,50.220654],[-125.112988,50.163477],[-125.184131,50.097119]]]}},{"type":"Feature","properties":{},"geometry":{"type":"Polygon","coordinates":[[[-118.350391,32.827588],[-118.408594,32.818506],[-118.473193,32.838916],[-118.528906,32.935596],[-118.590186,33.011182],[-118.55708,33.032666],[-118.507471,32.959912],[-118.383203,32.849463],[-118.350391,32.827588]]]}},{"type":"Feature","properties":{},"geometry":{"type":"Polygon","coordinates":[[[-118.242773,28.941943],[-118.285498,28.90376],[-118.400098,29.112305],[-118.401367,29.162744],[-118.367822,29.187598],[-118.312305,29.182861],[-118.312061,29.130518],[-118.265527,29.086426],[-118.247363,29.043359],[-118.242773,28.941943]]]}},{"type":"Feature","properties":{},"geometry":{"type":"Polygon","coordinates":[[[-120.043555,33.918848],[-120.113916,33.904883],[-120.167139,33.918066],[-120.251904,34.013867],[-120.071826,34.026514],[-119.994385,33.984912],[-119.983936,33.97334],[-120.043555,33.918848]]]}},{"type":"Feature","properties":{},"geometry":{"type":"Polygon","coordinates":[[[-119.882373,34.079687],[-119.678857,34.028467],[-119.569141,34.052979],[-119.549268,34.028174],[-119.562207,34.006592],[-119.80957,33.967773],[-119.885498,33.994922],[-119.892432,34.032178],[-119.918066,34.067822],[-119.882373,34.079687]]]}},{"type":"Feature","properties":{},"geometry":{"type":"Polygon","coordinates":[[[-118.347949,33.385742],[-118.297461,33.312109],[-118.370215,33.32124],[-118.446289,33.31709],[-118.469336,33.357129],[-118.492041,33.412793],[-118.507324,33.427002],[-118.559424,33.431982],[-118.56333,33.437061],[-118.569434,33.46416],[-118.554834,33.4771],[-118.391699,33.415088],[-118.347949,33.385742]]]}},{"type":"Feature","properties":{},"geometry":{"type":"Polygon","coordinates":[[[-71.365332,41.485254],[-71.393066,41.466748],[-71.403418,41.515039],[-71.383984,41.570557],[-71.364307,41.571826],[-71.354492,41.542285],[-71.365332,41.485254]]]}},{"type":"Feature","properties":{},"geometry":{"type":"Polygon","coordinates":[[[-74.133203,39.680762],[-74.250488,39.529395],[-74.253174,39.558496],[-74.106738,39.746436],[-74.133203,39.680762]]]}},{"type":"Feature","properties":{},"geometry":{"type":"Polygon","coordinates":[[[-74.188135,40.522852],[-74.235889,40.518701],[-74.188184,40.6146],[-74.100488,40.658447],[-74.06875,40.649316],[-74.067383,40.61543],[-74.079687,40.586475],[-74.138525,40.541846],[-74.188135,40.522852]]]}},{"type":"Feature","properties":{},"geometry":{"type":"Polygon","coordinates":[[[-64.730273,32.293457],[-64.820117,32.259619],[-64.845068,32.262305],[-64.862842,32.273877],[-64.771191,32.307715],[-64.694629,32.386914],[-64.668311,32.381934],[-64.730273,32.293457]]]}},{"type":"Feature","properties":{},"geometry":{"type":"Polygon","coordinates":[[[-70.509912,41.376318],[-70.785303,41.327441],[-70.829199,41.358984],[-70.760498,41.373584],[-70.67373,41.448535],[-70.616016,41.457227],[-70.525342,41.414795],[-70.509912,41.376318]]]}},{"type":"Feature","properties":{},"geometry":{"type":"Polygon","coordinates":[[[-71.241406,41.491943],[-71.290918,41.4646],[-71.34624,41.469385],[-71.318164,41.506299],[-71.307471,41.560498],[-71.280176,41.62002],[-71.264453,41.638232],[-71.232031,41.654297],[-71.241406,41.491943]]]}},{"type":"Feature","properties":{},"geometry":{"type":"Polygon","coordinates":[[[-69.97793,41.265576],[-70.055078,41.249463],[-70.233057,41.286328],[-70.086621,41.317578],[-70.062695,41.328467],[-70.043604,41.374414],[-70.041211,41.397461],[-69.985596,41.298633],[-69.97793,41.265576]]]}},{"type":"Feature","properties":{},"geometry":{"type":"Polygon","coordinates":[[[-75.781934,35.190186],[-75.963672,35.118848],[-75.98418,35.123096],[-75.864941,35.174121],[-75.781934,35.190186]]]}},{"type":"Feature","properties":{},"geometry":{"type":"Polygon","coordinates":[[[-75.635693,35.855908],[-75.650781,35.835596],[-75.717187,35.946143],[-75.648877,35.9104],[-75.63667,35.880664],[-75.635693,35.855908]]]}},{"type":"Feature","properties":{},"geometry":{"type":"Polygon","coordinates":[[[-75.333057,37.888281],[-75.378516,37.87207],[-75.225977,38.072314],[-75.137402,38.240088],[-75.0979,38.298096],[-75.13623,38.180518],[-75.203223,38.072412],[-75.333057,37.888281]]]}},{"type":"Feature","properties":{},"geometry":{"type":"Polygon","coordinates":[[[-75.544141,35.240088],[-75.678271,35.212842],[-75.690088,35.221582],[-75.536377,35.278613],[-75.487891,35.479492],[-75.48125,35.572119],[-75.504297,35.7354],[-75.503516,35.769141],[-75.478516,35.716504],[-75.456445,35.56416],[-75.464746,35.448633],[-75.509326,35.280322],[-75.544141,35.240088]]]}},{"type":"Feature","properties":{},"geometry":{"type":"Polygon","coordinates":[[[-76.503662,34.642969],[-76.528564,34.631494],[-76.437012,34.756348],[-76.256201,34.914697],[-76.207373,34.938916],[-76.357715,34.803662],[-76.503662,34.642969]]]}},{"type":"Feature","properties":{},"geometry":{"type":"Polygon","coordinates":[[[-96.764404,28.152588],[-96.801123,28.148438],[-96.755615,28.202441],[-96.681641,28.229687],[-96.519336,28.333447],[-96.453125,28.340576],[-96.418652,28.376318],[-96.403564,28.381592],[-96.41333,28.337793],[-96.543896,28.275586],[-96.764404,28.152588]]]}},{"type":"Feature","properties":{},"geometry":{"type":"Polygon","coordinates":[[[-97.353613,27.300049],[-97.384814,27.242529],[-97.376221,27.328271],[-97.29502,27.523096],[-97.130029,27.77915],[-97.060547,27.822021],[-97.250879,27.541211],[-97.353613,27.300049]]]}},{"type":"Feature","properties":{},"geometry":{"type":"Polygon","coordinates":[[[-95.039697,29.145898],[-95.089648,29.136328],[-94.87168,29.290137],[-94.825977,29.341309],[-94.767627,29.339062],[-94.864941,29.252881],[-95.039697,29.145898]]]}},{"type":"Feature","properties":{},"geometry":{"type":"Polygon","coordinates":[[[-97.170703,26.159375],[-97.184521,26.112939],[-97.267334,26.329785],[-97.4021,26.820508],[-97.407178,27.100195],[-97.385986,27.196484],[-97.351221,26.801465],[-97.202246,26.299805],[-97.170703,26.159375]]]}},{"type":"Feature","properties":{},"geometry":{"type":"Polygon","coordinates":[[[-84.90791,29.642627],[-85.008252,29.606641],[-85.116748,29.632812],[-85.049316,29.637793],[-85.000537,29.627197],[-84.877002,29.678662],[-84.812207,29.717627],[-84.737158,29.732422],[-84.90791,29.642627]]]}},{"type":"Feature","properties":{},"geometry":{"type":"Polygon","coordinates":[[[-81.418994,30.971436],[-81.463477,30.727783],[-81.482715,30.814062],[-81.484619,30.897852],[-81.450928,30.947412],[-81.418994,30.971436]]]}},{"type":"Feature","properties":{},"geometry":{"type":"Polygon","coordinates":[[[-89.223975,30.084082],[-89.220459,30.037598],[-89.269434,30.060742],[-89.341992,30.062842],[-89.310059,30.078711],[-89.287646,30.094189],[-89.276465,30.11084],[-89.184668,30.168652],[-89.210693,30.126221],[-89.223975,30.084082]]]}},{"type":"Feature","properties":{},"geometry":{"type":"Polygon","coordinates":[[[-91.793701,29.500732],[-91.830859,29.486475],[-91.99624,29.573096],[-92.006641,29.610303],[-91.925049,29.643945],[-91.875244,29.640967],[-91.796484,29.596973],[-91.767676,29.584717],[-91.754297,29.566895],[-91.761914,29.539014],[-91.793701,29.500732]]]}},{"type":"Feature","properties":{},"geometry":{"type":"Polygon","coordinates":[[[-88.827441,29.807715],[-88.855664,29.775879],[-88.827979,29.928369],[-88.866895,30.056738],[-88.825879,30.000391],[-88.812598,29.93335],[-88.827441,29.807715]]]}},{"type":"Feature","properties":{},"geometry":{"type":"Polygon","coordinates":[[[-77.657715,24.249463],[-77.656152,24.226562],[-77.755273,24.163477],[-77.683252,24.118457],[-77.615381,24.216357],[-77.561523,24.136816],[-77.532031,23.987646],[-77.536816,23.96167],[-77.531885,23.939404],[-77.521338,23.91084],[-77.51875,23.869434],[-77.57373,23.73916],[-77.771289,23.752539],[-77.775781,23.862354],[-77.806299,23.883545],[-77.852246,24.040381],[-77.914062,24.090918],[-77.999902,24.219824],[-77.950049,24.253076],[-77.883594,24.241992],[-77.849561,24.25752],[-77.757422,24.269922],[-77.701465,24.287549],[-77.657715,24.249463]]]}},{"type":"Feature","properties":{},"geometry":{"type":"Polygon","coordinates":[[[-77.668994,21.951953],[-77.710059,21.921338],[-77.755029,21.965576],[-77.783643,21.97041],[-77.823193,21.987939],[-77.9,22.037158],[-77.918555,22.088086],[-77.854736,22.091943],[-77.774414,22.082959],[-77.633691,22.054004],[-77.645996,21.996484],[-77.668994,21.951953]]]}},{"type":"Feature","properties":{},"geometry":{"type":"Polygon","coordinates":[[[-78.0271,22.285156],[-78.04751,22.268506],[-78.10166,22.305762],[-78.180029,22.321973],[-78.226123,22.37998],[-78.27002,22.402246],[-78.273535,22.423584],[-78.200977,22.437646],[-78.150586,22.431494],[-78.094141,22.387207],[-78.06167,22.305908],[-78.0271,22.285156]]]}},{"type":"Feature","properties":{},"geometry":{"type":"Polygon","coordinates":[[[-78.630127,22.552246],[-78.492871,22.531055],[-78.445312,22.54375],[-78.399561,22.547461],[-78.351221,22.538623],[-78.283887,22.455469],[-78.343018,22.445117],[-78.389941,22.445117],[-78.424561,22.460107],[-78.547656,22.464014],[-78.629004,22.488184],[-78.673633,22.508838],[-78.695508,22.533984],[-78.630127,22.552246]]]}},{"type":"Feature","properties":{},"geometry":{"type":"Polygon","coordinates":[[[-77.225635,25.904199],[-77.246436,25.895459],[-77.333252,25.995605],[-77.403174,26.024707],[-77.293945,26.095508],[-77.246777,26.156348],[-77.247754,26.289062],[-77.221094,26.361768],[-77.230127,26.424707],[-77.206055,26.488965],[-77.238623,26.561133],[-77.329932,26.618359],[-77.510596,26.845996],[-77.795996,26.90127],[-77.94375,26.903564],[-77.862549,26.940088],[-77.787549,26.935645],[-77.672119,26.913916],[-77.533887,26.903418],[-77.449414,26.836426],[-77.36875,26.747607],[-77.295898,26.71167],[-77.265918,26.688818],[-77.269287,26.663037],[-77.257178,26.638818],[-77.162109,26.597266],[-77.066357,26.530176],[-77.038281,26.333447],[-77.167285,26.240332],[-77.191016,25.955469],[-77.225635,25.904199]]]}},{"type":"Feature","properties":{},"geometry":{"type":"Polygon","coordinates":[[[-74.05752,22.723486],[-74.034766,22.705566],[-74.098584,22.66543],[-74.242236,22.715088],[-74.274609,22.71167],[-74.303125,22.764453],[-74.313965,22.803564],[-74.307031,22.8396],[-74.221484,22.811572],[-74.175391,22.759912],[-74.05752,22.723486]]]}},{"type":"Feature","properties":{},"geometry":{"type":"Polygon","coordinates":[[[-74.429443,24.068066],[-74.508691,23.959717],[-74.550928,23.968945],[-74.526904,24.105078],[-74.472021,24.12666],[-74.450488,24.125488],[-74.429443,24.068066]]]}},{"type":"Feature","properties":{},"geometry":{"type":"Polygon","coordinates":[[[-73.026855,21.192383],[-73.05874,21.119043],[-73.164551,20.97915],[-73.400781,20.943896],[-73.661035,20.937402],[-73.681152,20.975586],[-73.686816,21.009131],[-73.667822,21.061572],[-73.66958,21.082227],[-73.680371,21.10332],[-73.585059,21.125928],[-73.523096,21.19082],[-73.424512,21.201758],[-73.301562,21.156152],[-73.235352,21.154492],[-73.137305,21.204785],[-73.058496,21.313379],[-73.01167,21.299512],[-73.026855,21.192383]]]}},{"type":"Feature","properties":{},"geometry":{"type":"Polygon","coordinates":[[[-74.206738,22.21377],[-74.276904,22.183691],[-74.261328,22.235547],[-74.126758,22.323389],[-74.052344,22.400635],[-74.010059,22.427979],[-73.994971,22.449219],[-73.935986,22.477734],[-73.906396,22.527441],[-73.914551,22.568018],[-73.976367,22.635059],[-73.975488,22.682275],[-73.954199,22.715527],[-73.849951,22.731055],[-73.87749,22.680762],[-73.836523,22.538428],[-73.974609,22.361182],[-74.09292,22.30625],[-74.206738,22.21377]]]}},{"type":"Feature","properties":{},"geometry":{"type":"Polygon","coordinates":[[[-76.648828,25.487402],[-76.484229,25.374609],[-76.343799,25.332031],[-76.191992,25.19082],[-76.126611,25.140527],[-76.114941,25.094727],[-76.140527,24.885645],[-76.174658,24.759766],[-76.169531,24.649414],[-76.205176,24.68208],[-76.241211,24.754346],[-76.300293,24.795898],[-76.319971,24.817676],[-76.21377,24.822461],[-76.204346,24.93623],[-76.152539,25.025977],[-76.1604,25.119336],[-76.284326,25.222119],[-76.369287,25.312598],[-76.499902,25.341553],[-76.620703,25.431641],[-76.692773,25.442725],[-76.780664,25.426855],[-76.748926,25.480566],[-76.726953,25.551611],[-76.71084,25.564893],[-76.648828,25.487402]]]}},{"type":"Feature","properties":{},"geometry":{"type":"Polygon","coordinates":[[[-75.664551,23.450146],[-75.706348,23.444238],[-75.781006,23.470654],[-75.955957,23.592285],[-76.037109,23.602783],[-76.010449,23.671387],[-75.948633,23.647412],[-75.80752,23.542529],[-75.754248,23.48999],[-75.664551,23.450146]]]}},{"type":"Feature","properties":{},"geometry":{"type":"Polygon","coordinates":[[[-74.840479,22.894336],[-74.846875,22.868701],[-74.97334,23.068555],[-75.132129,23.11709],[-75.22334,23.165332],[-75.204395,23.192725],[-75.141113,23.204639],[-75.130566,23.26792],[-75.157568,23.336377],[-75.24126,23.474609],[-75.288232,23.568262],[-75.309814,23.589844],[-75.315967,23.668359],[-75.216602,23.546777],[-75.175293,23.438672],[-75.108789,23.332813],[-75.064209,23.150195],[-74.937109,23.088135],[-74.845605,22.999902],[-74.840479,22.894336]]]}},{"type":"Feature","properties":{},"geometry":{"type":"Polygon","coordinates":[[[-75.308398,24.2],[-75.301758,24.14917],[-75.36875,24.159473],[-75.467627,24.1396],[-75.503223,24.139062],[-75.481055,24.173877],[-75.412402,24.220947],[-75.408936,24.265771],[-75.493896,24.33042],[-75.592773,24.49126],[-75.639062,24.529395],[-75.661035,24.589844],[-75.743994,24.654687],[-75.72666,24.689355],[-75.709619,24.69751],[-75.653516,24.680859],[-75.526465,24.449512],[-75.518164,24.427344],[-75.308398,24.2]]]}},{"type":"Feature","properties":{},"geometry":{"type":"Polygon","coordinates":[[[-77.879395,22.127539],[-77.912354,22.124707],[-78.011914,22.166406],[-78.04165,22.20127],[-78.006689,22.247998],[-77.999219,22.29873],[-77.985645,22.3021],[-77.96958,22.240674],[-77.893652,22.214551],[-77.889111,22.201074],[-77.84248,22.148975],[-77.879395,22.127539]]]}},{"type":"Feature","properties":{},"geometry":{"type":"Polygon","coordinates":[[[-82.037207,26.453613],[-82.072852,26.427539],[-82.144971,26.44668],[-82.184375,26.480957],[-82.201367,26.548047],[-82.138574,26.477002],[-82.116064,26.460938],[-82.037207,26.453613]]]}},{"type":"Feature","properties":{},"geometry":{"type":"Polygon","coordinates":[[[-77.743848,24.707422],[-77.746045,24.586328],[-77.735107,24.495752],[-77.745215,24.463477],[-77.853418,24.40293],[-77.881201,24.369092],[-77.983203,24.334961],[-78.044922,24.287451],[-78.07583,24.364648],[-78.135742,24.412354],[-78.145801,24.493457],[-78.191602,24.466064],[-78.257617,24.482764],[-78.366504,24.544189],[-78.435303,24.627588],[-78.338916,24.642041],[-78.318994,24.590234],[-78.242725,24.653809],[-78.260059,24.687305],[-78.273828,24.691602],[-78.298828,24.753906],[-78.184082,24.91709],[-78.159326,25.022363],[-78.211377,25.19126],[-78.162793,25.202344],[-78.033301,25.143115],[-77.975293,25.084814],[-77.973389,25.004785],[-77.918945,24.942822],[-77.840137,24.794385],[-77.743848,24.707422]]]}},{"type":"Feature","properties":{},"geometry":{"type":"Polygon","coordinates":[[[-81.566699,24.599902],[-81.631494,24.590039],[-81.579248,24.629395],[-81.562305,24.68916],[-81.531641,24.64248],[-81.532227,24.61416],[-81.566699,24.599902]]]}},{"type":"Feature","properties":{},"geometry":{"type":"Polygon","coordinates":[[[-80.186768,27.278418],[-80.170508,27.204785],[-80.262451,27.375586],[-80.376074,27.643408],[-80.436914,27.850537],[-80.395752,27.794531],[-80.355518,27.678613],[-80.186768,27.278418]]]}},{"type":"Feature","properties":{},"geometry":{"type":"Polygon","coordinates":[[[-82.561768,21.57168],[-82.654834,21.518652],[-82.853174,21.443896],[-82.959619,21.441309],[-83.067285,21.469385],[-83.141504,21.531885],[-83.183789,21.593457],[-83.180225,21.623047],[-83.112939,21.573682],[-83.054883,21.549414],[-83.007227,21.565576],[-82.973584,21.592285],[-83.08252,21.791406],[-83.077734,21.833496],[-82.991211,21.942725],[-82.755762,21.909521],[-82.714551,21.890283],[-82.681836,21.821143],[-82.629395,21.766895],[-82.567822,21.621826],[-82.561768,21.57168]]]}},{"type":"Feature","properties":{},"geometry":{"type":"Polygon","coordinates":[[[-82.083789,26.552344],[-82.085205,26.493604],[-82.135596,26.591992],[-82.169141,26.700732],[-82.121143,26.665527],[-82.083789,26.552344]]]}},{"type":"Feature","properties":{},"geometry":{"type":"Polygon","coordinates":[[[-79.349561,22.663916],[-79.3479,22.637695],[-79.522754,22.711133],[-79.597852,22.787646],[-79.628174,22.805225],[-79.57915,22.806738],[-79.382178,22.681348],[-79.349561,22.663916]]]}},{"type":"Feature","properties":{},"geometry":{"type":"Polygon","coordinates":[[[-78.492871,26.729053],[-78.371729,26.697949],[-78.306836,26.702197],[-78.26792,26.722656],[-78.088672,26.714307],[-77.943945,26.744238],[-77.922461,26.691113],[-77.926123,26.663379],[-78.233887,26.637354],[-78.516211,26.559375],[-78.670947,26.506543],[-78.743652,26.500684],[-78.799219,26.528467],[-78.985645,26.689502],[-78.935791,26.673437],[-78.798047,26.582422],[-78.7125,26.599023],[-78.633252,26.65918],[-78.621143,26.704639],[-78.632959,26.726172],[-78.597119,26.797949],[-78.492871,26.729053]]]}},{"type":"Feature","properties":{},"geometry":{"type":"Polygon","coordinates":[[[-80.381836,25.142285],[-80.580566,24.954248],[-80.558545,25.001318],[-80.481055,25.101953],[-80.456006,25.149316],[-80.403662,25.179346],[-80.354932,25.233643],[-80.35127,25.296973],[-80.280469,25.34126],[-80.25708,25.347607],[-80.381836,25.142285]]]}},{"type":"Feature","properties":{},"geometry":{"type":"Polygon","coordinates":[[[-87.950586,17.924951],[-87.998096,17.906348],[-87.959033,17.964014],[-87.95332,18.001074],[-87.89834,18.154932],[-87.858936,18.154053],[-87.848535,18.140381],[-87.950586,17.924951]]]}},{"type":"Feature","properties":{},"geometry":{"type":"Polygon","coordinates":[[[-87.85293,17.422852],[-87.92998,17.283008],[-87.934863,17.322949],[-87.902832,17.426465],[-87.859424,17.462793],[-87.83252,17.501074],[-87.826416,17.546289],[-87.788623,17.524219],[-87.798145,17.47959],[-87.85293,17.422852]]]}},{"type":"Feature","properties":{},"geometry":{"type":"Polygon","coordinates":[[[-91.683691,18.677344],[-91.796143,18.654199],[-91.816113,18.675879],[-91.589111,18.778027],[-91.550293,18.773682],[-91.536719,18.76001],[-91.654248,18.711475],[-91.683691,18.677344]]]}},{"type":"Feature","properties":{},"geometry":{"type":"Polygon","coordinates":[[[-82.233496,9.380713],[-82.244434,9.334082],[-82.321729,9.418115],[-82.275781,9.431885],[-82.259424,9.430273],[-82.233496,9.380713]]]}},{"type":"Feature","properties":{},"geometry":{"type":"Polygon","coordinates":[[[-81.369531,19.348877],[-81.337256,19.329492],[-81.296484,19.341357],[-81.284814,19.362549],[-81.130469,19.346777],[-81.107129,19.305176],[-81.224609,19.304102],[-81.277295,19.277393],[-81.303711,19.271875],[-81.404785,19.278418],[-81.419092,19.374756],[-81.391016,19.384912],[-81.369531,19.348877]]]}},{"type":"Feature","properties":{},"geometry":{"type":"Polygon","coordinates":[[[-86.939648,20.30332],[-86.991406,20.272168],[-87.019434,20.382324],[-86.977979,20.489795],[-86.927832,20.551514],[-86.828564,20.558789],[-86.763281,20.579053],[-86.755029,20.551758],[-86.808789,20.468457],[-86.939648,20.30332]]]}},{"type":"Feature","properties":{},"geometry":{"type":"Polygon","coordinates":[[[-62.630664,17.23999],[-62.656494,17.224414],[-62.702002,17.286035],[-62.775537,17.302832],[-62.838916,17.339258],[-62.840479,17.34707],[-62.839404,17.365332],[-62.827051,17.386426],[-62.794629,17.402588],[-62.713721,17.353271],[-62.675781,17.290918],[-62.640527,17.262305],[-62.630664,17.23999]]]}},{"type":"Feature","properties":{},"geometry":{"type":"Polygon","coordinates":[[[-60.895215,13.821973],[-60.951416,13.717578],[-61.060645,13.783105],[-61.073145,13.865576],[-61.063574,13.915576],[-60.99668,14.010937],[-60.94458,14.072852],[-60.908105,14.093359],[-60.886768,14.011133],[-60.895215,13.821973]]]}},{"type":"Feature","properties":{},"geometry":{"type":"Polygon","coordinates":[[[-60.82627,14.494482],[-60.836621,14.437402],[-60.862109,14.42627],[-60.899414,14.473779],[-61.063721,14.46709],[-61.088867,14.50957],[-61.090332,14.529687],[-61.011328,14.601904],[-61.104297,14.62124],[-61.141113,14.652393],[-61.219727,14.804395],[-61.21333,14.848584],[-61.180811,14.871924],[-61.127393,14.875293],[-61.0271,14.826172],[-60.952539,14.75625],[-60.927148,14.755176],[-60.918652,14.735352],[-60.933691,14.686182],[-60.88916,14.644531],[-60.869971,14.613721],[-60.82627,14.494482]]]}},{"type":"Feature","properties":{},"geometry":{"type":"Polygon","coordinates":[[[-61.012109,10.134326],[-61.174268,10.078027],[-61.59668,10.064648],[-61.77168,10.085059],[-61.906104,10.069141],[-61.661475,10.191699],[-61.632715,10.243408],[-61.528857,10.253125],[-61.499316,10.268555],[-61.464746,10.538965],[-61.478271,10.603369],[-61.498828,10.638867],[-61.540918,10.664453],[-61.635303,10.699365],[-61.651172,10.718066],[-61.591846,10.747949],[-61.464844,10.764453],[-61.37002,10.796826],[-61.17373,10.80332],[-61.078516,10.831934],[-60.917627,10.840234],[-60.996729,10.716162],[-61.03374,10.669873],[-61.019336,10.558105],[-61.0375,10.482275],[-61.016406,10.386377],[-60.968457,10.323389],[-60.999609,10.261475],[-61.004102,10.167822],[-61.012109,10.134326]]]}},{"type":"Feature","properties":{},"geometry":{"type":"Polygon","coordinates":[[[-68.205811,12.14458],[-68.254346,12.03208],[-68.282227,12.082275],[-68.287256,12.171729],[-68.307129,12.206738],[-68.348437,12.228076],[-68.371094,12.25752],[-68.369238,12.301953],[-68.219482,12.23125],[-68.205811,12.14458]]]}},{"type":"Feature","properties":{},"geometry":{"type":"Polygon","coordinates":[[[-60.756299,11.178516],[-60.810645,11.168604],[-60.804297,11.208398],[-60.708936,11.277246],[-60.562793,11.323535],[-60.525488,11.325391],[-60.546484,11.263721],[-60.756299,11.178516]]]}},{"type":"Feature","properties":{},"geometry":{"type":"Polygon","coordinates":[[[-62.148438,16.740332],[-62.154248,16.681201],[-62.221631,16.699512],[-62.223047,16.751562],[-62.191357,16.804395],[-62.175781,16.80957],[-62.148438,16.740332]]]}},{"type":"Feature","properties":{},"geometry":{"type":"Polygon","coordinates":[[[-59.493311,13.081982],[-59.521875,13.062207],[-59.611328,13.1021],[-59.642773,13.150293],[-59.64668,13.303125],[-59.591602,13.317676],[-59.487891,13.196826],[-59.427637,13.152783],[-59.493311,13.081982]]]}},{"type":"Feature","properties":{},"geometry":{"type":"Polygon","coordinates":[[[-63.849365,11.131006],[-63.817285,11.000342],[-63.8271,10.97583],[-63.917627,10.887549],[-63.993555,10.881201],[-64.054688,10.884326],[-64.101172,10.901416],[-64.160889,10.958789],[-64.218945,10.941602],[-64.3625,10.961523],[-64.402344,10.981592],[-64.348633,11.051904],[-64.249756,11.080322],[-64.213672,11.086133],[-64.184814,11.042969],[-64.112793,11.005664],[-64.02832,11.001855],[-64.007324,11.068457],[-63.893115,11.167236],[-63.849365,11.131006]]]}},{"type":"Feature","properties":{},"geometry":{"type":"Polygon","coordinates":[[[-63.001221,18.221777],[-63.16001,18.171387],[-63.15332,18.200293],[-63.026025,18.269727],[-62.97959,18.264795],[-63.001221,18.221777]]]}},{"type":"Feature","properties":{},"geometry":{"type":"Polygon","coordinates":[[[-61.71543,12.012646],[-61.78208,12.008203],[-61.755957,12.045703],[-61.749658,12.108545],[-61.715039,12.185059],[-61.660449,12.237305],[-61.606787,12.223389],[-61.6271,12.054199],[-61.71543,12.012646]]]}},{"type":"Feature","properties":{},"geometry":{"type":"Polygon","coordinates":[[[-61.747119,17.574951],[-61.762012,17.548682],[-61.843799,17.596143],[-61.86875,17.685449],[-61.866162,17.704297],[-61.852441,17.714062],[-61.819922,17.696875],[-61.776758,17.690479],[-61.749609,17.661328],[-61.747119,17.574951]]]}},{"type":"Feature","properties":{},"geometry":{"type":"Polygon","coordinates":[[[-61.230469,15.889941],[-61.28623,15.886035],[-61.310742,15.894678],[-61.318408,15.954883],[-61.275293,15.99624],[-61.25,16.006299],[-61.212354,15.959912],[-61.203418,15.92124],[-61.230469,15.889941]]]}},{"type":"Feature","properties":{},"geometry":{"type":"Polygon","coordinates":[[[-61.716064,17.037012],[-61.748145,16.997168],[-61.859668,17.01333],[-61.882031,17.063135],[-61.887109,17.098145],[-61.817285,17.168945],[-61.738574,17.138477],[-61.708203,17.105078],[-61.686035,17.098438],[-61.686475,17.069824],[-61.694971,17.048926],[-61.716064,17.037012]]]}},{"type":"Feature","properties":{},"geometry":{"type":"Polygon","coordinates":[[[-61.281689,15.249023],[-61.375391,15.227295],[-61.415723,15.399854],[-61.481152,15.525146],[-61.469922,15.603467],[-61.458105,15.633105],[-61.32002,15.585059],[-61.277246,15.526709],[-61.251074,15.373145],[-61.281689,15.249023]]]}},{"type":"Feature","properties":{},"geometry":{"type":"Polygon","coordinates":[[[-61.327148,16.23042],[-61.444824,16.219287],[-61.522168,16.228027],[-61.53999,16.299609],[-61.500586,16.360205],[-61.528906,16.433789],[-61.510645,16.477686],[-61.471191,16.506641],[-61.406445,16.468311],[-61.396143,16.413428],[-61.355469,16.363184],[-61.172607,16.256104],[-61.327148,16.23042]]]}},{"type":"Feature","properties":{},"geometry":{"type":"Polygon","coordinates":[[[-61.589551,16.006934],[-61.670459,15.962061],[-61.710254,15.975928],[-61.759424,16.062061],[-61.794092,16.300977],[-61.767139,16.340479],[-61.748047,16.355273],[-61.641504,16.325977],[-61.597021,16.292187],[-61.552344,16.270898],[-61.575049,16.227148],[-61.563867,16.047754],[-61.589551,16.006934]]]}},{"type":"Feature","properties":{},"geometry":{"type":"Polygon","coordinates":[[[-61.174512,13.158105],[-61.203906,13.142285],[-61.277295,13.20957],[-61.268457,13.287695],[-61.224072,13.330664],[-61.182129,13.355957],[-61.138965,13.35874],[-61.124023,13.294043],[-61.134521,13.202881],[-61.174512,13.158105]]]}},{"type":"Feature","properties":{},"geometry":{"type":"Polygon","coordinates":[[[-73.041016,22.429053],[-72.978955,22.4146],[-72.945215,22.415625],[-72.830762,22.385596],[-72.762598,22.344385],[-72.747266,22.327393],[-72.783887,22.290625],[-72.88916,22.360254],[-72.981055,22.369238],[-73.110205,22.367578],[-73.161914,22.380713],[-73.127393,22.455322],[-73.041016,22.429053]]]}},{"type":"Feature","properties":{},"geometry":{"type":"Polygon","coordinates":[[[-68.751074,12.059766],[-68.80332,12.045459],[-68.995117,12.141846],[-69.153809,12.298437],[-69.158887,12.380273],[-69.118457,12.373242],[-69.076758,12.342041],[-69.013135,12.231348],[-68.827393,12.158545],[-68.751074,12.059766]]]}},{"type":"Feature","properties":{},"geometry":{"type":"Polygon","coordinates":[[[-71.661426,21.765234],[-71.665381,21.751709],[-71.721777,21.790234],[-71.83042,21.790625],[-71.847656,21.843457],[-71.806152,21.8521],[-71.668359,21.833447],[-71.636914,21.787549],[-71.661426,21.765234]]]}},{"type":"Feature","properties":{},"geometry":{"type":"Polygon","coordinates":[[[-72.916113,21.506689],[-73.049316,21.457617],[-73.062695,21.515332],[-72.994775,21.561621],[-72.916113,21.506689]]]}},{"type":"Feature","properties":{},"geometry":{"type":"Polygon","coordinates":[[[-71.879932,21.84043],[-71.897461,21.829883],[-71.955469,21.864404],[-71.96377,21.892041],[-71.984521,21.893408],[-72.019043,21.918262],[-72.010645,21.950439],[-71.931543,21.951904],[-71.899609,21.8625],[-71.879932,21.84043]]]}},{"type":"Feature","properties":{},"geometry":{"type":"Polygon","coordinates":[[[-72.332812,21.851367],[-72.218652,21.796289],[-72.149805,21.804492],[-72.144336,21.792725],[-72.181543,21.780029],[-72.190674,21.769775],[-72.300879,21.755225],[-72.335449,21.758008],[-72.342383,21.795312],[-72.332812,21.851367]]]}},{"type":"Feature","properties":{},"geometry":{"type":"Polygon","coordinates":[[[-160.918994,58.5771],[-160.992383,58.561035],[-161.070264,58.569141],[-161.131494,58.668213],[-161.08457,58.671289],[-160.98623,58.736426],[-160.768604,58.789209],[-160.715137,58.795215],[-160.918994,58.5771]]]}},{"type":"Feature","properties":{},"geometry":{"type":"Polygon","coordinates":[[[-153.00708,57.124854],[-153.134229,57.092578],[-153.156836,57.093945],[-153.2354,57.028613],[-153.29541,57.000439],[-153.374609,57.051904],[-153.354346,57.131934],[-153.285205,57.185059],[-152.935449,57.167334],[-152.908398,57.152441],[-152.907764,57.139746],[-152.933447,57.129248],[-153.00708,57.124854]]]}},{"type":"Feature","properties":{},"geometry":{"type":"Polygon","coordinates":[[[-152.020752,60.361719],[-152.069043,60.358057],[-152.004492,60.407422],[-151.959717,60.50376],[-151.899414,60.490381],[-151.887305,60.472705],[-151.986914,60.373975],[-152.020752,60.361719]]]}},{"type":"Feature","properties":{},"geometry":{"type":"Polygon","coordinates":[[[-152.486084,58.48501],[-152.515527,58.478613],[-152.588623,58.509229],[-152.636621,58.541699],[-152.604883,58.566406],[-152.463184,58.618506],[-152.395508,58.619385],[-152.36792,58.611084],[-152.356836,58.594971],[-152.362256,58.57085],[-152.392822,58.540869],[-152.486084,58.48501]]]}},{"type":"Feature","properties":{},"geometry":{"type":"Polygon","coordinates":[[[-153.240625,57.850098],[-153.268555,57.822363],[-153.294971,57.829492],[-153.35083,57.861963],[-153.465039,57.909375],[-153.51709,57.941895],[-153.520068,57.955762],[-153.481055,57.971045],[-153.346973,57.932812],[-153.290039,57.8979],[-153.240625,57.850098]]]}},{"type":"Feature","properties":{},"geometry":{"type":"Polygon","coordinates":[[[-155.566016,55.821191],[-155.604883,55.789551],[-155.680615,55.791846],[-155.723193,55.802197],[-155.737354,55.829785],[-155.620605,55.913086],[-155.593945,55.924316],[-155.573242,55.921094],[-155.563916,55.88667],[-155.566016,55.821191]]]}},{"type":"Feature","properties":{},"geometry":{"type":"Polygon","coordinates":[[[-154.682813,56.435791],[-154.751221,56.412158],[-154.773926,56.420264],[-154.777148,56.439893],[-154.760938,56.471143],[-154.729346,56.502148],[-154.62373,56.561328],[-154.517529,56.600537],[-154.463379,56.598193],[-154.444873,56.573193],[-154.511182,56.521436],[-154.682813,56.435791]]]}},{"type":"Feature","properties":{},"geometry":{"type":"Polygon","coordinates":[[[-154.208643,56.514893],[-154.257812,56.512695],[-154.332129,56.539014],[-154.322217,56.570605],[-154.216748,56.60874],[-154.1104,56.60293],[-154.102246,56.581641],[-154.107178,56.557812],[-154.115967,56.543896],[-154.149805,56.52959],[-154.208643,56.514893]]]}},{"type":"Feature","properties":{},"geometry":{"type":"Polygon","coordinates":[[[-146.393945,60.449658],[-146.37168,60.422168],[-146.179541,60.42876],[-146.124268,60.423926],[-146.102246,60.411182],[-146.128271,60.392529],[-146.202393,60.368018],[-146.419189,60.325049],[-146.595313,60.268457],[-146.618311,60.273682],[-146.650439,60.335645],[-146.683008,60.360693],[-146.702881,60.395605],[-146.702539,60.408545],[-146.670264,60.432617],[-146.605908,60.467822],[-146.560303,60.480566],[-146.393945,60.449658]]]}},{"type":"Feature","properties":{},"geometry":{"type":"Polygon","coordinates":[[[-145.118506,60.337109],[-145.150488,60.312646],[-145.237646,60.321338],[-145.284277,60.336816],[-145.128125,60.401123],[-145.102441,60.388232],[-145.118506,60.337109]]]}},{"type":"Feature","properties":{},"geometry":{"type":"Polygon","coordinates":[[[-144.565625,59.818408],[-144.613574,59.812646],[-144.541553,59.878223],[-144.444922,59.950684],[-144.353955,59.996191],[-144.235742,60.015186],[-144.248975,59.982129],[-144.403223,59.921094],[-144.565625,59.818408]]]}},{"type":"Feature","properties":{},"geometry":{"type":"Polygon","coordinates":[[[-147.735889,59.813232],[-147.846338,59.798828],[-147.872461,59.828369],[-147.814355,59.901953],[-147.768066,59.94375],[-147.733643,59.953613],[-147.606689,60.036621],[-147.46582,60.097021],[-147.336523,60.185352],[-147.205225,60.311328],[-147.180859,60.358252],[-147.12002,60.363086],[-147.019873,60.332227],[-146.957861,60.288867],[-146.986719,60.254346],[-147.318457,60.075293],[-147.346338,60.051953],[-147.376514,59.991162],[-147.403809,59.969971],[-147.447559,59.960254],[-147.479395,59.933691],[-147.499316,59.890186],[-147.540234,59.867529],[-147.602051,59.865576],[-147.644922,59.853613],[-147.66875,59.831543],[-147.735889,59.813232]]]}},{"type":"Feature","properties":{},"geometry":{"type":"Polygon","coordinates":[[[-148.021777,60.065332],[-148.07417,60.034717],[-148.271875,60.053271],[-148.230664,60.113525],[-148.07959,60.15166],[-147.914209,60.092334],[-148.021777,60.065332]]]}},{"type":"Feature","properties":{},"geometry":{"type":"Polygon","coordinates":[[[-147.658252,60.450488],[-147.658691,60.424121],[-147.690039,60.398877],[-147.659961,60.35249],[-147.712012,60.272754],[-147.732129,60.22207],[-147.759912,60.190234],[-147.787842,60.17793],[-147.81582,60.185156],[-147.82168,60.202734],[-147.805273,60.230664],[-147.871338,60.229785],[-147.891455,60.299414],[-147.854883,60.321436],[-147.841699,60.35127],[-147.837598,60.371289],[-147.794531,60.459863],[-147.77915,60.466064],[-147.77417,60.444971],[-147.760205,60.43877],[-147.737305,60.447412],[-147.702979,60.486816],[-147.688574,60.491406],[-147.658252,60.450488]]]}},{"type":"Feature","properties":{},"geometry":{"type":"Polygon","coordinates":[[[-147.930713,60.826172],[-148.057422,60.81792],[-148.11543,60.830615],[-148.123779,60.844336],[-148.099707,60.894824],[-148.10166,60.916113],[-148.037744,60.924121],[-147.964404,60.900146],[-147.943115,60.875391],[-147.930713,60.826172]]]}},{"type":"Feature","properties":{},"geometry":{"type":"Polygon","coordinates":[[[-132.862256,54.894434],[-132.837744,54.880957],[-132.812891,54.89043],[-132.772314,54.926074],[-132.700635,54.919043],[-132.648877,54.90708],[-132.617236,54.892432],[-132.634033,54.840479],[-132.646973,54.756152],[-132.67666,54.726221],[-132.705811,54.68418],[-132.807275,54.709131],[-132.8896,54.762646],[-133.008936,54.854834],[-133.075391,54.921338],[-133.080566,54.949414],[-133.122705,54.969824],[-133.204639,55.084473],[-133.251172,55.175146],[-133.324854,55.185498],[-133.417969,55.210693],[-133.453809,55.260352],[-133.429053,55.303809],[-133.296582,55.325732],[-133.097412,55.213721],[-133.06709,55.166211],[-132.995752,55.110596],[-132.982178,55.033008],[-132.945996,55.002588],[-132.862256,54.894434]]]}},{"type":"Feature","properties":{},"geometry":{"type":"Polygon","coordinates":[[[-133.9896,56.844971],[-133.924805,56.775684],[-133.830859,56.781299],[-133.778125,56.728906],[-133.738379,56.650439],[-133.767285,56.600098],[-133.809033,56.611328],[-133.855273,56.582178],[-133.883594,56.485498],[-133.870459,56.388672],[-133.884619,56.292139],[-133.938525,56.193652],[-133.949707,56.127734],[-133.970801,56.10791],[-133.993994,56.101123],[-134.024023,56.118994],[-134.06748,56.133008],[-134.122412,56.077393],[-134.1896,56.076953],[-134.245068,56.203271],[-134.195459,56.413525],[-134.084375,56.456348],[-134.150488,56.513477],[-134.290234,56.580029],[-134.278369,56.61709],[-134.384424,56.724023],[-134.390625,56.749463],[-134.373682,56.838672],[-134.274414,56.918164],[-134.143262,56.932324],[-134.051807,56.898291],[-134.000586,56.869189],[-133.9896,56.844971]]]}},{"type":"Feature","properties":{},"geometry":{"type":"Polygon","coordinates":[[[-133.305078,55.54375],[-133.283203,55.515625],[-133.281689,55.497852],[-133.426465,55.431445],[-133.429102,55.417725],[-133.463086,55.37666],[-133.493457,55.36167],[-133.547363,55.317236],[-133.650195,55.269287],[-133.63501,55.41333],[-133.737109,55.496924],[-133.634229,55.539258],[-133.566699,55.527197],[-133.454785,55.522314],[-133.345557,55.559082],[-133.305078,55.54375]]]}},{"type":"Feature","properties":{},"geometry":{"type":"Polygon","coordinates":[[[-131.339746,55.079834],[-131.237451,54.949512],[-131.232031,54.90376],[-131.329541,54.887744],[-131.406201,54.894287],[-131.445703,54.909326],[-131.456104,54.930566],[-131.431348,54.996484],[-131.481738,55.035254],[-131.540039,55.048486],[-131.592236,55.025684],[-131.595117,55.090723],[-131.556006,55.137402],[-131.577832,55.20083],[-131.578467,55.248779],[-131.56543,55.264111],[-131.512646,55.262744],[-131.404639,55.21333],[-131.339746,55.079834]]]}},{"type":"Feature","properties":{},"geometry":{"type":"Polygon","coordinates":[[[-132.746875,56.525684],[-132.757617,56.511035],[-132.884717,56.512451],[-132.930811,56.524463],[-132.948047,56.567236],[-132.93623,56.606836],[-132.906543,56.637402],[-132.870654,56.696387],[-132.842529,56.794775],[-132.655859,56.684717],[-132.598682,56.635742],[-132.567969,56.57583],[-132.634229,56.553467],[-132.714453,56.542529],[-132.746875,56.525684]]]}},{"type":"Feature","properties":{},"geometry":{"type":"Polygon","coordinates":[[[-132.112354,56.109375],[-132.132959,55.943262],[-132.172607,55.952637],[-132.210303,55.952979],[-132.287305,55.929395],[-132.368604,55.939746],[-132.406592,55.958203],[-132.420605,55.979541],[-132.406055,56.028857],[-132.451172,56.056348],[-132.602979,56.066406],[-132.659912,56.078174],[-132.691357,56.130078],[-132.699023,56.198193],[-132.675195,56.223633],[-132.59873,56.24165],[-132.539014,56.32417],[-132.505957,56.335254],[-132.379834,56.498779],[-132.316504,56.4875],[-132.205615,56.387939],[-132.066895,56.244238],[-132.112354,56.109375]]]}},{"type":"Feature","properties":{},"geometry":{"type":"Polygon","coordinates":[[[-132.779883,56.247266],[-132.830957,56.244141],[-132.891455,56.259424],[-133.03501,56.340918],[-133.037646,56.364844],[-133.01709,56.391992],[-132.935498,56.441797],[-132.902051,56.45376],[-132.706055,56.448486],[-132.643359,56.435156],[-132.629102,56.411914],[-132.632275,56.388281],[-132.652832,56.364355],[-132.657568,56.339307],[-132.646582,56.313184],[-132.669385,56.287305],[-132.779883,56.247266]]]}},{"type":"Feature","properties":{},"geometry":{"type":"Polygon","coordinates":[[[-134.312744,58.228906],[-134.319873,58.204102],[-134.45625,58.206543],[-134.593994,58.243115],[-134.661572,58.290918],[-134.647998,58.312402],[-134.519971,58.33252],[-134.398877,58.287207],[-134.312744,58.228906]]]}},{"type":"Feature","properties":{},"geometry":{"type":"Polygon","coordinates":[[[-128.936865,52.51001],[-128.968701,52.464258],[-129.102344,52.574365],[-129.151025,52.605322],[-129.250488,52.722168],[-129.267773,52.772363],[-129.263525,52.800781],[-129.245947,52.81123],[-129.215039,52.803857],[-129.186182,52.79126],[-128.993994,52.661719],[-128.940332,52.600732],[-128.936865,52.51001]]]}},{"type":"Feature","properties":{},"geometry":{"type":"Polygon","coordinates":[[[-130.927148,54.479053],[-130.950293,54.477783],[-130.959033,54.498682],[-130.953467,54.541846],[-130.921777,54.614893],[-130.906836,54.631787],[-130.777051,54.618896],[-130.758008,54.61377],[-130.753418,54.599707],[-130.763379,54.576709],[-130.805127,54.543799],[-130.927148,54.479053]]]}},{"type":"Feature","properties":{},"geometry":{"type":"Polygon","coordinates":[[[-131.029297,51.961621],[-131.047266,51.959717],[-131.080518,51.98042],[-131.103418,52.013867],[-131.117334,52.101025],[-131.107129,52.136572],[-131.098096,52.150635],[-131.010645,52.095264],[-131.029297,51.961621]]]}},{"type":"Feature","properties":{},"geometry":{"type":"Polygon","coordinates":[[[-130.236279,53.958545],[-130.267236,53.922607],[-130.337549,53.86626],[-130.384229,53.843945],[-130.407227,53.855518],[-130.470264,53.861768],[-130.5375,53.917871],[-130.589844,53.940283],[-130.624609,53.941406],[-130.641846,53.921143],[-130.646289,53.894043],[-130.637891,53.86001],[-130.643701,53.844531],[-130.663574,53.847559],[-130.683447,53.863477],[-130.703174,53.892236],[-130.707275,53.921484],[-130.695703,53.95127],[-130.646924,53.99126],[-130.494629,54.07417],[-130.447998,54.089014],[-130.397314,54.085693],[-130.315869,54.046924],[-130.298486,54.035645],[-130.236279,53.958545]]]}},{"type":"Feature","properties":{},"geometry":{"type":"Polygon","coordinates":[[[-129.848584,53.16792],[-129.868555,53.164502],[-129.934375,53.17666],[-130.151416,53.345703],[-130.305664,53.407373],[-130.410742,53.49082],[-130.517578,53.544238],[-130.452002,53.631152],[-130.394824,53.62041],[-130.19502,53.549658],[-130.0354,53.481104],[-129.944727,53.436377],[-129.754834,53.244775],[-129.768945,53.217285],[-129.848584,53.16792]]]}},{"type":"Feature","properties":{},"geometry":{"type":"Polygon","coordinates":[[[-127.924658,51.473877],[-127.94126,51.457178],[-127.98125,51.457227],[-128.044531,51.474023],[-128.091797,51.511133],[-128.148779,51.626709],[-128.142383,51.646582],[-128.122754,51.666797],[-128.031738,51.708398],[-127.998682,51.703809],[-127.986816,51.673584],[-127.93252,51.605469],[-127.916357,51.585449],[-127.916309,51.506201],[-127.924658,51.473877]]]}},{"type":"Feature","properties":{},"geometry":{"type":"Polygon","coordinates":[[[-128.36875,52.400879],[-128.44541,52.3875],[-128.419873,52.441113],[-128.4125,52.472852],[-128.42627,52.502734],[-128.435937,52.560352],[-128.439795,52.696387],[-128.364893,52.781885],[-128.247266,52.784375],[-128.248437,52.741211],[-128.298145,52.548242],[-128.323779,52.458984],[-128.343555,52.426074],[-128.36875,52.400879]]]}},{"type":"Feature","properties":{},"geometry":{"type":"Polygon","coordinates":[[[-129.313721,52.992188],[-129.328711,52.984229],[-129.37002,52.997607],[-129.409717,53.02373],[-129.477783,53.097754],[-129.500146,53.128906],[-129.514746,53.179395],[-129.501074,53.18833],[-129.471436,53.183008],[-129.450732,53.174707],[-129.343506,53.052783],[-129.313721,52.992188]]]}},{"type":"Feature","properties":{},"geometry":{"type":"Polygon","coordinates":[[[-129.167725,53.117871],[-129.173242,53.110742],[-129.276855,53.110937],[-129.305713,53.121143],[-129.323877,53.142139],[-129.33125,53.173975],[-129.314355,53.212305],[-129.253076,53.285498],[-129.251172,53.316699],[-129.238184,53.330078],[-129.195215,53.293213],[-129.177002,53.259131],[-129.167725,53.117871]]]}},{"type":"Feature","properties":{},"geometry":{"type":"Polygon","coordinates":[[[-139.043115,69.576904],[-139.125732,69.539307],[-139.256982,69.578564],[-139.291406,69.597852],[-139.1396,69.649609],[-139.072656,69.647656],[-138.931543,69.616943],[-138.878857,69.589697],[-139.043115,69.576904]]]}},{"type":"Feature","properties":{},"geometry":{"type":"Polygon","coordinates":[[[-60.9979,8.867334],[-61.059961,8.847021],[-61.069189,8.947314],[-61.050488,8.974365],[-60.944775,9.055029],[-60.91582,9.070312],[-60.89458,9.053369],[-60.899902,9.031885],[-60.84917,8.995703],[-60.861426,8.949609],[-60.916406,8.899268],[-60.9979,8.867334]]]}},{"type":"Feature","properties":{},"geometry":{"type":"Polygon","coordinates":[[[-80.131592,-2.973145],[-80.150684,-3.011719],[-80.245703,-3.008301],[-80.272949,-2.995898],[-80.272168,-2.951758],[-80.249805,-2.811914],[-80.223682,-2.753125],[-80.145703,-2.696289],[-80.080762,-2.668848],[-79.997266,-2.673828],[-79.909033,-2.725586],[-80.013232,-2.819531],[-80.071191,-2.833789],[-80.093408,-2.845898],[-80.131592,-2.973145]]]}},{"type":"Feature","properties":{},"geometry":{"type":"Polygon","coordinates":[[[-51.83252,-1.433789],[-51.938379,-1.452637],[-51.802051,-1.202539],[-51.680029,-1.086133],[-51.678271,-0.855078],[-51.546045,-0.649609],[-51.424463,-0.565918],[-51.254004,-0.541406],[-51.160742,-0.666699],[-51.276318,-1.021777],[-51.310107,-1.023828],[-51.465137,-1.211133],[-51.637695,-1.341895],[-51.83252,-1.433789]]]}},{"type":"Feature","properties":{},"geometry":{"type":"Polygon","coordinates":[[[-79.06543,8.254199],[-79.110352,8.209814],[-79.127539,8.251855],[-79.096289,8.29541],[-79.085303,8.295801],[-79.06543,8.254199]]]}},{"type":"Feature","properties":{},"geometry":{"type":"Polygon","coordinates":[[[-78.909229,1.252783],[-78.965625,1.245361],[-78.991699,1.293213],[-78.923242,1.348926],[-78.899805,1.359766],[-78.909229,1.252783]]]}},{"type":"Feature","properties":{},"geometry":{"type":"Polygon","coordinates":[[[-78.113721,2.541748],[-78.14082,2.519678],[-78.19248,2.559277],[-78.210107,2.60918],[-78.178418,2.646338],[-78.137646,2.63418],[-78.119141,2.603613],[-78.113721,2.541748]]]}},{"type":"Feature","properties":{},"geometry":{"type":"Polygon","coordinates":[[[-60.821191,9.138379],[-60.941406,9.105566],[-60.939453,9.132324],[-60.907275,9.178711],[-60.844873,9.191797],[-60.821387,9.207666],[-60.781592,9.218359],[-60.758887,9.216455],[-60.73584,9.20332],[-60.790381,9.177197],[-60.821191,9.138379]]]}},{"type":"Feature","properties":{},"geometry":{"type":"Polygon","coordinates":[[[-44.499316,-2.939648],[-44.597754,-3.037598],[-44.565332,-2.923926],[-44.581885,-2.845605],[-44.569092,-2.784961],[-44.501953,-2.72627],[-44.481445,-2.717578],[-44.487305,-2.789746],[-44.482568,-2.811914],[-44.499316,-2.939648]]]}},{"type":"Feature","properties":{},"geometry":{"type":"Polygon","coordinates":[[[-38.743848,-13.09707],[-38.783008,-13.118652],[-38.786963,-13.055078],[-38.684863,-12.974902],[-38.668115,-12.880176],[-38.614551,-12.924023],[-38.600293,-12.972461],[-38.601172,-12.992578],[-38.743848,-13.09707]]]}},{"type":"Feature","properties":{},"geometry":{"type":"Polygon","coordinates":[[[-38.903564,-13.473438],[-38.937891,-13.532324],[-38.977588,-13.523535],[-38.993213,-13.484082],[-39.022168,-13.445605],[-39.006592,-13.415527],[-38.980127,-13.398438],[-38.907129,-13.401074],[-38.903564,-13.473438]]]}},{"type":"Feature","properties":{},"geometry":{"type":"Polygon","coordinates":[[[-44.883105,-1.317871],[-44.947119,-1.366016],[-44.967871,-1.39082],[-45.02085,-1.372363],[-45.01123,-1.344727],[-44.995605,-1.347559],[-44.978662,-1.267285],[-44.888281,-1.276855],[-44.883105,-1.317871]]]}},{"type":"Feature","properties":{},"geometry":{"type":"Polygon","coordinates":[[[-49.738232,0.268164],[-49.697266,0.215967],[-49.838965,0.006885],[-49.91709,-0.023193],[-50.00249,-0.029297],[-50.113135,0.033008],[-50.285596,0.028564],[-50.339453,0.043359],[-50.345117,0.134473],[-50.272656,0.231738],[-50.127979,0.226514],[-49.879004,0.304541],[-49.738232,0.268164]]]}},{"type":"Feature","properties":{},"geometry":{"type":"Polygon","coordinates":[[[-50.298975,1.938525],[-50.398779,1.892871],[-50.456104,1.910498],[-50.508984,2.029541],[-50.491016,2.128613],[-50.41875,2.161475],[-50.362646,2.154443],[-50.341992,2.141748],[-50.29209,1.97959],[-50.298975,1.938525]]]}},{"type":"Feature","properties":{},"geometry":{"type":"Polygon","coordinates":[[[-50.652881,-0.131641],[-50.926367,-0.327344],[-51.018994,-0.263086],[-51.038086,-0.225879],[-51.022363,-0.188379],[-51.025732,-0.172363],[-50.995068,-0.105273],[-50.842187,-0.050195],[-50.765283,-0.040869],[-50.666992,-0.058008],[-50.650586,-0.105859],[-50.652881,-0.131641]]]}},{"type":"Feature","properties":{},"geometry":{"type":"Polygon","coordinates":[[[-49.443896,-0.112402],[-49.708838,-0.14375],[-49.830078,-0.093896],[-49.802686,-0.051855],[-49.712305,0.015137],[-49.602197,0.062695],[-49.503467,0.083691],[-49.400488,0.057227],[-49.372314,0.001074],[-49.380859,-0.055469],[-49.443896,-0.112402]]]}},{"type":"Feature","properties":{},"geometry":{"type":"Polygon","coordinates":[[[-50.426123,0.139258],[-50.443945,-0.007666],[-50.623926,0.054395],[-50.610449,0.204785],[-50.526221,0.246924],[-50.451562,0.326904],[-50.426074,0.424951],[-50.424561,0.558252],[-50.396875,0.581396],[-50.372754,0.590869],[-50.350977,0.581738],[-50.342529,0.381592],[-50.332275,0.259033],[-50.426123,0.139258]]]}},{"type":"Feature","properties":{},"geometry":{"type":"Polygon","coordinates":[[[-50.15293,0.393018],[-50.261328,0.35918],[-50.281543,0.39082],[-50.281689,0.516504],[-50.251172,0.585449],[-50.112793,0.604736],[-50.098633,0.625],[-50.058838,0.638037],[-50.036816,0.594824],[-50.040039,0.522803],[-50.15293,0.393018]]]}},{"type":"Feature","properties":{},"geometry":{"type":"Polygon","coordinates":[[[-90.334863,-0.771582],[-90.387109,-0.77334],[-90.542139,-0.676465],[-90.531689,-0.581445],[-90.469727,-0.517383],[-90.269385,-0.484668],[-90.185303,-0.544824],[-90.192725,-0.658789],[-90.261084,-0.741992],[-90.31543,-0.757227],[-90.334863,-0.771582]]]}},{"type":"Feature","properties":{},"geometry":{"type":"Polygon","coordinates":[[[-89.418896,-0.911035],[-89.536621,-0.952344],[-89.577295,-0.933789],[-89.602637,-0.913477],[-89.608594,-0.888574],[-89.543457,-0.826855],[-89.479932,-0.793359],[-89.423145,-0.722266],[-89.318408,-0.680078],[-89.287842,-0.689844],[-89.267432,-0.70459],[-89.259375,-0.728418],[-89.294873,-0.785938],[-89.35835,-0.826074],[-89.418896,-0.911035]]]}},{"type":"Feature","properties":{},"geometry":{"type":"Polygon","coordinates":[[[-81.603271,7.332812],[-81.658105,7.327539],[-81.770117,7.370361],[-81.852051,7.45332],[-81.858594,7.480176],[-81.856934,7.507666],[-81.812158,7.592383],[-81.752295,7.621631],[-81.72876,7.621191],[-81.671436,7.523438],[-81.710449,7.485547],[-81.694727,7.425],[-81.613428,7.380176],[-81.603271,7.332812]]]}},{"type":"Feature","properties":{},"geometry":{"type":"Polygon","coordinates":[[[-91.425977,-0.46084],[-91.526367,-0.478223],[-91.610742,-0.443945],[-91.646582,-0.39082],[-91.65415,-0.310938],[-91.64668,-0.284473],[-91.460156,-0.255664],[-91.399365,-0.322461],[-91.399951,-0.420898],[-91.425977,-0.46084]]]}},{"type":"Feature","properties":{},"geometry":{"type":"Polygon","coordinates":[[[-90.423926,-1.339941],[-90.464404,-1.341992],[-90.519531,-1.299121],[-90.477197,-1.220996],[-90.431982,-1.239844],[-90.39873,-1.262305],[-90.37915,-1.292285],[-90.423926,-1.339941]]]}},{"type":"Feature","properties":{},"geometry":{"type":"Polygon","coordinates":[[[-91.272168,0.025146],[-91.210059,-0.039307],[-91.176221,-0.223047],[-90.975537,-0.416895],[-90.950635,-0.525195],[-90.968457,-0.575586],[-90.958936,-0.595313],[-90.862549,-0.671777],[-90.799658,-0.752051],[-90.905518,-0.940527],[-91.131055,-1.019629],[-91.371533,-1.016992],[-91.419043,-0.99668],[-91.483545,-0.924609],[-91.49541,-0.860938],[-91.458301,-0.799512],[-91.334082,-0.70625],[-91.144678,-0.622852],[-91.120947,-0.559082],[-91.197021,-0.496973],[-91.249512,-0.373633],[-91.369189,-0.287207],[-91.428857,-0.023389],[-91.468701,-0.010303],[-91.55,-0.04668],[-91.590088,-0.014795],[-91.596826,0.0021],[-91.50918,0.062256],[-91.491016,0.105176],[-91.361377,0.12583],[-91.305762,0.091406],[-91.272168,0.025146]]]}},{"type":"Feature","properties":{},"geometry":{"type":"Polygon","coordinates":[[[-90.573926,-0.333984],[-90.620459,-0.364258],[-90.809033,-0.329395],[-90.867773,-0.271387],[-90.820361,-0.192188],[-90.780371,-0.160449],[-90.667529,-0.189844],[-90.55332,-0.278418],[-90.573926,-0.333984]]]}},{"type":"Feature","properties":{},"geometry":{"type":"Polygon","coordinates":[[[-109.27998,-27.14043],[-109.434131,-27.171289],[-109.42915,-27.116211],[-109.390479,-27.068359],[-109.276465,-27.095898],[-109.222852,-27.101074],[-109.27998,-27.14043]]]}},{"type":"Feature","properties":{},"geometry":{"type":"Polygon","coordinates":[[[-106.502246,21.61084],[-106.531348,21.528516],[-106.607031,21.561475],[-106.63418,21.613135],[-106.639355,21.697852],[-106.597363,21.712158],[-106.536426,21.676367],[-106.523828,21.652344],[-106.502246,21.61084]]]}},{"type":"Feature","properties":{},"geometry":{"type":"Polygon","coordinates":[[[-110.914453,18.741455],[-110.974805,18.720361],[-111.063672,18.781641],[-111.039941,18.830127],[-110.989404,18.863135],[-110.94209,18.801709],[-110.914453,18.741455]]]}},{"type":"Feature","properties":{},"geometry":{"type":"Polygon","coordinates":[[[-110.567383,25.003467],[-110.538867,24.891553],[-110.590186,24.908057],[-110.657422,24.968848],[-110.703418,25.046631],[-110.699268,25.081445],[-110.690234,25.087842],[-110.595215,25.042139],[-110.567383,25.003467]]]}},{"type":"Feature","properties":{},"geometry":{"type":"Polygon","coordinates":[[[-109.805078,24.151074],[-109.826758,24.147559],[-109.87793,24.200635],[-109.900488,24.330908],[-109.890332,24.344824],[-109.793799,24.183398],[-109.795605,24.163574],[-109.805078,24.151074]]]}},{"type":"Feature","properties":{},"geometry":{"type":"Polygon","coordinates":[[[-113.155615,29.052246],[-113.162793,29.034766],[-113.264746,29.096729],[-113.496338,29.307617],[-113.580615,29.413232],[-113.594385,29.462695],[-113.587207,29.573047],[-113.507959,29.559912],[-113.415918,29.485937],[-113.37583,29.41748],[-113.373828,29.338916],[-113.202148,29.301855],[-113.17793,29.131934],[-113.155615,29.052246]]]}},{"type":"Feature","properties":{},"geometry":{"type":"Polygon","coordinates":[[[-114.694141,31.705615],[-114.727246,31.701367],[-114.789209,31.747412],[-114.78457,31.789795],[-114.771094,31.794092],[-114.709082,31.756885],[-114.687939,31.724219],[-114.694141,31.705615]]]}},{"type":"Feature","properties":{},"geometry":{"type":"Polygon","coordinates":[[[-115.170605,28.069385],[-115.184277,28.037256],[-115.35293,28.103955],[-115.2604,28.220557],[-115.273975,28.342773],[-115.233545,28.368359],[-115.196973,28.327881],[-115.148535,28.172119],[-115.170605,28.069385]]]}},{"type":"Feature","properties":{},"geometry":{"type":"Polygon","coordinates":[[[-111.698877,24.393604],[-111.712305,24.346387],[-112.013281,24.533398],[-111.940869,24.551123],[-111.856836,24.537988],[-111.698877,24.393604]]]}},{"type":"Feature","properties":{},"geometry":{"type":"Polygon","coordinates":[[[-111.100293,26.020605],[-111.087744,25.984521],[-111.094434,25.974072],[-111.135254,25.99917],[-111.204492,25.849707],[-111.224658,25.835889],[-111.18291,26.040625],[-111.139258,26.069824],[-111.090869,26.075684],[-111.100293,26.020605]]]}},{"type":"Feature","properties":{},"geometry":{"type":"Polygon","coordinates":[[[-112.203076,29.005322],[-112.278418,28.769336],[-112.355273,28.773145],[-112.514062,28.847607],[-112.531006,28.893994],[-112.469824,29.167725],[-112.423535,29.203662],[-112.285059,29.24043],[-112.263428,29.206787],[-112.24873,29.125977],[-112.203076,29.005322]]]}},{"type":"Feature","properties":{},"geometry":{"type":"Polygon","coordinates":[[[-112.057275,24.545703],[-112.077344,24.53457],[-112.162891,24.650293],[-112.175488,24.72959],[-112.210498,24.763135],[-112.296777,24.789648],[-112.222314,24.951123],[-112.159424,25.285645],[-112.131689,25.224365],[-112.198389,24.885449],[-112.19502,24.841064],[-112.16377,24.799658],[-112.130225,24.72959],[-112.12627,24.654004],[-112.06748,24.583643],[-112.057275,24.545703]]]}},{"type":"Feature","properties":{},"geometry":{"type":"Polygon","coordinates":[[[166.979492,-45.179688],[167.022656,-45.299805],[166.931152,-45.276855],[166.892676,-45.240527],[166.962695,-45.180371],[166.979492,-45.179688]]]}},{"type":"Feature","properties":{},"geometry":{"type":"Polygon","coordinates":[[[124.316211,10.606006],[124.288477,10.601465],[124.334668,10.706689],[124.371094,10.691357],[124.382324,10.679834],[124.381348,10.632568],[124.316211,10.606006]]]}},{"type":"Feature","properties":{},"geometry":{"type":"Polygon","coordinates":[[[125.280762,9.982178],[125.287695,9.932715],[125.158984,10.062939],[125.133008,10.155029],[125.175879,10.151074],[125.230957,10.115674],[125.280762,9.982178]]]}},{"type":"Feature","properties":{},"geometry":{"type":"Polygon","coordinates":[[[122.937109,7.409131],[122.948047,7.385742],[122.943652,7.361035],[122.839551,7.3146],[122.804688,7.315967],[122.796582,7.393359],[122.822168,7.428467],[122.871191,7.397314],[122.914844,7.433398],[122.937109,7.409131]]]}},{"type":"Feature","properties":{},"geometry":{"type":"Polygon","coordinates":[[[125.78457,6.962744],[125.768945,6.905762],[125.70752,7.03999],[125.683008,7.073193],[125.714453,7.185547],[125.783398,7.130664],[125.78457,6.962744]]]}},{"type":"Feature","properties":{},"geometry":{"type":"Polygon","coordinates":[[[125.970508,9.593555],[125.952441,9.567969],[125.92207,9.621484],[125.948535,9.739209],[125.967773,9.759082],[125.992969,9.68457],[125.970508,9.593555]]]}},{"type":"Feature","properties":{},"geometry":{"type":"Polygon","coordinates":[[[124.608398,11.492188],[124.483496,11.48584],[124.428809,11.531738],[124.360352,11.665918],[124.437402,11.69502],[124.510938,11.687109],[124.564941,11.639697],[124.622266,11.549561],[124.608398,11.492188]]]}},{"type":"Feature","properties":{},"geometry":{"type":"Polygon","coordinates":[[[124.854395,11.594775],[124.835938,11.543311],[124.806641,11.557568],[124.781055,11.580762],[124.743652,11.658545],[124.730859,11.715332],[124.788379,11.683105],[124.821484,11.626611],[124.854395,11.594775]]]}},{"type":"Feature","properties":{},"geometry":{"type":"Polygon","coordinates":[[[134.819531,-6.43418],[134.795117,-6.442383],[134.795313,-6.393066],[134.822949,-6.349609],[134.851855,-6.324609],[134.88584,-6.323535],[134.819531,-6.43418]]]}},{"type":"Feature","properties":{},"geometry":{"type":"Polygon","coordinates":[[[134.674414,-6.749805],[134.657422,-6.765332],[134.631445,-6.73291],[134.629102,-6.712793],[134.663477,-6.657715],[134.697656,-6.625684],[134.735742,-6.62334],[134.726074,-6.668652],[134.674414,-6.749805]]]}},{"type":"Feature","properties":{},"geometry":{"type":"Polygon","coordinates":[[[127.987891,-2.936523],[127.937695,-3.02002],[127.849609,-3.016309],[127.834277,-3.004395],[127.938379,-2.952344],[127.987891,-2.936523]]]}},{"type":"Feature","properties":{},"geometry":{"type":"Polygon","coordinates":[[[127.60625,-3.315137],[127.629297,-3.35918],[127.531055,-3.331348],[127.487695,-3.288184],[127.530469,-3.261523],[127.554492,-3.254297],[127.60625,-3.315137]]]}},{"type":"Feature","properties":{},"geometry":{"type":"Polygon","coordinates":[[[124.05127,-5.97373],[124.04209,-6.021582],[124.005664,-5.966699],[123.972266,-5.939355],[123.975781,-5.880176],[124.022949,-5.902148],[124.05127,-5.97373]]]}},{"type":"Feature","properties":{},"geometry":{"type":"Polygon","coordinates":[[[123.626758,-5.271582],[123.622754,-5.373047],[123.582617,-5.367383],[123.550098,-5.331836],[123.540918,-5.29834],[123.542773,-5.271094],[123.560645,-5.249805],[123.626758,-5.271582]]]}},{"type":"Feature","properties":{},"geometry":{"type":"Polygon","coordinates":[[[120.774414,-7.118945],[120.672363,-7.124707],[120.64082,-7.11582],[120.633398,-7.018262],[120.745508,-7.060156],[120.781738,-7.063086],[120.774414,-7.118945]]]}},{"type":"Feature","properties":{},"geometry":{"type":"Polygon","coordinates":[[[122.977344,-8.545215],[122.945508,-8.604004],[122.887793,-8.587305],[122.903516,-8.530664],[122.932813,-8.49707],[123.010547,-8.44834],[123.089453,-8.439844],[123.137891,-8.456934],[123.153125,-8.475781],[123.030078,-8.494824],[122.977344,-8.545215]]]}},{"type":"Feature","properties":{},"geometry":{"type":"Polygon","coordinates":[[[117.556348,-8.367285],[117.533594,-8.367969],[117.49043,-8.34873],[117.505957,-8.307031],[117.482129,-8.239258],[117.490527,-8.183398],[117.546094,-8.151953],[117.665039,-8.148242],[117.669238,-8.189258],[117.556348,-8.367285]]]}},{"type":"Feature","properties":{},"geometry":{"type":"Polygon","coordinates":[[[70.020703,66.502197],[69.844727,66.489746],[69.651367,66.565332],[69.469336,66.715967],[69.502734,66.751074],[69.616406,66.739014],[69.800391,66.736475],[69.917578,66.71167],[70.07666,66.695898],[70.057617,66.627197],[70.057227,66.599463],[70.110059,66.569092],[70.05918,66.517578],[70.020703,66.502197]]]}},{"type":"Feature","properties":{},"geometry":{"type":"Polygon","coordinates":[[[96.853906,76.19917],[96.797852,76.188428],[96.754492,76.195752],[96.739355,76.206934],[96.740234,76.257861],[96.83291,76.32417],[96.835254,76.344824],[96.87793,76.355225],[96.990234,76.343408],[97.045313,76.315381],[97.053027,76.302588],[96.974219,76.236523],[96.853906,76.19917]]]}},{"type":"Feature","properties":{},"geometry":{"type":"Polygon","coordinates":[[[100.135938,79.614209],[99.91543,79.601611],[99.942285,79.671436],[99.955762,79.690332],[100.068359,79.701025],[100.141504,79.683691],[100.300293,79.670264],[100.135938,79.614209]]]}},{"type":"Feature","properties":{},"geometry":{"type":"Polygon","coordinates":[[[161.46709,68.900977],[161.422461,68.899658],[161.45625,68.966016],[161.461133,68.995605],[161.364063,69.044434],[161.18252,69.081592],[161.136523,69.110254],[161.125488,69.197021],[161.164551,69.333594],[161.082813,69.405664],[161.110742,69.469824],[161.32334,69.540918],[161.409766,69.595703],[161.505176,69.639453],[161.520703,69.634033],[161.617773,69.592432],[161.609277,69.500928],[161.540332,69.436523],[161.374414,69.413672],[161.350879,69.369336],[161.372656,69.292822],[161.377539,69.194434],[161.394238,69.106445],[161.494727,69.016016],[161.516992,68.96958],[161.506738,68.927588],[161.46709,68.900977]]]}},{"type":"Feature","properties":{},"geometry":{"type":"Polygon","coordinates":[[[129.717969,31.657129],[129.686816,31.639648],[129.706836,31.718262],[129.787305,31.787109],[129.793652,31.74248],[129.717969,31.657129]]]}},{"type":"Feature","properties":{},"geometry":{"type":"Polygon","coordinates":[[[126.417578,36.492578],[126.403809,36.427881],[126.3375,36.470557],[126.318555,36.612549],[126.386621,36.571143],[126.417578,36.492578]]]}},{"type":"Feature","properties":{},"geometry":{"type":"Polygon","coordinates":[[[124.905273,39.536279],[124.848926,39.507568],[124.846094,39.558887],[124.889551,39.6021],[124.93457,39.607812],[124.905273,39.536279]]]}},{"type":"Feature","properties":{},"geometry":{"type":"Polygon","coordinates":[[[121.251367,28.086426],[121.164258,28.0625],[121.131543,28.062598],[121.133984,28.135254],[121.205469,28.204395],[121.234375,28.181299],[121.250977,28.145215],[121.251367,28.086426]]]}},{"type":"Feature","properties":{},"geometry":{"type":"Polygon","coordinates":[[[113.555273,22.804199],[113.563672,22.75791],[113.485645,22.82832],[113.463379,22.832373],[113.426074,22.858594],[113.404395,22.902832],[113.464941,22.904541],[113.520508,22.852051],[113.555273,22.804199]]]}},{"type":"Feature","properties":{},"geometry":{"type":"Polygon","coordinates":[[[112.790234,21.601855],[112.771094,21.581836],[112.741992,21.618066],[112.733496,21.669922],[112.712695,21.697949],[112.760547,21.733252],[112.782031,21.772266],[112.839063,21.764502],[112.862598,21.752637],[112.812598,21.712158],[112.800684,21.694873],[112.790234,21.601855]]]}},{"type":"Feature","properties":{},"geometry":{"type":"Polygon","coordinates":[[[112.64375,21.639648],[112.545605,21.618506],[112.525,21.623047],[112.558984,21.674756],[112.647656,21.710254],[112.64375,21.639648]]]}},{"type":"Feature","properties":{},"geometry":{"type":"Polygon","coordinates":[[[113.997754,22.210498],[113.877344,22.210449],[113.851562,22.220459],[113.838867,22.241699],[113.881543,22.280273],[114.043945,22.333398],[114.00332,22.277539],[113.997754,22.210498]]]}},{"type":"Feature","properties":{},"geometry":{"type":"Polygon","coordinates":[[[107.167676,10.397168],[107.083789,10.336572],[107.07793,10.3875],[107.150879,10.420312],[107.176562,10.446191],[107.194922,10.445703],[107.167676,10.397168]]]}},{"type":"Feature","properties":{},"geometry":{"type":"Polygon","coordinates":[[[103.317773,10.718506],[103.28125,10.679688],[103.222949,10.75957],[103.223437,10.781982],[103.317773,10.718506]]]}},{"type":"Feature","properties":{},"geometry":{"type":"Polygon","coordinates":[[[8.587891,54.712695],[8.548926,54.688184],[8.453809,54.691064],[8.400391,54.714111],[8.417676,54.738672],[8.468164,54.757422],[8.509961,54.760303],[8.573438,54.74873],[8.587891,54.712695]]]}},{"type":"Feature","properties":{},"geometry":{"type":"Polygon","coordinates":[[[6.734766,53.58252],[6.64209,53.579199],[6.668555,53.605664],[6.75459,53.625488],[6.800879,53.625488],[6.734766,53.58252]]]}},{"type":"Feature","properties":{},"geometry":{"type":"Polygon","coordinates":[[[-80.731689,52.747266],[-80.802344,52.733984],[-81.009863,52.760645],[-81.096582,52.779883],[-81.352246,52.852002],[-81.839062,52.95791],[-82.005029,53.010498],[-82.039258,53.049902],[-81.951123,53.132227],[-81.901367,53.165576],[-81.847314,53.186279],[-81.335352,53.224268],[-81.135596,53.205811],[-80.900391,53.037158],[-80.765332,52.923242],[-80.710449,52.831592],[-80.709521,52.787402],[-80.731689,52.747266]]]}},{"type":"Feature","properties":{},"geometry":{"type":"Polygon","coordinates":[[[-73.621729,67.783838],[-74.109082,67.78252],[-74.374072,67.7896],[-74.480713,67.804883],[-74.573389,67.828662],[-74.678613,67.905566],[-74.745996,67.984814],[-74.749268,68.018457],[-74.731445,68.048779],[-74.706543,68.06709],[-74.379395,68.093457],[-74.111377,68.060596],[-73.880713,68.021924],[-73.584033,68.015332],[-73.49375,68.000635],[-73.459229,67.989893],[-73.435254,67.97002],[-73.401562,67.878711],[-73.398193,67.829932],[-73.407178,67.793066],[-73.621729,67.783838]]]}},{"type":"Feature","properties":{},"geometry":{"type":"Polygon","coordinates":[[[-77.876709,63.470557],[-77.79209,63.427832],[-77.703711,63.430859],[-77.654785,63.395996],[-77.538477,63.287061],[-77.527295,63.268945],[-77.532715,63.233643],[-77.593896,63.188428],[-77.657666,63.1646],[-77.791455,63.12959],[-77.942432,63.114404],[-78.024414,63.138867],[-78.255957,63.239844],[-78.46875,63.35791],[-78.536768,63.42373],[-78.507324,63.451123],[-78.417285,63.469971],[-78.234912,63.489551],[-77.933936,63.478955],[-77.876709,63.470557]]]}},{"type":"Feature","properties":{},"geometry":{"type":"Polygon","coordinates":[[[-82.000488,62.954199],[-81.960547,62.926221],[-81.948584,62.884033],[-81.964404,62.827637],[-81.990186,62.776318],[-82.02583,62.730078],[-82.113721,62.652246],[-82.388037,62.519141],[-82.490967,62.446582],[-82.568262,62.403223],[-83.01582,62.209912],[-83.071387,62.200391],[-83.129687,62.204102],[-83.252393,62.232959],[-83.376807,62.238135],[-83.698877,62.160254],[-83.714404,62.173584],[-83.728613,62.257178],[-83.760937,62.303516],[-83.903125,62.40249],[-83.912402,62.425537],[-83.910498,62.45415],[-83.899268,62.476465],[-83.739062,62.568848],[-83.376416,62.904932],[-83.289453,62.921582],[-83.110937,62.884131],[-83.02627,62.87207],[-82.965771,62.873926],[-82.706445,62.944531],[-82.459717,62.936182],[-82.234766,62.977441],[-82.129248,62.977686],[-82.047607,62.970557],[-82.000488,62.954199]]]}},{"type":"Feature","properties":{},"geometry":{"type":"Polygon","coordinates":[[[-79.545312,62.411719],[-79.466211,62.384521],[-79.336035,62.293701],[-79.286475,62.247656],[-79.272021,62.185986],[-79.306445,62.103516],[-79.323926,62.026074],[-79.372266,61.967773],[-79.462158,61.894092],[-79.541846,61.808008],[-79.611328,61.709619],[-79.66875,61.644434],[-79.714258,61.612549],[-79.76333,61.595947],[-79.816113,61.594629],[-79.896338,61.630127],[-80.00415,61.702539],[-80.091992,61.746826],[-80.204932,61.777246],[-80.265186,61.818213],[-80.276172,61.858594],[-80.279834,61.989502],[-80.275098,62.054639],[-80.260059,62.109033],[-80.234668,62.152686],[-80.178564,62.212793],[-80.021582,62.342969],[-79.926758,62.392871],[-79.868066,62.404346],[-79.712549,62.39502],[-79.649561,62.398291],[-79.597656,62.413232],[-79.545312,62.411719]]]}},{"type":"Feature","properties":{},"geometry":{"type":"Polygon","coordinates":[[[-104.558154,77.141748],[-104.711377,77.123975],[-105.015576,77.1646],[-105.215088,77.18208],[-105.379932,77.254248],[-105.556348,77.352637],[-105.695117,77.461377],[-105.747217,77.525391],[-105.848145,77.563428],[-105.883154,77.626514],[-106.066113,77.725391],[-106.035596,77.739844],[-105.862988,77.754395],[-105.587891,77.735986],[-105.456104,77.700928],[-105.289648,77.64209],[-105.073877,77.548291],[-105.007227,77.506738],[-104.994287,77.449658],[-104.955322,77.418701],[-104.770215,77.413232],[-104.542236,77.337744],[-104.500781,77.308545],[-104.453711,77.249121],[-104.456982,77.220801],[-104.493359,77.162354],[-104.558154,77.141748]]]}},{"type":"Feature","properties":{},"geometry":{"type":"Polygon","coordinates":[[[-95.484375,77.791992],[-95.233057,77.753809],[-94.959912,77.774072],[-94.666797,77.776221],[-94.014746,77.759912],[-93.582861,77.770752],[-93.471094,77.764307],[-93.300977,77.739795],[-93.210742,77.710205],[-93.128711,77.660156],[-93.33916,77.629688],[-93.51958,77.474414],[-93.543945,77.46665],[-93.740186,77.464551],[-93.836182,77.452246],[-94.408984,77.474219],[-95.987061,77.484131],[-96.056104,77.503467],[-96.263867,77.594531],[-96.276611,77.630566],[-96.23916,77.672559],[-96.19458,77.700537],[-96.142969,77.714355],[-95.683936,77.782275],[-95.484375,77.791992]]]}},{"type":"Feature","properties":{},"geometry":{"type":"Polygon","coordinates":[[[-98.791602,79.981104],[-98.768945,79.850879],[-98.789795,79.7854],[-98.840625,79.737061],[-98.885205,79.725684],[-98.945215,79.724072],[-99.218457,79.761865],[-99.301758,79.784082],[-99.30625,79.802881],[-99.333008,79.839551],[-99.515625,79.887158],[-99.857471,79.879492],[-99.999902,79.884033],[-100.056836,79.898242],[-100.092432,79.918652],[-100.126025,80.00127],[-100.120361,80.03042],[-100.078516,80.081104],[-100.053271,80.093359],[-99.802783,80.140137],[-99.731201,80.144092],[-99.424854,80.126416],[-99.153223,80.124219],[-99.016602,80.111133],[-98.894678,80.081787],[-98.823193,80.037354],[-98.791602,79.981104]]]}},{"type":"Feature","properties":{},"geometry":{"type":"Polygon","coordinates":[[[-89.833252,77.267627],[-90.094727,77.2104],[-90.228271,77.212451],[-90.993213,77.329492],[-91.147266,77.387305],[-91.176611,77.42627],[-91.185059,77.481543],[-91.182666,77.557178],[-91.149463,77.608057],[-91.109131,77.625732],[-91.019043,77.643896],[-90.842578,77.65498],[-90.674854,77.648633],[-90.422754,77.628369],[-90.171924,77.594678],[-89.838965,77.491406],[-89.719482,77.442139],[-89.694189,77.378125],[-89.69458,77.338965],[-89.712012,77.3104],[-89.74668,77.292578],[-89.833252,77.267627]]]}},{"type":"Feature","properties":{},"geometry":{"type":"Polygon","coordinates":[[[-93.542578,75.02793],[-93.478271,74.951953],[-93.466602,74.921338],[-93.463477,74.856494],[-93.490869,74.771973],[-93.50918,74.756494],[-93.535645,74.749316],[-93.548291,74.727539],[-93.547168,74.691064],[-93.573096,74.668848],[-93.626172,74.660889],[-93.98457,74.644189],[-94.206055,74.647412],[-94.534521,74.636719],[-94.697266,74.642188],[-94.803857,74.660107],[-94.95874,74.699951],[-95.286084,74.794092],[-95.451221,74.797363],[-95.86543,74.83042],[-96.094238,74.93252],[-96.181738,74.950781],[-96.270117,74.920312],[-96.294189,74.927197],[-96.318555,74.947705],[-96.343164,74.981934],[-96.386328,74.999463],[-96.559863,74.990381],[-96.591162,75.001855],[-96.599609,75.031787],[-96.596924,75.057861],[-96.565771,75.09873],[-96.382861,75.211377],[-96.292383,75.219287],[-96.180371,75.240088],[-96.118408,75.300928],[-96.124902,75.358301],[-95.954639,75.443799],[-95.853174,75.469043],[-95.670801,75.528662],[-95.049512,75.621826],[-94.878174,75.630029],[-94.648633,75.623047],[-94.427246,75.593359],[-94.256689,75.544092],[-93.909082,75.42251],[-93.75083,75.349023],[-93.666846,75.273535],[-93.591211,75.230225],[-93.497559,75.136865],[-93.531738,75.100342],[-93.551807,75.051172],[-93.542578,75.02793]]]}},{"type":"Feature","properties":{},"geometry":{"type":"Polygon","coordinates":[[[-109.815967,78.650391],[-109.640967,78.59209],[-109.580859,78.593262],[-109.50415,78.582471],[-109.467285,78.567188],[-109.362207,78.492871],[-109.342139,78.456006],[-109.336035,78.408447],[-109.3521,78.368652],[-109.390527,78.33667],[-109.484473,78.316406],[-109.708789,78.30376],[-110.021875,78.322803],[-110.293457,78.298193],[-110.418359,78.294971],[-110.755078,78.310742],[-110.840039,78.322314],[-111.026758,78.367627],[-111.169189,78.386279],[-111.229004,78.376318],[-111.300488,78.336572],[-111.435059,78.287354],[-111.51748,78.274707],[-111.759717,78.282959],[-112.13125,78.366064],[-112.557812,78.341504],[-112.999902,78.29292],[-113.17251,78.283789],[-113.223047,78.2979],[-113.292578,78.334375],[-113.281689,78.352783],[-113.149951,78.408398],[-112.855859,78.466846],[-112.64082,78.499805],[-112.214014,78.547803],[-111.708789,78.574707],[-111.519873,78.603223],[-111.400342,78.644043],[-111.071484,78.708398],[-110.877588,78.735059],[-110.618066,78.757812],[-110.407812,78.756641],[-110.140479,78.704443],[-109.940869,78.678467],[-109.815967,78.650391]]]}},{"type":"Feature","properties":{},"geometry":{"type":"Polygon","coordinates":[[[-118.328125,75.579688],[-118.613867,75.51543],[-118.817139,75.522119],[-119.08667,75.569336],[-119.306055,75.585352],[-119.383252,75.601025],[-119.39458,75.617334],[-119.320166,75.662549],[-119.226807,75.698633],[-119.003467,75.76958],[-118.626074,75.90625],[-118.379004,75.957959],[-118.13667,75.994482],[-117.889355,76.076074],[-117.75249,76.112451],[-117.633691,76.115088],[-117.512598,76.099414],[-117.499121,76.077197],[-117.626367,75.965967],[-117.715967,75.921143],[-117.89082,75.805469],[-118.226514,75.611182],[-118.328125,75.579688]]]}},{"type":"Feature","properties":{},"geometry":{"type":"Polygon","coordinates":[[[-105.288916,72.919922],[-105.339355,72.914893],[-105.434082,72.937988],[-105.572998,72.989307],[-105.800146,73.093311],[-106.071045,73.196387],[-106.112646,73.258105],[-106.180029,73.304102],[-106.525732,73.413379],[-106.750391,73.457715],[-106.921533,73.479834],[-106.949658,73.510352],[-106.831006,73.599072],[-106.694824,73.669922],[-106.613965,73.695605],[-106.362109,73.718604],[-105.512305,73.765771],[-105.317969,73.767139],[-105.114453,73.744434],[-104.834668,73.647266],[-104.718262,73.636279],[-104.648779,73.614404],[-104.5875,73.578076],[-104.555078,73.541113],[-104.552344,73.465576],[-104.582861,73.353906],[-104.621729,73.311133],[-104.791016,73.167627],[-104.968652,73.088672],[-105.002588,73.037549],[-105.074609,72.997021],[-105.200635,72.947314],[-105.288916,72.919922]]]}},{"type":"Feature","properties":{},"geometry":{"type":"Polygon","coordinates":[[[-75.675879,68.32251],[-75.153809,68.234033],[-75.103125,68.201904],[-75.078125,68.173145],[-75.063477,68.141211],[-75.062354,68.075391],[-75.072852,68.049023],[-75.123877,67.985254],[-75.127344,67.965234],[-75.086377,67.751416],[-75.090527,67.634766],[-75.127295,67.537305],[-75.201953,67.45918],[-75.314502,67.400439],[-75.400098,67.366699],[-75.780078,67.283545],[-76.048975,67.262012],[-76.332764,67.258105],[-76.693945,67.23584],[-76.858838,67.240479],[-76.944189,67.250293],[-77.004883,67.266943],[-77.075928,67.319629],[-77.15708,67.40835],[-77.224219,67.508203],[-77.304395,67.685107],[-77.305908,67.706104],[-77.228564,67.850098],[-77.125879,67.94707],[-76.944727,68.090967],[-76.740234,68.23125],[-76.688232,68.254395],[-76.595801,68.278955],[-76.364453,68.318701],[-76.172803,68.308789],[-76.088281,68.313818],[-75.982764,68.332324],[-75.866504,68.336816],[-75.675879,68.32251]]]}},{"type":"Feature","properties":{},"geometry":{"type":"Polygon","coordinates":[[[-79.537305,73.654492],[-79.366797,73.641357],[-78.286523,73.66582],[-78.062939,73.647656],[-77.382129,73.53667],[-77.206543,73.499561],[-77.119775,73.450488],[-77.041504,73.373047],[-77.005322,73.356055],[-76.758691,73.31001],[-76.657275,73.254199],[-76.621582,73.225342],[-76.569775,73.159277],[-76.458447,73.121826],[-76.331152,73.100488],[-76.289551,73.081006],[-76.30957,72.9979],[-76.255273,72.959229],[-76.135059,72.912402],[-76.08999,72.881201],[-76.183398,72.843066],[-76.400537,72.820654],[-77.013574,72.843994],[-77.835938,72.896826],[-78.314209,72.881836],[-78.554053,72.857715],[-79.13418,72.771631],[-79.319336,72.757715],[-79.500537,72.755957],[-79.820703,72.826318],[-79.936865,72.863623],[-79.975293,72.89248],[-80.051611,72.977002],[-80.114453,73.078223],[-80.146436,73.161328],[-80.183301,73.224658],[-80.292725,73.245605],[-80.61792,73.270801],[-80.726855,73.305469],[-80.776416,73.33418],[-80.82417,73.380664],[-80.822949,73.428955],[-80.797998,73.471533],[-80.776953,73.481982],[-80.73584,73.483105],[-80.827002,73.534668],[-80.858496,73.591406],[-80.860742,73.670557],[-80.848877,73.72124],[-80.822852,73.743457],[-80.762744,73.757764],[-80.621387,73.767334],[-80.412305,73.76543],[-80.120264,73.70708],[-79.889355,73.701514],[-79.537305,73.654492]]]}},{"type":"Feature","properties":{},"geometry":{"type":"Polygon","coordinates":[[[-96.204492,78.531299],[-95.968457,78.505127],[-95.561133,78.516602],[-95.412939,78.497559],[-95.031201,78.430273],[-94.915381,78.390527],[-94.887744,78.360498],[-94.887158,78.345215],[-95.013867,78.312598],[-95.267871,78.262646],[-95.329248,78.225049],[-95.102734,78.178076],[-94.987793,78.136279],[-94.936035,78.106396],[-94.934277,78.075635],[-95.087012,77.992627],[-95.199121,77.968164],[-95.370508,77.970801],[-95.451562,77.963232],[-95.670801,77.924463],[-96.011572,77.887402],[-96.476855,77.872168],[-96.603027,77.849316],[-96.833984,77.811914],[-96.989648,77.806006],[-97.040479,77.827441],[-97.063818,77.859082],[-97.051953,77.880957],[-97.019092,77.908105],[-97.093311,77.933496],[-97.42666,77.982275],[-97.62085,78.050244],[-97.648389,78.071631],[-97.658154,78.090625],[-97.226611,78.103223],[-97.040918,78.116943],[-96.95835,78.139014],[-96.944678,78.151855],[-97.027344,78.157422],[-97.323047,78.203223],[-97.819043,78.230615],[-97.842725,78.262354],[-98.049512,78.325928],[-98.069287,78.386328],[-98.114307,78.403027],[-98.254932,78.429248],[-98.275684,78.437891],[-98.317334,78.476855],[-98.32373,78.498145],[-98.315625,78.51748],[-98.060352,78.55835],[-98.095996,78.58667],[-98.289893,78.692383],[-98.34082,78.751221],[-98.332617,78.773535],[-98.212109,78.804541],[-98.042871,78.805225],[-97.595898,78.795801],[-97.382324,78.78291],[-97.169336,78.757666],[-96.935791,78.720264],[-96.587061,78.687109],[-96.475342,78.665186],[-96.265283,78.595361],[-96.242627,78.573193],[-96.256494,78.551123],[-96.204492,78.531299]]]}},{"type":"Feature","properties":{},"geometry":{"type":"Polygon","coordinates":[[[-110.458057,78.103223],[-109.656885,78.079248],[-109.622266,78.074756],[-109.619043,78.056836],[-109.679395,77.999316],[-109.771777,77.957422],[-110.199512,77.904834],[-110.751123,77.857227],[-110.865625,77.834131],[-110.856543,77.820361],[-110.811621,77.803174],[-110.719385,77.781445],[-110.292187,77.786377],[-110.189209,77.777002],[-110.152734,77.762939],[-110.130859,77.742383],[-110.117578,77.715576],[-110.116895,77.624707],[-110.139453,77.572119],[-110.198486,77.524512],[-110.371533,77.490625],[-110.682861,77.445898],[-110.893994,77.425977],[-111.060449,77.433154],[-111.226221,77.428516],[-111.951953,77.344189],[-112.176514,77.34375],[-112.372656,77.364111],[-112.643799,77.443701],[-112.925635,77.474951],[-113.046045,77.510742],[-113.164355,77.530273],[-113.197119,77.558838],[-113.208545,77.580176],[-113.188623,77.599756],[-113.137402,77.617529],[-113.120654,77.632617],[-113.167773,77.676465],[-113.189502,77.718311],[-113.271289,77.778418],[-113.283447,77.813037],[-113.282959,77.835645],[-113.269336,77.860059],[-113.215186,77.903516],[-113.187061,77.912354],[-113.021631,77.919141],[-112.804541,77.941602],[-112.30459,78.006787],[-111.206592,78.088135],[-110.873242,78.080615],[-110.727344,78.096582],[-110.458057,78.103223]]]}},{"type":"Feature","properties":{},"geometry":{"type":"Polygon","coordinates":[[[-97.439453,69.642676],[-97.408643,69.630762],[-97.350684,69.640869],[-97.305762,69.673486],[-97.278467,69.679639],[-97.236084,69.673486],[-97.096338,69.61499],[-96.989062,69.553613],[-96.875195,69.51001],[-96.694531,69.471094],[-96.299951,69.344385],[-96.18374,69.258691],[-96.060986,69.125439],[-95.951367,69.02373],[-95.854883,68.953564],[-95.751367,68.897656],[-95.585498,68.835107],[-95.437549,68.880615],[-95.37417,68.892139],[-95.319531,68.873193],[-95.267773,68.826074],[-95.295166,68.805029],[-95.359473,68.778369],[-95.465576,68.747266],[-95.614209,68.74502],[-95.685645,68.73584],[-95.802148,68.686475],[-95.894629,68.627246],[-96.024023,68.607275],[-96.267627,68.50791],[-96.401562,68.470703],[-96.598828,68.46084],[-97.008398,68.538672],[-97.263672,68.527734],[-97.472021,68.543701],[-97.704785,68.625928],[-97.885352,68.672461],[-98.235059,68.739355],[-98.257959,68.749268],[-98.273047,68.771875],[-98.280176,68.807178],[-98.296045,68.830762],[-98.320557,68.842725],[-98.375586,68.841699],[-98.431836,68.818359],[-98.539648,68.798242],[-98.703809,68.802783],[-98.775244,68.816748],[-98.829639,68.838623],[-98.859131,68.864355],[-98.863721,68.893799],[-98.878857,68.916455],[-98.904492,68.932422],[-98.964014,68.932861],[-99.057373,68.917676],[-99.093848,68.898877],[-99.073389,68.876563],[-99.090625,68.86333],[-99.254004,68.863184],[-99.317969,68.87627],[-99.440869,68.917676],[-99.494678,68.95957],[-99.564062,69.034131],[-99.557373,69.054297],[-99.513281,69.099609],[-99.455713,69.131201],[-99.085449,69.149756],[-98.912207,69.167578],[-98.723633,69.219141],[-98.503516,69.308301],[-98.455957,69.334668],[-98.450391,69.354053],[-98.466602,69.375],[-98.535352,69.426318],[-98.558545,69.461426],[-98.536719,69.478027],[-98.448389,69.479541],[-98.494873,69.499365],[-98.534375,69.527441],[-98.548242,69.544971],[-98.545996,69.5729],[-98.47583,69.579053],[-98.389355,69.565039],[-98.222314,69.484521],[-98.155762,69.468848],[-98.041357,69.456641],[-98.162988,69.512207],[-98.288818,69.629004],[-98.304492,69.669287],[-98.301221,69.691699],[-98.268213,69.754443],[-98.238672,69.780029],[-98.200488,69.796973],[-98.080762,69.833057],[-97.888965,69.858252],[-97.790723,69.861621],[-97.691211,69.84126],[-97.604346,69.802197],[-97.411377,69.738477],[-97.382568,69.712402],[-97.385693,69.700244],[-97.460156,69.682715],[-97.469434,69.666797],[-97.439453,69.642676]]]}},{"type":"Feature","properties":{},"geometry":{"type":"Polygon","coordinates":[[[-56.150732,46.762402],[-56.17168,46.752832],[-56.243262,46.767187],[-56.20918,46.798242],[-56.185059,46.807275],[-56.152637,46.811084],[-56.137354,46.801562],[-56.139258,46.778662],[-56.150732,46.762402]]]}},{"type":"Feature","properties":{},"geometry":{"type":"Polygon","coordinates":[[[-94.526562,75.749316],[-94.624365,75.748877],[-94.751465,75.769678],[-94.787354,75.791406],[-94.814746,75.821191],[-94.833643,75.858984],[-94.860107,75.889209],[-94.894092,75.911865],[-94.901221,75.930762],[-94.881348,75.945947],[-94.839795,75.954443],[-94.744824,75.957227],[-94.537891,75.996436],[-94.498682,75.992188],[-94.471289,75.971436],[-94.443359,75.91709],[-94.41377,75.884863],[-94.332227,75.825977],[-94.296289,75.788086],[-94.304004,75.776318],[-94.329541,75.765918],[-94.526562,75.749316]]]}},{"type":"Feature","properties":{},"geometry":{"type":"Polygon","coordinates":[[[-79.384277,51.951953],[-79.425586,51.944873],[-79.520605,51.95293],[-79.596875,51.978027],[-79.64375,52.010059],[-79.334863,52.098145],[-79.271289,52.086816],[-79.270215,52.071094],[-79.316602,52.023926],[-79.328955,51.992285],[-79.351514,51.968311],[-79.384277,51.951953]]]}},{"type":"Feature","properties":{},"geometry":{"type":"Polygon","coordinates":[[[-78.826514,56.145312],[-78.877295,56.131445],[-78.913818,56.132812],[-78.907031,56.166357],[-78.856885,56.23208],[-78.828418,56.289844],[-78.821582,56.339648],[-78.799414,56.383301],[-78.761865,56.420703],[-78.724512,56.439209],[-78.66875,56.438623],[-78.657178,56.317383],[-78.672803,56.260498],[-78.710156,56.212891],[-78.761377,56.174512],[-78.826514,56.145312]]]}},{"type":"Feature","properties":{},"geometry":{"type":"Polygon","coordinates":[[[-78.935596,56.266064],[-79.017969,56.16499],[-79.083887,56.067871],[-79.175488,55.885059],[-79.227832,55.878516],[-79.273633,55.922461],[-79.142285,56.136426],[-79.136084,56.160254],[-79.142285,56.180713],[-79.182129,56.212158],[-79.221826,56.175977],[-79.407422,55.934863],[-79.455322,55.896191],[-79.495117,55.874756],[-79.526758,55.870654],[-79.605713,55.875684],[-79.764746,55.806787],[-79.497461,56.093164],[-79.494678,56.11499],[-79.544727,56.128369],[-79.564551,56.120947],[-79.781104,55.940576],[-79.90459,55.871045],[-79.9875,55.892139],[-80.008252,55.911035],[-80.000781,55.93208],[-79.790039,56.11416],[-79.596338,56.244482],[-79.515283,56.326514],[-79.482373,56.403809],[-79.46792,56.460352],[-79.468945,56.522607],[-79.458887,56.539746],[-79.447656,56.536572],[-79.435303,56.513037],[-79.432031,56.447461],[-79.47627,56.312842],[-79.511816,56.246582],[-79.554199,56.191992],[-79.536328,56.180078],[-79.458301,56.211084],[-79.392627,56.276465],[-79.339355,56.376318],[-79.305322,56.463086],[-79.272412,56.600439],[-79.261133,56.595654],[-79.245752,56.568262],[-79.210449,56.548926],[-79.155176,56.537598],[-79.123535,56.519971],[-79.100244,56.473926],[-79.077734,56.453613],[-78.994971,56.436426],[-78.963184,56.421729],[-78.940332,56.371436],[-78.942432,56.344922],[-78.931201,56.32793],[-78.906641,56.32041],[-78.935596,56.266064]]]}},{"type":"Feature","properties":{},"geometry":{"type":"Polygon","coordinates":[[[-79.866992,56.774561],[-79.894482,56.757129],[-79.943652,56.776758],[-79.945703,56.826904],[-79.898145,56.865283],[-79.860547,56.863525],[-79.82666,56.843115],[-79.83501,56.816016],[-79.866992,56.774561]]]}},{"type":"Feature","properties":{},"geometry":{"type":"Polygon","coordinates":[[[-79.716504,57.515527],[-79.732227,57.50752],[-79.775195,57.514453],[-79.792041,57.448584],[-79.808447,57.442432],[-79.838232,57.483008],[-79.815918,57.517725],[-79.819141,57.541602],[-79.81084,57.559277],[-79.767871,57.59873],[-79.742578,57.607959],[-79.726709,57.60459],[-79.713477,57.555029],[-79.716504,57.515527]]]}},{"type":"Feature","properties":{},"geometry":{"type":"Polygon","coordinates":[[[-79.977588,56.207031],[-80.028613,56.199414],[-80.088867,56.213867],[-80.057471,56.287354],[-80.005078,56.31792],[-79.874463,56.348437],[-79.852148,56.367188],[-79.8104,56.376514],[-79.74917,56.376514],[-79.681006,56.403955],[-79.605859,56.458838],[-79.579736,56.466357],[-79.632568,56.386523],[-79.687939,56.326807],[-79.977588,56.207031]]]}},{"type":"Feature","properties":{},"geometry":{"type":"Polygon","coordinates":[[[-80.285254,59.624121],[-80.317236,59.621045],[-80.324658,59.633203],[-80.298975,59.67417],[-80.256641,59.67915],[-80.209961,59.724609],[-80.167236,59.708887],[-80.183057,59.683496],[-80.240527,59.644922],[-80.285254,59.624121]]]}},{"type":"Feature","properties":{},"geometry":{"type":"Polygon","coordinates":[[[-79.938232,53.30415],[-79.939307,53.274268],[-80.004102,53.280078],[-80.039355,53.297168],[-80.067871,53.324072],[-80.074023,53.344287],[-80.049707,53.364453],[-79.974561,53.352246],[-79.938232,53.30415]]]}},{"type":"Feature","properties":{},"geometry":{"type":"Polygon","coordinates":[[[-80.064209,59.770801],[-80.16709,59.763867],[-80.122217,59.823193],[-80.083643,59.851855],[-80.041162,59.870166],[-79.955859,59.876953],[-79.898633,59.853125],[-79.949609,59.809912],[-80.064209,59.770801]]]}},{"type":"Feature","properties":{},"geometry":{"type":"Polygon","coordinates":[[[-79.518164,56.656689],[-79.553467,56.643848],[-79.577393,56.644922],[-79.550732,56.733496],[-79.581738,56.764844],[-79.583545,56.780957],[-79.570117,56.795703],[-79.552881,56.79873],[-79.51123,56.771436],[-79.491064,56.742676],[-79.482178,56.714404],[-79.48457,56.686523],[-79.496533,56.667285],[-79.518164,56.656689]]]}},{"type":"Feature","properties":{},"geometry":{"type":"Polygon","coordinates":[[[-96.782324,72.936621],[-96.943799,72.926709],[-97.092773,72.996924],[-97.097656,73.062402],[-97.087695,73.098486],[-97.069238,73.130176],[-97.01499,73.157275],[-96.862402,73.188818],[-96.793164,73.165479],[-96.767773,73.137305],[-96.744434,73.12627],[-96.645996,73.101904],[-96.598486,73.073828],[-96.603516,73.041553],[-96.6354,72.992432],[-96.670605,72.960938],[-96.709229,72.946973],[-96.782324,72.936621]]]}},{"type":"Feature","properties":{},"geometry":{"type":"Polygon","coordinates":[[[-97.355518,74.526318],[-97.656104,74.465674],[-97.721582,74.489209],[-97.75,74.510547],[-97.516309,74.60249],[-97.416504,74.626563],[-97.318213,74.597998],[-97.291309,74.576367],[-97.303857,74.559668],[-97.355518,74.526318]]]}},{"type":"Feature","properties":{},"geometry":{"type":"Polygon","coordinates":[[[-98.270361,73.868506],[-98.558203,73.847412],[-98.691064,73.856494],[-98.761377,73.828857],[-98.816602,73.817139],[-98.973926,73.812061],[-99.298047,73.861963],[-99.385156,73.879297],[-99.416992,73.89541],[-99.403809,73.910889],[-99.345605,73.925732],[-99.096875,73.948291],[-99.004687,73.964941],[-98.966699,73.988184],[-98.904492,74.006885],[-98.818164,74.020996],[-98.584961,74.034521],[-98.061035,74.104687],[-97.800439,74.114648],[-97.698242,74.108691],[-97.667432,74.090137],[-97.659131,74.071631],[-97.67334,74.053027],[-97.754736,74.005518],[-97.861084,73.968457],[-98.146973,73.888818],[-98.270361,73.868506]]]}},{"type":"Feature","properties":{},"geometry":{"type":"Polygon","coordinates":[[[-90.199805,69.419092],[-90.177393,69.35708],[-90.267285,69.2729],[-90.295459,69.257812],[-90.330273,69.252197],[-90.364062,69.262598],[-90.464697,69.328711],[-90.492041,69.369873],[-90.455127,69.390479],[-90.377246,69.416211],[-90.32207,69.428711],[-90.252832,69.41792],[-90.228564,69.436035],[-90.199805,69.419092]]]}},{"type":"Feature","properties":{},"geometry":{"type":"Polygon","coordinates":[[[-90.492578,69.221094],[-90.574414,69.209424],[-90.625781,69.250928],[-90.667432,69.259473],[-90.685889,69.287158],[-90.771582,69.292578],[-90.765674,69.335986],[-90.742383,69.357324],[-90.662793,69.37417],[-90.599707,69.367822],[-90.539844,69.324609],[-90.510645,69.29043],[-90.485352,69.246631],[-90.492578,69.221094]]]}},{"type":"Feature","properties":{},"geometry":{"type":"Polygon","coordinates":[[[-74.000439,62.618408],[-74.053564,62.609668],[-74.253516,62.621973],[-74.499512,62.668799],[-74.626465,62.712744],[-74.619971,62.726318],[-74.564209,62.733301],[-74.500928,62.726514],[-74.394775,62.695801],[-74.108936,62.680322],[-74.016797,62.662695],[-73.988184,62.636084],[-74.000439,62.618408]]]}},{"type":"Feature","properties":{},"geometry":{"type":"Polygon","coordinates":[[[-74.880859,68.348682],[-74.959326,68.342236],[-75.07251,68.40415],[-75.310156,68.474463],[-75.400244,68.525488],[-75.403418,68.550146],[-75.396191,68.588818],[-75.370166,68.636084],[-75.287402,68.687744],[-75.199756,68.696094],[-75.074707,68.684717],[-74.983643,68.647607],[-74.884766,68.544629],[-74.818945,68.494434],[-74.798242,68.457959],[-74.830957,68.440723],[-74.82793,68.423779],[-74.812891,68.41333],[-74.818555,68.394092],[-74.844971,68.365967],[-74.880859,68.348682]]]}},{"type":"Feature","properties":{},"geometry":{"type":"Polygon","coordinates":[[[-78.531641,60.728564],[-78.668896,60.716895],[-78.669092,60.731348],[-78.612012,60.772314],[-78.399561,60.808105],[-78.241699,60.818652],[-78.278857,60.783887],[-78.372461,60.756396],[-78.531641,60.728564]]]}},{"type":"Feature","properties":{},"geometry":{"type":"Polygon","coordinates":[[[-78.982715,68.192822],[-79.064062,68.181787],[-79.174023,68.234961],[-79.174756,68.264453],[-79.153467,68.335254],[-78.952588,68.353027],[-78.868701,68.310303],[-78.828516,68.268164],[-78.982715,68.192822]]]}},{"type":"Feature","properties":{},"geometry":{"type":"Polygon","coordinates":[[[-76.677588,63.393945],[-76.783154,63.384033],[-76.921875,63.406348],[-77.057227,63.449756],[-77.364746,63.58833],[-77.133691,63.682031],[-76.763623,63.573584],[-76.652441,63.503564],[-76.677588,63.393945]]]}},{"type":"Feature","properties":{},"geometry":{"type":"Polygon","coordinates":[[[-64.823828,62.55874],[-64.631836,62.547998],[-64.515332,62.551807],[-64.465039,62.535938],[-64.418066,62.487402],[-64.47832,62.417871],[-64.546484,62.391406],[-64.657422,62.383594],[-64.837305,62.40625],[-64.901221,62.421045],[-64.956494,62.45835],[-64.930762,62.48501],[-64.841943,62.494141],[-64.8271,62.50498],[-64.849854,62.525439],[-64.848779,62.543311],[-64.823828,62.55874]]]}},{"type":"Feature","properties":{},"geometry":{"type":"Polygon","coordinates":[[[-62.681543,67.056299],[-62.80542,67.028809],[-62.871631,67.062598],[-62.825098,67.072119],[-62.756982,67.112549],[-62.664404,67.148242],[-62.625293,67.176953],[-62.469727,67.190039],[-62.416797,67.188477],[-62.396338,67.17832],[-62.484619,67.134229],[-62.681543,67.056299]]]}},{"type":"Feature","properties":{},"geometry":{"type":"Polygon","coordinates":[[[-68.233789,60.240918],[-68.324121,60.23291],[-68.365234,60.254053],[-68.367871,60.314746],[-68.338281,60.360596],[-68.234766,60.455566],[-68.141895,60.562012],[-68.087598,60.587842],[-67.978027,60.57041],[-67.914209,60.539844],[-67.847559,60.488818],[-67.818848,60.449512],[-67.844238,60.39165],[-67.922314,60.339893],[-68.012305,60.304639],[-68.233789,60.240918]]]}},{"type":"Feature","properties":{},"geometry":{"type":"Polygon","coordinates":[[[-70.337061,62.54873],[-70.406348,62.544824],[-70.541504,62.552344],[-70.686572,62.573193],[-70.766064,62.596875],[-70.837549,62.648096],[-70.85127,62.704346],[-70.986133,62.787793],[-71.136914,62.815918],[-71.220117,62.873926],[-71.134863,62.877979],[-71.013672,62.865332],[-70.834619,62.840088],[-70.674316,62.807031],[-70.442627,62.733789],[-70.366797,62.66582],[-70.291504,62.615967],[-70.268848,62.578076],[-70.288574,62.561572],[-70.337061,62.54873]]]}},{"type":"Feature","properties":{},"geometry":{"type":"Polygon","coordinates":[[[-64.832617,61.366064],[-64.856836,61.354443],[-64.879785,61.35708],[-64.954248,61.4104],[-65.054395,61.432031],[-65.091504,61.452979],[-65.393896,61.562842],[-65.426807,61.611035],[-65.432129,61.649512],[-65.331641,61.668262],[-65.129785,61.685693],[-64.954443,61.685107],[-64.789648,61.662207],[-64.756348,61.637646],[-64.66958,61.593018],[-64.690967,61.539355],[-64.696387,61.471484],[-64.732324,61.438428],[-64.787598,61.413281],[-64.832617,61.366064]]]}},{"type":"Feature","properties":{},"geometry":{"type":"Polygon","coordinates":[[[-67.914697,69.540967],[-67.940283,69.534863],[-68.202344,69.58042],[-68.221387,69.616748],[-68.093262,69.657031],[-67.989111,69.67876],[-67.908838,69.681836],[-67.829102,69.675],[-67.75459,69.631445],[-67.844922,69.591748],[-67.914697,69.540967]]]}},{"type":"Feature","properties":{},"geometry":{"type":"Polygon","coordinates":[[[-79.430664,69.787793],[-79.390283,69.73042],[-79.36499,69.712354],[-79.402441,69.685156],[-79.552832,69.630859],[-79.881689,69.608691],[-80.04751,69.634326],[-79.971143,69.556348],[-79.954492,69.523486],[-79.977832,69.509668],[-80.046875,69.513867],[-80.161475,69.535938],[-80.227344,69.562402],[-80.244482,69.593164],[-80.268652,69.6],[-80.299707,69.582861],[-80.32959,69.586768],[-80.397852,69.632617],[-80.448047,69.649707],[-80.778223,69.677002],[-80.794775,69.689258],[-80.777539,69.710352],[-80.726611,69.74043],[-80.652539,69.750586],[-80.465918,69.737109],[-80.450684,69.744775],[-80.43833,69.782715],[-80.424219,69.797607],[-80.294922,69.793799],[-80.213672,69.801953],[-80.168848,69.782422],[-80.124609,69.737256],[-80.061768,69.745508],[-79.97085,69.738965],[-79.86958,69.755518],[-79.714844,69.795703],[-79.593994,69.810498],[-79.430664,69.787793]]]}},{"type":"Feature","properties":{},"geometry":{"type":"Polygon","coordinates":[[[-78.029102,69.714893],[-77.977832,69.664893],[-77.969141,69.638965],[-78.03999,69.608398],[-78.307227,69.551807],[-78.470068,69.502539],[-78.552393,69.491553],[-78.662061,69.502637],[-78.795312,69.479736],[-78.848193,69.482812],[-78.789307,69.523145],[-78.578564,69.638818],[-78.401855,69.650635],[-78.344189,69.674805],[-78.295508,69.667139],[-78.267334,69.687158],[-78.262451,69.716846],[-78.200732,69.739502],[-78.145215,69.739209],[-78.029102,69.714893]]]}},{"type":"Feature","properties":{},"geometry":{"type":"Polygon","coordinates":[[[-77.64209,63.991895],[-77.714062,63.945703],[-77.928809,63.962012],[-77.95791,63.976025],[-77.965967,63.99292],[-77.931348,64.014795],[-77.710791,64.035645],[-77.617285,64.037207],[-77.569385,64.03042],[-77.563623,64.02207],[-77.64209,63.991895]]]}},{"type":"Feature","properties":{},"geometry":{"type":"Polygon","coordinates":[[[-83.123486,66.282813],[-83.023877,66.270654],[-82.948145,66.271924],[-82.931348,66.257324],[-83.01084,66.208447],[-83.059863,66.199268],[-83.1479,66.234229],[-83.213916,66.277051],[-83.232568,66.302979],[-83.237842,66.331543],[-83.222266,66.336475],[-83.123486,66.282813]]]}},{"type":"Feature","properties":{},"geometry":{"type":"Polygon","coordinates":[[[-79.210645,68.845459],[-79.279736,68.838721],[-79.361377,68.857666],[-79.390479,68.890186],[-79.405762,68.923047],[-79.391162,68.939941],[-79.354736,68.955908],[-79.305225,68.992334],[-79.242676,69.049268],[-79.144971,69.087451],[-78.930469,69.1229],[-78.9,69.1354],[-78.804102,69.235107],[-78.771826,69.252197],[-78.662012,69.262354],[-78.650195,69.275195],[-78.689062,69.299756],[-78.689062,69.325098],[-78.650195,69.351221],[-78.59668,69.370605],[-78.45791,69.389502],[-78.332568,69.386035],[-78.300488,69.378711],[-78.272461,69.36123],[-78.234082,69.3146],[-78.228955,69.304004],[-78.287012,69.262695],[-78.438965,69.19917],[-78.53291,69.146045],[-78.551758,69.128662],[-78.560303,69.10625],[-78.595654,69.079053],[-78.705371,69.013672],[-78.779199,68.950488],[-78.852686,68.915674],[-79.053613,68.88291],[-79.210645,68.845459]]]}},{"type":"Feature","properties":{},"geometry":{"type":"Polygon","coordinates":[[[-76.995361,69.14375],[-77.121631,69.132129],[-77.215039,69.138086],[-77.275586,69.16167],[-77.321924,69.193604],[-77.379395,69.274023],[-77.358057,69.311523],[-77.351514,69.378662],[-77.340918,69.403857],[-77.318701,69.416309],[-77.187549,69.440088],[-77.10918,69.437402],[-76.994092,69.411768],[-76.745703,69.404004],[-76.684082,69.38042],[-76.668848,69.366162],[-76.67002,69.348584],[-76.687451,69.327686],[-76.810303,69.266748],[-76.869336,69.224854],[-76.91123,69.174658],[-76.995361,69.14375]]]}},{"type":"Feature","properties":{},"geometry":{"type":"Polygon","coordinates":[[[-65.030566,61.879053],[-65.008057,61.870264],[-64.981055,61.880615],[-64.960547,61.87168],[-64.94668,61.843359],[-64.923535,61.82373],[-64.865137,61.798145],[-64.845508,61.779883],[-64.84707,61.761523],[-64.896582,61.733301],[-64.927734,61.73252],[-65.165918,61.797656],[-65.230273,61.864014],[-65.235352,61.897705],[-65.210547,61.928369],[-65.173926,61.943213],[-65.125635,61.942236],[-65.068359,61.926025],[-65.030566,61.879053]]]}},{"type":"Feature","properties":{},"geometry":{"type":"Polygon","coordinates":[[[-86.913037,70.113232],[-86.798779,70.105273],[-86.691211,70.115039],[-86.612744,70.105713],[-86.563379,70.077246],[-86.530908,70.047656],[-86.515234,70.017041],[-86.557666,69.995312],[-86.734326,69.976318],[-86.854932,69.985742],[-86.983984,70.011133],[-87.043799,69.999854],[-87.19082,70.018555],[-87.263916,70.043945],[-87.323242,70.080127],[-87.323145,70.102246],[-87.168115,70.127246],[-87.107275,70.14668],[-86.913037,70.113232]]]}},{"type":"Feature","properties":{},"geometry":{"type":"Polygon","coordinates":[[[-83.725977,65.796729],[-83.59751,65.757471],[-83.469434,65.735205],[-83.263184,65.723291],[-83.23374,65.715039],[-83.233936,65.696582],[-83.263672,65.667822],[-83.332422,65.631055],[-83.381445,65.62998],[-83.49541,65.655957],[-83.537109,65.669189],[-83.583203,65.698633],[-83.606543,65.701367],[-83.636377,65.691504],[-83.644385,65.678516],[-83.630664,65.662354],[-83.649512,65.657764],[-83.787549,65.668896],[-83.809229,65.67832],[-83.798193,65.71001],[-83.701904,65.756201],[-83.786523,65.77041],[-83.813574,65.7875],[-83.938965,65.758447],[-84.008496,65.751514],[-84.118262,65.771777],[-84.129932,65.877441],[-84.143213,65.915967],[-84.193213,65.942139],[-84.222949,65.969775],[-84.270898,65.990625],[-84.370117,66.011816],[-84.450586,66.064404],[-84.467383,66.088281],[-84.456348,66.10625],[-84.407178,66.131006],[-84.122266,66.077832],[-83.950391,66.02749],[-83.786963,65.965771],[-83.701367,65.920117],[-83.693652,65.890381],[-83.714893,65.860742],[-83.765137,65.831152],[-83.725977,65.796729]]]}},{"type":"Feature","properties":{},"geometry":{"type":"Polygon","coordinates":[[[-86.595557,67.735938],[-86.638184,67.734863],[-86.705957,67.750146],[-86.861084,67.810498],[-86.892529,67.836572],[-86.908301,67.867041],[-86.908447,67.901953],[-86.89458,67.938086],[-86.84707,68.010254],[-86.937744,68.067578],[-86.959814,68.100244],[-86.94917,68.118701],[-86.898682,68.162891],[-86.884863,68.190527],[-86.833984,68.229687],[-86.7021,68.305615],[-86.569922,68.287695],[-86.451953,68.225488],[-86.421143,68.183447],[-86.430322,68.138721],[-86.42002,68.073926],[-86.390332,67.988916],[-86.382422,67.927295],[-86.396436,67.888965],[-86.446924,67.816992],[-86.489648,67.783594],[-86.546045,67.752197],[-86.595557,67.735938]]]}},{"type":"Feature","properties":{},"geometry":{"type":"Polygon","coordinates":[[[-84.674756,65.575],[-84.727002,65.563721],[-84.78291,65.570068],[-84.830273,65.598975],[-84.868945,65.650537],[-84.931152,65.68916],[-85.071973,65.737354],[-85.096338,65.756201],[-85.136279,65.82085],[-85.144043,65.885352],[-85.17417,65.94375],[-85.175684,65.972412],[-85.149609,66.015381],[-85.031396,66.025488],[-84.938574,66.008545],[-84.919824,65.997021],[-84.889453,65.97207],[-84.869531,65.941504],[-84.757373,65.858936],[-84.691748,65.793164],[-84.602637,65.657373],[-84.602246,65.631494],[-84.62627,65.604053],[-84.674756,65.575]]]}},{"type":"Feature","properties":{},"geometry":{"type":"Polygon","coordinates":[[[-93.043945,61.844092],[-93.084814,61.841699],[-93.176562,61.892725],[-93.19668,61.918555],[-93.075781,61.93501],[-92.993018,61.889697],[-92.999951,61.86748],[-93.043945,61.844092]]]}},{"type":"Feature","properties":{},"geometry":{"type":"Polygon","coordinates":[[[-102.227344,76.014893],[-102.017871,75.953516],[-102.008008,75.939404],[-102.047461,75.927734],[-102.318115,75.895166],[-102.423437,75.869189],[-102.511377,75.808398],[-102.57959,75.780225],[-102.943555,75.763428],[-103.314746,75.764209],[-103.244727,75.822949],[-103.041504,75.918848],[-103.201562,75.958496],[-103.769775,75.892383],[-103.985254,75.933105],[-103.800781,76.037012],[-103.984521,76.046533],[-104.24248,76.046973],[-104.406055,76.108496],[-104.350635,76.182324],[-104.012061,76.222998],[-103.571436,76.258203],[-103.098242,76.311475],[-102.728027,76.307031],[-102.584082,76.281641],[-102.536133,76.196436],[-102.490039,76.095068],[-102.425684,76.086426],[-102.227344,76.014893]]]}},{"type":"Feature","properties":{},"geometry":{"type":"Polygon","coordinates":[[[-101.226123,76.579346],[-101.485205,76.575],[-101.60498,76.587012],[-101.613086,76.60459],[-101.509473,76.627734],[-101.165039,76.66543],[-100.962158,76.73418],[-100.886475,76.742676],[-100.621582,76.75249],[-100.467236,76.750342],[-100.269141,76.734131],[-100.746582,76.64917],[-101.226123,76.579346]]]}},{"type":"Feature","properties":{},"geometry":{"type":"Polygon","coordinates":[[[-104.022852,76.583105],[-103.973486,76.577588],[-103.821094,76.59751],[-103.722754,76.601074],[-103.613135,76.563428],[-103.584619,76.538867],[-103.190137,76.477441],[-103.051318,76.449854],[-103.033545,76.431494],[-103.082959,76.405176],[-103.199512,76.37085],[-103.311377,76.347559],[-103.472217,76.329053],[-104.270654,76.32627],[-104.35752,76.334619],[-104.407666,76.365137],[-104.506445,76.478955],[-104.576611,76.540186],[-104.603027,76.582715],[-104.585693,76.606494],[-104.500391,76.630371],[-104.205127,76.666113],[-104.074512,76.666113],[-103.99248,76.656982],[-103.959082,76.63877],[-103.969189,76.61416],[-104.022852,76.583105]]]}},{"type":"Feature","properties":{},"geometry":{"type":"Polygon","coordinates":[[[-103.003369,78.146436],[-103.118213,78.126367],[-103.252246,78.138135],[-103.270996,78.150635],[-103.273584,78.165771],[-103.260059,78.183496],[-103.110449,78.24585],[-102.973291,78.267236],[-102.891797,78.27124],[-102.825537,78.250049],[-102.788281,78.218164],[-103.003369,78.146436]]]}},{"type":"Feature","properties":{},"geometry":{"type":"Polygon","coordinates":[[[-101.693555,77.696582],[-101.831055,77.687354],[-102.079834,77.692188],[-102.377832,77.728125],[-102.458203,77.770166],[-102.475049,77.83667],[-102.471533,77.873486],[-102.447705,77.880615],[-102.263184,77.889355],[-101.917871,77.899609],[-101.639404,77.89209],[-101.322021,77.85415],[-101.193213,77.829785],[-101.127588,77.812598],[-101.04624,77.777832],[-101.01958,77.762451],[-101.002051,77.735107],[-101.397656,77.729053],[-101.58457,77.718311],[-101.693555,77.696582]]]}},{"type":"Feature","properties":{},"geometry":{"type":"Polygon","coordinates":[[[-89.726465,76.507422],[-89.773291,76.493848],[-89.924121,76.500879],[-89.974121,76.487549],[-90.054297,76.495117],[-90.164551,76.523584],[-90.293506,76.579492],[-90.440967,76.662793],[-90.55625,76.73457],[-90.5625,76.754297],[-90.524805,76.787842],[-90.409521,76.810156],[-90.136328,76.836963],[-89.948779,76.83623],[-89.774561,76.782031],[-89.725293,76.763428],[-89.69541,76.741162],[-89.694434,76.719824],[-89.708643,76.701172],[-89.787549,76.659619],[-89.822119,76.630615],[-89.821924,76.602197],[-89.804785,76.561084],[-89.772949,76.533936],[-89.726367,76.520801],[-89.726465,76.507422]]]}},{"type":"Feature","properties":{},"geometry":{"type":"Polygon","coordinates":[[[-96.078564,75.510107],[-96.156396,75.477246],[-96.236621,75.474805],[-96.344482,75.505957],[-96.461621,75.494238],[-96.621973,75.431299],[-96.679004,75.394189],[-96.722852,75.380762],[-96.857129,75.369141],[-96.915137,75.379688],[-96.969629,75.412646],[-97.020654,75.468066],[-96.982812,75.509814],[-96.856152,75.537939],[-96.5229,75.583643],[-96.427686,75.606348],[-96.417236,75.630713],[-96.397266,75.646826],[-96.367822,75.654639],[-96.14541,75.613525],[-96.039844,75.585791],[-95.959863,75.554346],[-95.968604,75.541846],[-96.078564,75.510107]]]}},{"type":"Feature","properties":{},"geometry":{"type":"Polygon","coordinates":[[[-95.306641,74.50542],[-95.352441,74.500391],[-95.441504,74.506104],[-95.777197,74.550732],[-95.834375,74.569043],[-95.850732,74.582471],[-95.774414,74.598682],[-95.745605,74.615967],[-95.660449,74.636914],[-95.510205,74.636768],[-95.352539,74.585693],[-95.278369,74.539551],[-95.274463,74.519189],[-95.306641,74.50542]]]}},{"type":"Feature","properties":{},"geometry":{"type":"Polygon","coordinates":[[[-113.832471,77.754639],[-114.105908,77.720703],[-114.287207,77.721484],[-114.60835,77.769336],[-114.98042,77.91543],[-115.029346,77.967529],[-114.89043,77.976904],[-114.789502,77.99292],[-114.726465,78.015527],[-114.606885,78.040332],[-114.330371,78.077539],[-114.296875,78.063184],[-114.302881,78.032715],[-114.279834,78.004297],[-114.180957,77.998242],[-114.087207,77.97793],[-113.897754,77.915576],[-113.768018,77.903564],[-113.721387,77.889893],[-113.69668,77.868945],[-113.61792,77.832422],[-113.619385,77.813477],[-113.72583,77.775781],[-113.832471,77.754639]]]}},{"type":"Feature","properties":{},"geometry":{"type":"Polygon","coordinates":[[[-121.076221,75.745264],[-121.154297,75.740625],[-121.240918,75.751855],[-121.221094,75.77749],[-121.026318,75.84751],[-121.01543,75.867529],[-121.018066,75.883838],[-121.042285,75.902979],[-120.993018,75.927441],[-120.913965,75.9375],[-120.887793,75.927979],[-120.878711,75.906689],[-120.896875,75.844531],[-120.92124,75.814453],[-120.954932,75.78877],[-121.006641,75.765723],[-121.076221,75.745264]]]}},{"type":"Feature","properties":{},"geometry":{"type":"Polygon","coordinates":[[[-113.560693,76.743262],[-113.712451,76.710547],[-114.751465,76.758887],[-114.808301,76.774072],[-114.835254,76.794678],[-114.64707,76.851025],[-114.419873,76.875342],[-113.89165,76.894873],[-113.70752,76.872949],[-113.5854,76.847314],[-113.516504,76.825049],[-113.487598,76.783252],[-113.560693,76.743262]]]}},{"type":"Feature","properties":{},"geometry":{"type":"Polygon","coordinates":[[[-104.119922,75.036328],[-104.308691,75.030957],[-104.634326,75.061279],[-104.828125,75.119727],[-104.887402,75.147754],[-104.881641,75.160498],[-104.848096,75.173047],[-104.801318,75.211035],[-104.690381,75.320703],[-104.648828,75.349756],[-104.47417,75.413037],[-104.346191,75.429932],[-104.074658,75.424512],[-103.916992,75.391846],[-103.851172,75.370801],[-103.804102,75.345508],[-103.75791,75.289062],[-103.746484,75.252441],[-103.667236,75.210693],[-103.643506,75.186572],[-103.642139,75.162939],[-103.664258,75.139062],[-103.709717,75.11499],[-103.813916,75.079736],[-104.119922,75.036328]]]}},{"type":"Feature","properties":{},"geometry":{"type":"Polygon","coordinates":[[[-55.536133,50.719678],[-55.569678,50.708691],[-55.600781,50.709033],[-55.629346,50.720801],[-55.633887,50.740186],[-55.604492,50.780713],[-55.527197,50.801221],[-55.469287,50.796387],[-55.472754,50.775928],[-55.503809,50.742139],[-55.536133,50.719678]]]}},{"type":"Feature","properties":{},"geometry":{"type":"Polygon","coordinates":[[[-54.554395,49.588867],[-54.708691,49.530664],[-54.743848,49.507764],[-54.786523,49.496143],[-54.818506,49.514453],[-54.863574,49.576074],[-54.85542,49.596582],[-54.813086,49.599365],[-54.78877,49.591211],[-54.782617,49.57207],[-54.764062,49.562354],[-54.733105,49.562158],[-54.61875,49.62207],[-54.55918,49.631494],[-54.537695,49.619971],[-54.554395,49.588867]]]}},{"type":"Feature","properties":{},"geometry":{"type":"Polygon","coordinates":[[[-55.36123,51.889648],[-55.408887,51.888818],[-55.419629,51.900049],[-55.399805,51.938477],[-55.346484,51.982861],[-55.274072,51.995166],[-55.293555,51.92998],[-55.36123,51.889648]]]}},{"type":"Feature","properties":{},"geometry":{"type":"Polygon","coordinates":[[[-54.093701,49.744434],[-54.019922,49.679492],[-53.980664,49.661963],[-54.238379,49.59165],[-54.269238,49.587012],[-54.286133,49.595361],[-54.28877,49.66084],[-54.277637,49.711475],[-54.258984,49.718994],[-54.199365,49.688525],[-54.137695,49.751172],[-54.093701,49.744434]]]}},{"type":"Feature","properties":{},"geometry":{"type":"Polygon","coordinates":[[[-56.26709,46.838477],[-56.354199,46.795312],[-56.384766,46.819434],[-56.377246,46.847656],[-56.332568,46.915967],[-56.333936,46.935645],[-56.386914,47.067969],[-56.37793,47.089551],[-56.364648,47.098975],[-56.287354,47.070996],[-56.278369,47.03501],[-56.314893,46.953857],[-56.289795,46.899902],[-56.255469,46.860986],[-56.26709,46.838477]]]}},{"type":"Feature","properties":{},"geometry":{"type":"Polygon","coordinates":[[[-54.227148,47.441357],[-54.276074,47.406543],[-54.325977,47.408105],[-54.320117,47.438525],[-54.258691,47.497656],[-54.227393,47.53999],[-54.22627,47.565527],[-54.214941,47.585107],[-54.168359,47.60708],[-54.128174,47.646826],[-54.147559,47.573096],[-54.227148,47.441357]]]}},{"type":"Feature","properties":{},"geometry":{"type":"Polygon","coordinates":[[[-100.217236,68.806689],[-100.248779,68.775049],[-100.287939,68.766064],[-100.365723,68.728809],[-100.397314,68.723828],[-100.442578,68.747559],[-100.480664,68.786182],[-100.496924,68.792236],[-100.521045,68.790674],[-100.573389,68.766064],[-100.596533,68.766406],[-100.615967,68.78291],[-100.625391,68.815918],[-100.624658,68.865283],[-100.599902,68.941357],[-100.59834,68.969092],[-100.611572,68.990186],[-100.600635,69.009424],[-100.565479,69.026807],[-100.520312,69.035059],[-100.413965,69.028076],[-100.329932,68.997559],[-100.288965,68.957666],[-100.206885,68.926172],[-100.178467,68.903906],[-100.217236,68.806689]]]}},{"type":"Feature","properties":{},"geometry":{"type":"Polygon","coordinates":[[[-99.994678,69.013525],[-100.018018,68.954004],[-100.141309,68.969922],[-100.195703,68.991455],[-100.241992,69.040381],[-100.247363,69.052783],[-100.237061,69.071484],[-100.186963,69.114014],[-100.153125,69.129492],[-100.072803,69.111475],[-100.035352,69.086572],[-100.005615,69.047119],[-99.994678,69.013525]]]}},{"type":"Feature","properties":{},"geometry":{"type":"Polygon","coordinates":[[[-100.30835,70.495801],[-100.32124,70.487695],[-100.537256,70.525],[-100.620654,70.546924],[-100.647754,70.563135],[-100.666943,70.59624],[-100.67832,70.646191],[-100.635303,70.670312],[-100.537939,70.668604],[-100.433936,70.649414],[-100.276123,70.594629],[-100.321094,70.578369],[-100.323242,70.542432],[-100.305518,70.508398],[-100.30835,70.495801]]]}},{"type":"Feature","properties":{},"geometry":{"type":"Polygon","coordinates":[[[-95.513672,69.573633],[-95.380908,69.506592],[-95.38208,69.474072],[-95.399414,69.419775],[-95.437451,69.378467],[-95.49624,69.350098],[-95.578516,69.33584],[-95.684375,69.335693],[-95.730127,69.347559],[-95.695898,69.389551],[-95.670166,69.402002],[-95.66582,69.438965],[-95.682812,69.500293],[-95.704102,69.538037],[-95.763623,69.559619],[-95.806201,69.560498],[-95.817773,69.540576],[-95.79834,69.499805],[-95.811816,69.447021],[-95.858203,69.382227],[-95.893457,69.351758],[-95.956055,69.367139],[-95.985937,69.391895],[-95.97793,69.432715],[-95.994775,69.469678],[-95.978857,69.508838],[-95.93623,69.567041],[-95.87583,69.606006],[-95.797754,69.625732],[-95.706641,69.624316],[-95.60249,69.601807],[-95.513672,69.573633]]]}},{"type":"Feature","properties":{},"geometry":{"type":"Polygon","coordinates":[[[-101.171729,69.39707],[-101.253516,69.388477],[-101.268506,69.390576],[-101.261523,69.417822],[-101.267627,69.431494],[-101.289502,69.44126],[-101.217773,69.462939],[-101.207324,69.479834],[-101.230127,69.492822],[-101.328467,69.517432],[-101.356494,69.539697],[-101.351318,69.559229],[-101.312891,69.576074],[-101.244873,69.573535],[-101.09834,69.540771],[-101.031152,69.495459],[-101.000635,69.461914],[-101.04917,69.456934],[-101.086865,69.443359],[-101.126953,69.414697],[-101.171729,69.39707]]]}},{"type":"Feature","properties":{},"geometry":{"type":"Polygon","coordinates":[[[-101.845898,68.586328],[-101.887207,68.584961],[-101.944629,68.602832],[-102.266357,68.663672],[-102.308154,68.681982],[-102.270508,68.707568],[-102.15332,68.740479],[-102.074365,68.774023],[-102.013379,68.825391],[-101.828369,68.798975],[-101.759326,68.774609],[-101.732959,68.753418],[-101.721631,68.724121],[-101.732031,68.652148],[-101.794287,68.636865],[-101.845898,68.586328]]]}},{"type":"Feature","properties":{},"geometry":{"type":"Polygon","coordinates":[[[-104.540674,68.405908],[-104.595996,68.402197],[-104.699463,68.418262],[-104.851123,68.453955],[-104.965234,68.491748],[-105.041748,68.531543],[-105.051367,68.559033],[-104.993994,68.574219],[-104.907275,68.581787],[-104.700391,68.576709],[-104.602002,68.561523],[-104.472119,68.503516],[-104.444531,68.470703],[-104.440479,68.449512],[-104.457129,68.431152],[-104.540674,68.405908]]]}},{"type":"Feature","properties":{},"geometry":{"type":"Polygon","coordinates":[[[-107.899854,67.401807],[-107.950244,67.318213],[-107.969531,67.326025],[-108.003955,67.365918],[-108.07334,67.385059],[-108.152246,67.429443],[-108.151123,67.524805],[-108.12085,67.568164],[-108.127539,67.628564],[-108.048975,67.664893],[-107.990869,67.622119],[-107.974902,67.549365],[-107.989355,67.513574],[-107.931787,67.476465],[-107.905176,67.467041],[-107.890967,67.437207],[-107.899854,67.401807]]]}},{"type":"Feature","properties":{},"geometry":{"type":"Polygon","coordinates":[[[-109.166406,67.982373],[-109.053906,67.971875],[-108.970508,67.979736],[-108.909619,67.939404],[-108.886035,67.898535],[-108.893848,67.884473],[-108.920166,67.878809],[-109.09624,67.924023],[-109.161523,67.951709],[-109.183594,67.975],[-109.166406,67.982373]]]}},{"type":"Feature","properties":{},"geometry":{"type":"Polygon","coordinates":[[[-108.092725,67.005176],[-107.966455,66.997266],[-107.805518,66.998584],[-107.83335,66.921338],[-107.895166,66.871875],[-107.943945,66.857812],[-107.965137,66.884863],[-108.059717,66.946875],[-108.092725,67.005176]]]}},{"type":"Feature","properties":{},"geometry":{"type":"Polygon","coordinates":[[[-109.323145,67.990869],[-109.36084,67.987598],[-109.497949,68.047021],[-109.469141,68.097998],[-109.341699,68.04585],[-109.323535,68.01333],[-109.323145,67.990869]]]}},{"type":"Feature","properties":{},"geometry":{"type":"Polygon","coordinates":[[[-60.994482,56.039307],[-60.982715,56.015137],[-61.137012,56.032568],[-61.191309,56.047852],[-61.19585,56.063916],[-61.188184,56.088965],[-61.157568,56.118359],[-61.086914,56.14082],[-61.048535,56.129248],[-60.966406,56.098828],[-60.955371,56.08042],[-60.994482,56.039307]]]}},{"type":"Feature","properties":{},"geometry":{"type":"Polygon","coordinates":[[[-61.743604,57.55459],[-61.659521,57.524951],[-61.6375,57.416064],[-61.795264,57.422461],[-61.975488,57.49541],[-62.01123,57.548486],[-62.007227,57.557617],[-61.983301,57.566748],[-61.9375,57.554102],[-61.893066,57.573145],[-61.84834,57.579346],[-61.743604,57.55459]]]}},{"type":"Feature","properties":{},"geometry":{"type":"Polygon","coordinates":[[[-69.160059,59.040234],[-69.22085,58.967578],[-69.301709,58.976611],[-69.330811,58.961621],[-69.352832,58.960742],[-69.316309,59.028955],[-69.311523,59.074805],[-69.32998,59.12124],[-69.303223,59.144873],[-69.195166,59.146143],[-69.193799,59.092773],[-69.180664,59.072705],[-69.155176,59.063574],[-69.160059,59.040234]]]}},{"type":"Feature","properties":{},"geometry":{"type":"Polygon","coordinates":[[[22.175098,60.370752],[22.301758,60.347559],[22.35498,60.355859],[22.415527,60.303369],[22.312891,60.269971],[22.305762,60.228564],[22.346289,60.202832],[22.360547,60.165576],[22.258301,60.165625],[22.209375,60.196973],[22.188086,60.236768],[22.140527,60.264893],[22.077148,60.286328],[22.108203,60.314893],[22.125879,60.355859],[22.175098,60.370752]]]}},{"type":"Feature","properties":{},"geometry":{"type":"Polygon","coordinates":[[[21.450879,60.52959],[21.436914,60.483057],[21.369043,60.488232],[21.3,60.479785],[21.244336,60.525977],[21.214551,60.603857],[21.224707,60.620605],[21.268066,60.638281],[21.30127,60.595557],[21.450879,60.52959]]]}},{"type":"Feature","properties":{},"geometry":{"type":"Polygon","coordinates":[[[21.833203,60.140527],[21.733105,60.106152],[21.69502,60.114355],[21.704785,60.172314],[21.764258,60.198828],[21.864355,60.201807],[21.833203,60.140527]]]}},{"type":"Feature","properties":{},"geometry":{"type":"Polygon","coordinates":[[[-64.407031,60.36709],[-64.441943,60.297852],[-64.558203,60.323242],[-64.737939,60.375635],[-64.808984,60.4104],[-64.833789,60.448437],[-64.836426,60.501025],[-64.782568,60.509619],[-64.646289,60.5146],[-64.53252,60.441406],[-64.499805,60.430225],[-64.407031,60.36709]]]}},{"type":"Feature","properties":{},"geometry":{"type":"Polygon","coordinates":[[[126.171973,34.731152],[126.158789,34.706982],[126.115234,34.714209],[126.070605,34.783057],[126.052051,34.837549],[126.00752,34.86748],[126.078418,34.914844],[126.168555,34.829687],[126.171973,34.731152]]]}},{"type":"Feature","properties":{},"geometry":{"type":"Polygon","coordinates":[[[72.491992,-7.377441],[72.46875,-7.417188],[72.429102,-7.435352],[72.407617,-7.334473],[72.349707,-7.263379],[72.372852,-7.263379],[72.427441,-7.299805],[72.447266,-7.395703],[72.467188,-7.367578],[72.462207,-7.337793],[72.47373,-7.309668],[72.46543,-7.278223],[72.435742,-7.230273],[72.445605,-7.22041],[72.493555,-7.261719],[72.498535,-7.294824],[72.491992,-7.377441]]]}},{"type":"Feature","properties":{},"geometry":{"type":"Polygon","coordinates":[[[-139.556201,-8.940234],[-139.620996,-8.947949],[-139.631787,-8.898535],[-139.611768,-8.872363],[-139.583984,-8.860059],[-139.53457,-8.875391],[-139.50835,-8.89707],[-139.509912,-8.915625],[-139.556201,-8.940234]]]}},{"type":"Feature","properties":{},"geometry":{"type":"Polygon","coordinates":[[[157.64541,-8.758887],[157.643164,-8.794043],[157.58584,-8.783105],[157.45791,-8.730176],[157.453516,-8.705957],[157.526367,-8.69707],[157.579297,-8.703711],[157.623242,-8.73457],[157.64541,-8.758887]]]}},{"type":"Feature","properties":{},"geometry":{"type":"Polygon","coordinates":[[[20.611328,60.040674],[20.603418,60.016943],[20.521777,60.01167],[20.4875,60.032764],[20.41123,60.030127],[20.397949,60.040674],[20.42959,60.061719],[20.490137,60.074902],[20.569141,60.069629],[20.611328,60.040674]]]}},{"type":"Feature","properties":{},"geometry":{"type":"Polygon","coordinates":[[[21.62832,60.107812],[21.540625,60.0979],[21.486035,60.126807],[21.506738,60.14834],[21.567969,60.172314],[21.634082,60.168994],[21.648145,60.140869],[21.62832,60.107812]]]}},{"type":"Feature","properties":{},"geometry":{"type":"Polygon","coordinates":[[[24.848242,64.991016],[24.698926,64.957813],[24.578613,64.978564],[24.576563,65.042871],[24.651172,65.073975],[24.786035,65.086426],[24.970605,65.055322],[24.997559,65.038721],[24.891797,65.02627],[24.848242,64.991016]]]}},{"type":"Feature","properties":{},"geometry":{"type":"Polygon","coordinates":[[[29.956152,69.796777],[29.766211,69.767529],[29.744238,69.791602],[29.785938,69.829053],[29.83584,69.905566],[29.913965,69.902441],[29.992969,69.873242],[30.055176,69.838379],[29.956152,69.796777]]]}},{"type":"Feature","properties":{},"geometry":{"type":"Polygon","coordinates":[[[4.958691,61.08457],[4.870117,61.071924],[4.799023,61.082715],[4.824414,61.178223],[4.861621,61.193848],[4.91543,61.199365],[4.973242,61.148242],[4.958691,61.08457]]]}},{"type":"Feature","properties":{},"geometry":{"type":"Polygon","coordinates":[[[8.102734,63.337598],[8.004688,63.336914],[7.888281,63.352344],[7.815332,63.385059],[7.804004,63.413916],[7.938379,63.449805],[8.073535,63.470801],[8.136133,63.431348],[8.140918,63.366406],[8.102734,63.337598]]]}},{"type":"Feature","properties":{},"geometry":{"type":"Polygon","coordinates":[[[8.470801,63.667139],[8.356152,63.664795],[8.287109,63.687158],[8.45127,63.731836],[8.708887,63.774316],[8.733398,63.801318],[8.764648,63.804639],[8.80918,63.771436],[8.814844,63.725977],[8.786523,63.703467],[8.470801,63.667139]]]}},{"type":"Feature","properties":{},"geometry":{"type":"Polygon","coordinates":[[[12.50957,65.901953],[12.429492,65.899072],[12.430176,65.939941],[12.476074,65.9771],[12.548828,66.001904],[12.642383,66.008545],[12.74707,66.011377],[12.778809,65.991699],[12.718652,65.963867],[12.50957,65.901953]]]}},{"type":"Feature","properties":{},"geometry":{"type":"Polygon","coordinates":[[[12.419922,66.043262],[12.327344,66.036621],[12.342773,66.080762],[12.417676,66.122656],[12.446387,66.151318],[12.461328,66.18501],[12.527441,66.210547],[12.620801,66.17793],[12.622656,66.122461],[12.576367,66.071924],[12.419922,66.043262]]]}},{"type":"Feature","properties":{},"geometry":{"type":"Polygon","coordinates":[[[19.76748,70.216699],[19.818359,70.20498],[19.868652,70.212256],[19.910449,70.201904],[19.994141,70.149268],[20.084277,70.128564],[20.088477,70.102051],[20.005957,70.076221],[19.897266,70.068457],[19.780859,70.077441],[19.74668,70.110498],[19.71084,70.165332],[19.613477,70.219092],[19.599023,70.266162],[19.683789,70.273584],[19.76748,70.216699]]]}},{"type":"Feature","properties":{},"geometry":{"type":"Polygon","coordinates":[[[23.440527,70.815771],[23.420898,70.784424],[23.387109,70.753906],[23.305176,70.72168],[23.068164,70.594092],[22.928906,70.573535],[22.884766,70.553516],[22.829102,70.541553],[22.656055,70.559033],[22.605371,70.533154],[22.55752,70.515869],[22.432227,70.50918],[22.358691,70.514795],[22.16875,70.562109],[22.055762,70.61333],[21.994531,70.657129],[22.17002,70.656299],[22.232617,70.666895],[22.350293,70.657666],[22.420996,70.702588],[22.570703,70.697168],[22.858105,70.728418],[22.963574,70.710986],[23.204688,70.815479],[23.280176,70.812744],[23.395605,70.842578],[23.440527,70.815771]]]}},{"type":"Feature","properties":{},"geometry":{"type":"Polygon","coordinates":[[[20.779199,70.089746],[20.725293,70.066504],[20.642578,70.057031],[20.598047,70.071436],[20.534668,70.080908],[20.464258,70.076562],[20.405078,70.119141],[20.411719,70.154883],[20.492773,70.20332],[20.654883,70.230859],[20.786035,70.219531],[20.819434,70.205469],[20.779199,70.089746]]]}},{"type":"Feature","properties":{},"geometry":{"type":"Polygon","coordinates":[[[25.586328,71.14209],[25.853516,71.103857],[25.94502,71.104639],[26.077637,71.033154],[26.146875,71.039502],[26.133789,70.995801],[25.999707,70.975098],[25.791309,70.9625],[25.760156,70.953809],[25.582031,70.960791],[25.482031,71.01958],[25.314941,71.034131],[25.315234,71.052979],[25.423438,71.097412],[25.586328,71.14209]]]}},{"type":"Feature","properties":{},"geometry":{"type":"Polygon","coordinates":[[[23.615332,70.549316],[23.633984,70.502539],[23.641016,70.463965],[23.547754,70.408154],[23.332813,70.334961],[23.345117,70.315283],[23.270703,70.296484],[23.15918,70.282617],[23.100293,70.296094],[23.108398,70.358838],[23.090625,70.377637],[23.005957,70.352783],[22.917871,70.384668],[22.917773,70.416748],[22.941016,70.44458],[23.022461,70.486914],[23.158398,70.516064],[23.248047,70.505127],[23.54668,70.61709],[23.578906,70.593652],[23.615332,70.549316]]]}},{"type":"Feature","properties":{},"geometry":{"type":"Polygon","coordinates":[[[24.017578,70.567383],[23.827148,70.52749],[23.716602,70.561865],[23.670117,70.59707],[23.663281,70.675244],[23.68916,70.722803],[23.778418,70.747363],[23.836523,70.729395],[23.852051,70.714355],[23.956445,70.699609],[24.07832,70.650586],[24.017578,70.567383]]]}},{"type":"Feature","properties":{},"geometry":{"type":"Polygon","coordinates":[[[13.872852,68.265332],[13.932324,68.248242],[14.087695,68.253223],[14.118848,68.246826],[14.096777,68.218604],[14.029297,68.187549],[13.887695,68.168506],[13.824023,68.121094],[13.778418,68.10498],[13.656152,68.104785],[13.583984,68.093848],[13.495215,68.05166],[13.424219,68.082764],[13.404395,68.060693],[13.391504,68.02124],[13.352051,68.009668],[13.229395,67.995361],[13.199512,68.087256],[13.255957,68.120605],[13.300195,68.160449],[13.367969,68.166553],[13.428711,68.163232],[13.537988,68.249023],[13.687695,68.273389],[13.784082,68.276123],[13.872852,68.265332]]]}},{"type":"Feature","properties":{},"geometry":{"type":"Polygon","coordinates":[[[12.971777,67.874121],[12.824023,67.82124],[12.87793,67.917773],[12.957715,68.015479],[13.068066,68.071338],[13.122852,68.049414],[13.097754,68.002686],[13.098242,67.956445],[13.074609,67.93457],[12.971777,67.874121]]]}},{"type":"Feature","properties":{},"geometry":{"type":"Polygon","coordinates":[[[17.503027,69.59624],[17.623242,69.539062],[17.677344,69.556543],[17.783691,69.563037],[17.862793,69.542969],[17.927441,69.506641],[18.004102,69.50498],[18.052246,69.45752],[18.076758,69.395752],[18.021094,69.349609],[17.94209,69.328711],[17.920703,69.274316],[17.950684,69.198145],[17.773535,69.172021],[17.568164,69.1604],[17.487891,69.196826],[17.323633,69.130029],[17.160938,69.025928],[17.08252,69.013672],[17.077051,69.046631],[16.960156,69.069385],[16.810449,69.070703],[16.81543,69.095117],[16.842578,69.112354],[16.971777,69.137891],[16.997559,69.190625],[16.974121,69.284717],[16.996875,69.330371],[17.001758,69.361914],[17.083008,69.398828],[17.36084,69.381494],[17.394531,69.416699],[17.373438,69.438867],[17.229883,69.477686],[17.251953,69.503809],[17.355566,69.527148],[17.453613,69.530176],[17.483105,69.569678],[17.488184,69.586865],[17.503027,69.59624]]]}},{"type":"Feature","properties":{},"geometry":{"type":"Polygon","coordinates":[[[19.255078,70.066406],[19.34375,70.011963],[19.422266,70.017188],[19.445898,70.037744],[19.499512,70.0479],[19.607813,70.019141],[19.592285,69.970166],[19.442383,69.908398],[19.334766,69.820264],[19.19707,69.799805],[19.130859,69.810449],[19.007812,69.75957],[18.90918,69.706689],[18.806934,69.639844],[18.800684,69.605371],[18.784766,69.579004],[18.410254,69.552832],[18.274121,69.535498],[18.129883,69.557861],[18.061523,69.6021],[18.083496,69.626123],[18.227441,69.635742],[18.232031,69.676758],[18.268457,69.701807],[18.315039,69.715479],[18.349316,69.767871],[18.40625,69.781543],[18.512402,69.768652],[18.583984,69.806592],[18.624316,69.813037],[18.674023,69.781641],[18.697949,69.824854],[18.674023,69.864307],[18.686523,69.890918],[18.823828,69.960107],[18.883203,70.010547],[18.968652,70.043018],[19.050977,70.037842],[19.074902,70.085693],[19.050977,70.134668],[19.060059,70.166602],[19.132715,70.244141],[19.212695,70.247461],[19.249414,70.178564],[19.255078,70.066406]]]}},{"type":"Feature","properties":{},"geometry":{"type":"Polygon","coordinates":[[[15.760352,68.56123],[15.772363,68.554199],[15.908594,68.650488],[16.05957,68.680518],[16.068945,68.714014],[16.127441,68.746436],[16.120801,68.799365],[16.150586,68.842383],[16.227539,68.85376],[16.275586,68.868311],[16.328906,68.876318],[16.425195,68.841553],[16.479688,68.80293],[16.547363,68.716553],[16.519238,68.633008],[16.337988,68.567871],[16.193945,68.538477],[16.048438,68.463672],[15.975293,68.40249],[15.9125,68.389258],[15.872754,68.394238],[15.837402,68.409033],[15.763672,68.409082],[15.68252,68.356006],[15.4375,68.312842],[15.341406,68.325293],[15.337012,68.378223],[15.279688,68.373828],[15.187891,68.3104],[15.098047,68.289209],[15.037695,68.282715],[14.926855,68.306592],[14.628906,68.198486],[14.349512,68.178271],[14.25752,68.190771],[14.257227,68.256934],[14.437793,68.341553],[14.58584,68.400342],[15.095313,68.441406],[15.412598,68.61582],[15.489258,68.805322],[15.564258,68.87373],[15.529004,68.912402],[15.443652,68.919189],[15.438477,68.978564],[15.483008,69.043457],[15.649512,69.132568],[15.741992,69.170508],[15.892676,69.277881],[15.965332,69.302051],[16.048047,69.302051],[16.129492,69.273926],[16.114844,69.216406],[15.992676,69.112646],[15.811719,69.024219],[15.833789,68.960742],[15.905859,68.908496],[15.923535,68.819189],[15.92793,68.733203],[15.790723,68.617041],[15.760352,68.56123]]]}},{"type":"Feature","properties":{},"geometry":{"type":"Polygon","coordinates":[[[15.207129,68.943115],[15.337207,68.842432],[15.396582,68.783594],[15.348438,68.672412],[15.22207,68.616309],[15.027051,68.606348],[14.890234,68.610986],[14.804004,68.637988],[14.793262,68.668262],[14.743457,68.677197],[14.612109,68.63833],[14.520801,68.633057],[14.404688,68.663232],[14.373438,68.711426],[14.49668,68.771875],[14.553711,68.818848],[14.69043,68.814697],[14.724609,68.800098],[14.801855,68.790967],[14.848828,68.847559],[14.837988,68.88667],[14.872363,68.913867],[15.0375,68.894287],[15.037793,69.000537],[15.101855,69.008008],[15.128125,69.003955],[15.175586,68.981543],[15.207129,68.943115]]]}},{"type":"Feature","properties":{},"geometry":{"type":"Polygon","coordinates":[[[11.231445,64.865869],[11.179004,64.838037],[11.0625,64.8604],[10.83252,64.843115],[10.739844,64.870312],[10.813477,64.923242],[11.020996,64.978711],[11.132617,64.976172],[11.246191,64.90791],[11.231445,64.865869]]]}},{"type":"Feature","properties":{},"geometry":{"type":"Polygon","coordinates":[[[5.08584,60.307568],[5.089063,60.18877],[4.996973,60.197754],[4.955566,60.243311],[4.943555,60.272412],[4.950781,60.341162],[4.930078,60.412061],[4.957227,60.447266],[4.990625,60.452051],[5.050195,60.388965],[5.08584,60.307568]]]}},{"type":"Feature","properties":{},"geometry":{"type":"Polygon","coordinates":[[[11.967969,65.626514],[11.901855,65.595703],[11.77832,65.604541],[11.765137,65.630957],[11.800391,65.683887],[11.875391,65.705908],[11.972363,65.701562],[12.003223,65.679443],[11.967969,65.626514]]]}},{"type":"Feature","properties":{},"geometry":{"type":"Polygon","coordinates":[[[-79.063086,75.925879],[-79.051758,75.866992],[-79.124414,75.869678],[-79.355664,75.831152],[-79.544531,75.825635],[-79.63877,75.84292],[-79.69873,75.883252],[-79.55127,75.95835],[-79.381787,76.01084],[-79.17832,76.092383],[-79.009326,76.145898],[-78.925879,76.134668],[-78.845166,76.106299],[-78.946436,76.025439],[-79.056641,75.985156],[-79.063086,75.925879]]]}},{"type":"Feature","properties":{},"geometry":{"type":"Polygon","coordinates":[[[-71.667334,77.325293],[-72.023535,77.316455],[-72.374414,77.35542],[-72.494922,77.385547],[-72.489551,77.431641],[-72.436426,77.447559],[-72.246777,77.463525],[-72.089062,77.46709],[-71.982764,77.459961],[-71.73291,77.431641],[-71.552148,77.403271],[-71.433447,77.394385],[-71.46709,77.353662],[-71.667334,77.325293]]]}},{"type":"Feature","properties":{},"geometry":{"type":"Polygon","coordinates":[[[-44.864551,82.083643],[-45.067432,82.066016],[-45.490771,82.171826],[-46.161035,82.277686],[-46.751904,82.348193],[-47.30752,82.533398],[-47.351221,82.599219],[-47.272266,82.656934],[-46.787207,82.665723],[-46.39917,82.692139],[-45.411377,82.577539],[-44.91748,82.480518],[-44.749902,82.401123],[-44.776367,82.242383],[-44.864551,82.083643]]]}},{"type":"Feature","properties":{},"geometry":{"type":"Polygon","coordinates":[[[-18.664746,81.846484],[-18.767676,81.814307],[-19.031445,81.827197],[-19.369287,81.917285],[-19.594482,81.99126],[-19.610547,82.078125],[-19.494727,82.116699],[-19.314551,82.123193],[-19.066895,82.04917],[-18.812695,81.949463],[-18.664746,81.846484]]]}},{"type":"Feature","properties":{},"geometry":{"type":"Polygon","coordinates":[[[-17.6125,79.825879],[-18.03584,79.71123],[-18.662012,79.72002],[-19.032422,79.772949],[-19.138281,79.852344],[-18.997168,79.940479],[-18.547363,80.011084],[-17.98291,80.055176],[-17.471387,80.028711],[-17.40083,79.940479],[-17.6125,79.825879]]]}},{"type":"Feature","properties":{},"geometry":{"type":"Polygon","coordinates":[[[-18.997168,77.973779],[-19.129492,77.938525],[-19.217627,78.044336],[-19.297021,78.185449],[-19.314697,78.344189],[-19.111816,78.423584],[-19.005957,78.441211],[-18.9354,78.423584],[-18.953027,78.352979],[-18.953027,78.211914],[-18.882471,78.114893],[-18.997168,77.973779]]]}},{"type":"Feature","properties":{},"geometry":{"type":"Polygon","coordinates":[[[-18.582617,76.042334],[-18.697266,76.015869],[-19.085352,76.430371],[-19.085352,76.580273],[-19.058887,76.694971],[-18.882471,76.703809],[-18.732617,76.642041],[-18.662012,76.403906],[-18.582617,76.042334]]]}},{"type":"Feature","properties":{},"geometry":{"type":"Polygon","coordinates":[[[-18.000537,75.407324],[-17.921191,75.301514],[-17.885889,75.204443],[-17.762402,75.142773],[-17.497852,75.151514],[-17.391992,75.036914],[-17.586035,74.992773],[-18.35332,75.010449],[-18.670801,75.00166],[-18.891309,75.072168],[-18.882471,75.195654],[-18.856055,75.319141],[-18.635547,75.389648],[-18.450342,75.327979],[-18.229883,75.37207],[-18.000537,75.407324]]]}},{"type":"Feature","properties":{},"geometry":{"type":"Polygon","coordinates":[[[-17.953711,77.642334],[-18.147998,77.642334],[-18.22002,77.668359],[-18.174023,77.714355],[-17.903711,77.862598],[-17.813574,77.874609],[-17.681445,77.858594],[-17.641357,77.782471],[-17.729492,77.706396],[-17.953711,77.642334]]]}},{"type":"Feature","properties":{},"geometry":{"type":"Polygon","coordinates":[[[180,-16.540039],[179.987207,-16.541211],[179.984668,-16.522168],[180,-16.488867],[180,-16.540039]]]}},{"type":"Feature","properties":{},"geometry":{"type":"Polygon","coordinates":[[[-179.956152,-16.149219],[-180,-16.168262],[-180,-16.156055],[-180,-16.15293],[-179.969385,-16.126074],[-179.94458,-16.126074],[-179.956152,-16.149219]]]}},{"type":"Feature","properties":{},"geometry":{"type":"Polygon","coordinates":[[[-85.870947,16.461523],[-85.947217,16.403613],[-85.960986,16.429688],[-85.924219,16.483301],[-85.878223,16.513965],[-85.833789,16.510889],[-85.844434,16.487744],[-85.870947,16.461523]]]}},{"type":"Feature","properties":{},"geometry":{"type":"Polygon","coordinates":[[[25.402734,37.419141],[25.307129,37.412988],[25.312695,37.489307],[25.348145,37.50918],[25.462988,37.471094],[25.457422,37.44707],[25.402734,37.419141]]]}},{"type":"Feature","properties":{},"geometry":{"type":"Polygon","coordinates":[[[166.958398,-0.516602],[166.938965,-0.550781],[166.916406,-0.546484],[166.907031,-0.52373],[166.913574,-0.499121],[166.938965,-0.489355],[166.955664,-0.496973],[166.958398,-0.516602]]]}},{"type":"Feature","properties":{},"geometry":{"type":"Polygon","coordinates":[[[169.635059,5.830078],[169.61543,5.799805],[169.590527,5.801904],[169.612207,5.824414],[169.627148,5.855811],[169.651074,5.945117],[169.700391,5.977051],[169.73457,6.01416],[169.726367,5.975684],[169.672559,5.935205],[169.635059,5.830078]]]}},{"type":"Feature","properties":{},"geometry":{"type":"Polygon","coordinates":[[[172.969629,3.129199],[172.90625,3.095898],[172.887109,3.10127],[172.9625,3.148779],[172.962207,3.14292],[172.969629,3.129199]]]}},{"type":"Feature","properties":{},"geometry":{"type":"Polygon","coordinates":[[[172.844238,3.051221],[172.770313,3.012549],[172.750488,3.033057],[172.777344,3.033887],[172.826953,3.071094],[172.887109,3.073975],[172.880273,3.053516],[172.844238,3.051221]]]}},{"type":"Feature","properties":{},"geometry":{"type":"Polygon","coordinates":[[[173.01875,1.845703],[173.023633,1.822559],[172.966602,1.8854],[172.932715,1.925928],[172.934766,1.943701],[172.950098,1.93252],[172.969141,1.912695],[172.981543,1.896973],[173.01875,1.845703]]]}},{"type":"Feature","properties":{},"geometry":{"type":"Polygon","coordinates":[[[173.029395,1.717383],[172.993262,1.713086],[173.02041,1.72749],[173.027832,1.747314],[173.023633,1.809326],[173.037695,1.804395],[173.042676,1.77876],[173.045215,1.741553],[173.029395,1.717383]]]}},{"type":"Feature","properties":{},"geometry":{"type":"Polygon","coordinates":[[[173.032813,1.013135],[173.086523,0.973437],[173.079492,0.94624],[173.061426,0.915234],[172.991113,0.835449],[172.969922,0.842773],[173.038574,0.914746],[173.065039,0.962695],[173.025586,0.999072],[173.009961,0.990967],[173.003711,0.990967],[172.990039,1.025098],[173.003711,1.025098],[173.032813,1.013135]]]}},{"type":"Feature","properties":{},"geometry":{"type":"Polygon","coordinates":[[[174.508691,-0.801758],[174.476367,-0.829004],[174.464063,-0.804199],[174.479688,-0.773633],[174.452734,-0.64707],[174.407813,-0.629785],[174.381055,-0.591797],[174.394043,-0.591797],[174.43877,-0.626563],[174.474805,-0.642188],[174.49541,-0.725684],[174.508691,-0.801758]]]}},{"type":"Feature","properties":{},"geometry":{"type":"Polygon","coordinates":[[[174.773242,-1.211914],[174.778906,-1.263379],[174.755957,-1.256445],[174.748438,-1.236426],[174.741016,-1.18457],[174.716797,-1.133691],[174.744141,-1.147363],[174.766602,-1.187109],[174.773242,-1.211914]]]}},{"type":"Feature","properties":{},"geometry":{"type":"Polygon","coordinates":[[[168.830273,7.308984],[168.81543,7.293555],[168.719238,7.302734],[168.675098,7.321924],[168.679297,7.33623],[168.755469,7.322461],[168.830273,7.308984]]]}},{"type":"Feature","properties":{},"geometry":{"type":"Polygon","coordinates":[[[171.577344,7.048242],[171.614746,7.026611],[171.688379,7.028271],[171.756836,6.973145],[171.730469,6.976611],[171.693359,7.000146],[171.659375,7.010059],[171.61416,7.007178],[171.592773,7.01626],[171.577344,7.048242]]]}},{"type":"Feature","properties":{},"geometry":{"type":"Polygon","coordinates":[[[171.101953,7.138232],[171.226953,7.086963],[171.39375,7.110937],[171.366992,7.095557],[171.304688,7.081152],[171.263281,7.06875],[171.235352,7.06875],[171.202344,7.073535],[171.095508,7.109277],[171.035742,7.156104],[171.050391,7.171777],[171.101953,7.138232]]]}},{"type":"Feature","properties":{},"geometry":{"type":"Polygon","coordinates":[[[-178.04668,-14.318359],[-178.10332,-14.324902],[-178.158594,-14.311914],[-178.194385,-14.255469],[-178.178027,-14.231641],[-178.142236,-14.242578],[-178.105029,-14.28418],[-178.043652,-14.303223],[-178.04668,-14.318359]]]}},{"type":"Feature","properties":{},"geometry":{"type":"Polygon","coordinates":[[[-140.809375,-17.856641],[-140.804443,-17.875684],[-140.84082,-17.873145],[-140.851562,-17.866602],[-140.850732,-17.831055],[-140.824268,-17.787988],[-140.803613,-17.75166],[-140.761426,-17.717773],[-140.686182,-17.683789],[-140.649805,-17.669727],[-140.638232,-17.678027],[-140.652051,-17.683105],[-140.776318,-17.754102],[-140.815186,-17.803711],[-140.83252,-17.838477],[-140.829248,-17.849219],[-140.809375,-17.856641]]]}},{"type":"Feature","properties":{},"geometry":{"type":"Polygon","coordinates":[[[-136.293896,-18.544336],[-136.314063,-18.566309],[-136.316016,-18.545215],[-136.344043,-18.534863],[-136.38291,-18.513672],[-136.435693,-18.489063],[-136.464258,-18.485059],[-136.478516,-18.470801],[-136.458691,-18.463184],[-136.426123,-18.474316],[-136.380371,-18.496777],[-136.327637,-18.519336],[-136.293896,-18.544336]]]}},{"type":"Feature","properties":{},"geometry":{"type":"Polygon","coordinates":[[[-136.971729,-18.341992],[-136.971338,-18.360938],[-137.067578,-18.265332],[-137.029639,-18.272852],[-136.971729,-18.341992]]]}},{"type":"Feature","properties":{},"geometry":{"type":"Polygon","coordinates":[[[-138.505859,-20.857227],[-138.534863,-20.875879],[-138.524023,-20.850586],[-138.546387,-20.795117],[-138.568359,-20.787109],[-138.546387,-20.771191],[-138.514941,-20.813379],[-138.505859,-20.857227]]]}},{"type":"Feature","properties":{},"geometry":{"type":"Polygon","coordinates":[[[-140.685352,-18.379883],[-140.671875,-18.416113],[-140.696045,-18.399121],[-140.773242,-18.36377],[-140.781738,-18.33418],[-140.685352,-18.379883]]]}},{"type":"Feature","properties":{},"geometry":{"type":"Polygon","coordinates":[[[-140.829883,-18.189355],[-140.822705,-18.216895],[-140.860059,-18.19873],[-140.895459,-18.147949],[-140.958643,-18.085059],[-140.973535,-18.05918],[-140.925146,-18.083789],[-140.893262,-18.120508],[-140.829883,-18.189355]]]}},{"type":"Feature","properties":{},"geometry":{"type":"Polygon","coordinates":[[[-142.511816,-16.096289],[-142.52959,-16.107129],[-142.506836,-16.027734],[-142.481201,-16.017773],[-142.511816,-16.096289]]]}},{"type":"Feature","properties":{},"geometry":{"type":"Polygon","coordinates":[[[-143.440576,-16.619727],[-143.386182,-16.668848],[-143.458545,-16.635449],[-143.550684,-16.621094],[-143.515576,-16.612305],[-143.464697,-16.613574],[-143.440576,-16.619727]]]}},{"type":"Feature","properties":{},"geometry":{"type":"Polygon","coordinates":[[[-143.571143,-16.634766],[-143.610645,-16.64043],[-143.707422,-16.580859],[-143.670215,-16.580859],[-143.614795,-16.618066],[-143.571143,-16.634766]]]}},{"type":"Feature","properties":{},"geometry":{"type":"Polygon","coordinates":[[[-145.051367,-15.856055],[-145.057666,-15.901074],[-145.076416,-15.857617],[-145.137939,-15.788086],[-145.160742,-15.757031],[-145.133545,-15.762012],[-145.051367,-15.856055]]]}},{"type":"Feature","properties":{},"geometry":{"type":"Polygon","coordinates":[[[-145.48667,-16.329785],[-145.482227,-16.346777],[-145.502734,-16.345801],[-145.539844,-16.295117],[-145.553125,-16.251172],[-145.576709,-16.201465],[-145.609131,-16.165234],[-145.612793,-16.131836],[-145.613818,-16.079199],[-145.5771,-16.159863],[-145.542334,-16.224609],[-145.516992,-16.277832],[-145.48667,-16.329785]]]}},{"type":"Feature","properties":{},"geometry":{"type":"Polygon","coordinates":[[[173.038379,1.34209],[173.011328,1.338379],[173.028613,1.35874],[173.143359,1.381348],[173.15332,1.387549],[173.171875,1.375146],[173.171484,1.363379],[173.163086,1.35752],[173.106348,1.35708],[173.061719,1.346338],[173.038379,1.34209]]]}},{"type":"Feature","properties":{},"geometry":{"type":"Polygon","coordinates":[[[-169.755225,56.635059],[-169.623926,56.615137],[-169.550488,56.628125],[-169.485693,56.617725],[-169.474316,56.594043],[-169.586865,56.542432],[-169.632617,56.545703],[-169.766162,56.607959],[-169.755225,56.635059]]]}},{"type":"Feature","properties":{},"geometry":{"type":"Polygon","coordinates":[[[-72.664062,20.0375],[-72.623486,20.01416],[-72.638867,19.98584],[-72.739795,20.003418],[-72.844238,20.035449],[-72.878418,20.027441],[-72.899316,20.031445],[-72.960352,20.062256],[-72.906738,20.08584],[-72.851465,20.093652],[-72.791016,20.091895],[-72.664062,20.0375]]]}},{"type":"Feature","properties":{},"geometry":{"type":"Polygon","coordinates":[[[24.523535,37.125098],[24.486523,37.110059],[24.424805,37.131982],[24.441211,37.186865],[24.483789,37.210205],[24.529102,37.192334],[24.535938,37.167676],[24.523535,37.125098]]]}},{"type":"Feature","properties":{},"geometry":{"type":"Polygon","coordinates":[[[142.188184,26.616504],[142.169922,26.615674],[142.107129,26.721533],[142.125293,26.726465],[142.161719,26.709961],[142.202148,26.648779],[142.188184,26.616504]]]}},{"type":"Feature","properties":{},"geometry":{"type":"Polygon","coordinates":[[[130.916016,37.478467],[130.870605,37.44873],[130.816797,37.478467],[130.810254,37.509912],[130.838379,37.537207],[130.903711,37.553711],[130.934277,37.529736],[130.916016,37.478467]]]}},{"type":"Feature","properties":{},"geometry":{"type":"Polygon","coordinates":[[[178.861523,70.826416],[178.792578,70.82207],[178.648242,71.000586],[178.62832,71.047363],[178.683887,71.105664],[178.829004,71.177881],[178.891113,71.231104],[179.235059,71.324512],[179.547656,71.447656],[179.715918,71.466211],[179.886426,71.52334],[180,71.537744],[180,70.993018],[179.881348,70.975684],[179.647656,70.898926],[179.152539,70.880273],[178.861523,70.826416]]]}},{"type":"Feature","properties":{},"geometry":{"type":"Polygon","coordinates":[[[145.881543,43.459521],[145.895605,43.454541],[145.913867,43.455371],[145.931152,43.457031],[145.941113,43.445459],[145.943555,43.426465],[145.931152,43.425635],[145.907227,43.422314],[145.893945,43.419824],[145.886523,43.433057],[145.881543,43.443799],[145.869141,43.450439],[145.869141,43.457861],[145.881543,43.459521]]]}},{"type":"Feature","properties":{},"geometry":{"type":"Polygon","coordinates":[[[146.358789,43.625391],[146.332324,43.619922],[146.288184,43.625391],[146.273828,43.629834],[146.283691,43.638623],[146.310156,43.651855],[146.333301,43.647461],[146.349805,43.644141],[146.358789,43.625391]]]}},{"type":"Feature","properties":{},"geometry":{"type":"Polygon","coordinates":[[[146.045605,43.409326],[146.032324,43.407129],[146.028027,43.420361],[146.048926,43.433594],[146.088574,43.449023],[146.100781,43.440186],[146.086328,43.429199],[146.069922,43.421484],[146.045605,43.409326]]]}},{"type":"Feature","properties":{},"geometry":{"type":"Polygon","coordinates":[[[-159.740527,-21.249219],[-159.772559,-21.249512],[-159.813086,-21.24209],[-159.8396,-21.238086],[-159.84248,-21.229102],[-159.832031,-21.200488],[-159.810596,-21.186426],[-159.768359,-21.188477],[-159.739502,-21.208105],[-159.736865,-21.240625],[-159.740527,-21.249219]]]}},{"type":"Feature","properties":{},"geometry":{"type":"Polygon","coordinates":[[[-172.47915,-8.580762],[-172.483691,-8.58291],[-172.488232,-8.571582],[-172.494043,-8.55918],[-172.498682,-8.547949],[-172.497021,-8.546484],[-172.487256,-8.556152],[-172.481104,-8.56748],[-172.47915,-8.580762]]]}},{"type":"Feature","properties":{},"geometry":{"type":"Polygon","coordinates":[[[-171.186426,-9.355469],[-171.188623,-9.358301],[-171.193018,-9.352441],[-171.200049,-9.344727],[-171.204443,-9.333301],[-171.20166,-9.332617],[-171.194434,-9.33877],[-171.189307,-9.346582],[-171.186426,-9.355469]]]}},{"type":"Feature","properties":{},"geometry":{"type":"Polygon","coordinates":[[[-172.214551,-4.511133],[-172.208301,-4.517969],[-172.193896,-4.516016],[-172.180957,-4.514844],[-172.188818,-4.52168],[-172.215234,-4.524414],[-172.22832,-4.507031],[-172.212207,-4.493945],[-172.197852,-4.491699],[-172.196387,-4.49541],[-172.197217,-4.499512],[-172.203857,-4.499512],[-172.214746,-4.502637],[-172.214551,-4.511133]]]}},{"type":"Feature","properties":{},"geometry":{"type":"Polygon","coordinates":[[[-171.697607,-2.766406],[-171.66499,-2.785547],[-171.639648,-2.81123],[-171.627637,-2.846973],[-171.628418,-2.855859],[-171.647363,-2.855566],[-171.670605,-2.844434],[-171.687305,-2.829785],[-171.696094,-2.825684],[-171.698291,-2.822266],[-171.678369,-2.824512],[-171.655371,-2.839844],[-171.638525,-2.84668],[-171.639746,-2.829199],[-171.660205,-2.798535],[-171.672656,-2.787988],[-171.688037,-2.779102],[-171.705957,-2.773145],[-171.718164,-2.778613],[-171.724805,-2.781348],[-171.727637,-2.774121],[-171.725146,-2.767871],[-171.718896,-2.761426],[-171.697607,-2.766406]]]}},{"type":"Feature","properties":{},"geometry":{"type":"Polygon","coordinates":[[[-171.085156,-3.135449],[-171.089795,-3.143262],[-171.096729,-3.136914],[-171.091748,-3.125098],[-171.087695,-3.115039],[-171.081006,-3.12041],[-171.085156,-3.135449]]]}},{"type":"Feature","properties":{},"geometry":{"type":"Polygon","coordinates":[[[-171.233203,-4.463477],[-171.243018,-4.468066],[-171.254541,-4.466504],[-171.261768,-4.459766],[-171.261963,-4.449219],[-171.252393,-4.441602],[-171.239404,-4.444141],[-171.231885,-4.453711],[-171.233203,-4.463477]]]}},{"type":"Feature","properties":{},"geometry":{"type":"Polygon","coordinates":[[[-174.512939,-4.675098],[-174.501123,-4.688379],[-174.501025,-4.694727],[-174.506738,-4.693652],[-174.523877,-4.689648],[-174.529248,-4.681641],[-174.516748,-4.686816],[-174.511475,-4.685645],[-174.523047,-4.674023],[-174.533105,-4.665332],[-174.540674,-4.661719],[-174.54082,-4.657324],[-174.531396,-4.659473],[-174.512939,-4.675098]]]}},{"type":"Feature","properties":{},"geometry":{"type":"Polygon","coordinates":[[[-154.95625,-4.087988],[-154.959033,-4.093848],[-154.971094,-4.08584],[-154.994629,-4.071094],[-155.0146,-4.054883],[-155.015039,-4.048047],[-154.986963,-4.038574],[-154.951221,-4.031055],[-154.943359,-4.041602],[-154.950049,-4.055957],[-154.95625,-4.087988]]]}},{"type":"Feature","properties":{},"geometry":{"type":"Polygon","coordinates":[[[-151.782617,-11.441016],[-151.790869,-11.456836],[-151.806689,-11.45127],[-151.815967,-11.431152],[-151.819141,-11.409277],[-151.813281,-11.391797],[-151.802783,-11.392676],[-151.791113,-11.414355],[-151.782617,-11.441016]]]}},{"type":"Feature","properties":{},"geometry":{"type":"Polygon","coordinates":[[[-155.863818,-5.62666],[-155.887109,-5.631836],[-155.914355,-5.631641],[-155.92793,-5.618555],[-155.928613,-5.607617],[-155.919385,-5.60752],[-155.910791,-5.609473],[-155.872266,-5.611328],[-155.862354,-5.619141],[-155.863818,-5.62666]]]}},{"type":"Feature","properties":{},"geometry":{"type":"Polygon","coordinates":[[[-178.535107,-19.166016],[-178.546338,-19.175],[-178.57373,-19.164941],[-178.595947,-19.151367],[-178.598682,-19.137109],[-178.589307,-19.118848],[-178.567676,-19.109277],[-178.556689,-19.112988],[-178.562988,-19.11875],[-178.576172,-19.125195],[-178.574072,-19.143164],[-178.557129,-19.154102],[-178.540625,-19.157031],[-178.535107,-19.166016]]]}},{"type":"Feature","properties":{},"geometry":{"type":"Polygon","coordinates":[[[-179.799854,-18.940332],[-179.797607,-18.969824],[-179.812451,-18.968164],[-179.830225,-18.955566],[-179.839355,-18.961719],[-179.845508,-18.970801],[-179.848584,-18.991309],[-179.851221,-19.00293],[-179.865039,-18.99873],[-179.867334,-18.978418],[-179.862793,-18.96416],[-179.856201,-18.943262],[-179.831104,-18.924219],[-179.799854,-18.940332]]]}},{"type":"Feature","properties":{},"geometry":{"type":"Polygon","coordinates":[[[-178.711621,-20.667773],[-178.709521,-20.670508],[-178.714941,-20.670313],[-178.723096,-20.666797],[-178.729102,-20.660156],[-178.730566,-20.652832],[-178.727539,-20.645215],[-178.724561,-20.645703],[-178.719189,-20.652344],[-178.714209,-20.659766],[-178.711621,-20.667773]]]}},{"type":"Feature","properties":{},"geometry":{"type":"Polygon","coordinates":[[[-78.80415,-33.646484],[-78.98335,-33.667773],[-78.989453,-33.661719],[-78.979297,-33.644141],[-78.938135,-33.613574],[-78.888281,-33.576367],[-78.877441,-33.575195],[-78.859033,-33.578125],[-78.838184,-33.585059],[-78.784668,-33.610156],[-78.768945,-33.627344],[-78.774707,-33.641602],[-78.80415,-33.646484]]]}},{"type":"Feature","properties":{},"geometry":{"type":"Polygon","coordinates":[[[-14.364355,-7.974316],[-14.398682,-7.975781],[-14.408691,-7.96748],[-14.414941,-7.94375],[-14.398584,-7.905762],[-14.383643,-7.882617],[-14.3604,-7.885938],[-14.328857,-7.912598],[-14.302539,-7.935449],[-14.316797,-7.956152],[-14.364355,-7.974316]]]}},{"type":"Feature","properties":{},"geometry":{"type":"Polygon","coordinates":[[[72.780371,11.20249],[72.773047,11.196094],[72.772461,11.214258],[72.781836,11.243311],[72.792676,11.262744],[72.795898,11.260449],[72.792871,11.241553],[72.787891,11.215918],[72.780371,11.20249]]]}},{"type":"Feature","properties":{},"geometry":{"type":"Polygon","coordinates":[[[73.067383,8.269092],[73.05332,8.256689],[73.038867,8.251953],[73.028516,8.253516],[73.023438,8.265918],[73.026074,8.275293],[73.038965,8.264844],[73.055859,8.274561],[73.075195,8.306348],[73.079492,8.316504],[73.083594,8.311035],[73.079785,8.293066],[73.067383,8.269092]]]}},{"type":"Feature","properties":{},"geometry":{"type":"Polygon","coordinates":[[[73.416602,3.23125],[73.395313,3.229395],[73.382031,3.246484],[73.384961,3.271387],[73.401563,3.28877],[73.427734,3.289844],[73.442773,3.274316],[73.434961,3.250146],[73.416602,3.23125]]]}},{"type":"Feature","properties":{},"geometry":{"type":"Polygon","coordinates":[[[73.512207,4.164551],[73.494824,4.155176],[73.478613,4.158936],[73.473047,4.170703],[73.481152,4.188135],[73.494727,4.210449],[73.504102,4.234619],[73.517773,4.247656],[73.52832,4.243311],[73.527148,4.229687],[73.522168,4.211035],[73.519043,4.186865],[73.512207,4.164551]]]}},{"type":"Feature","properties":{},"geometry":{"type":"Polygon","coordinates":[[[131.172363,3.026221],[131.149609,3.021875],[131.134961,3.025244],[131.136719,3.039453],[131.151563,3.054102],[131.172363,3.060596],[131.187891,3.055615],[131.186328,3.04209],[131.172363,3.026221]]]}},{"type":"Feature","properties":{},"geometry":{"type":"Polygon","coordinates":[[[151.647754,7.346191],[151.639453,7.333008],[151.57832,7.338086],[151.569727,7.345508],[151.575098,7.351318],[151.604297,7.357227],[151.607813,7.375391],[151.592871,7.379248],[151.605664,7.388721],[151.629492,7.39043],[151.643262,7.379248],[151.650488,7.362842],[151.647754,7.346191]]]}},{"type":"Feature","properties":{},"geometry":{"type":"Polygon","coordinates":[[[151.881445,7.432031],[151.864258,7.426758],[151.855957,7.431787],[151.859961,7.457373],[151.865332,7.466162],[151.881836,7.46709],[151.910547,7.460156],[151.912598,7.453857],[151.881445,7.432031]]]}},{"type":"Feature","properties":{},"geometry":{"type":"Polygon","coordinates":[[[166.890332,11.153076],[166.864453,11.14624],[166.844727,11.153369],[166.858887,11.166309],[166.888086,11.168652],[166.899414,11.165039],[166.890332,11.153076]]]}},{"type":"Feature","properties":{},"geometry":{"type":"Polygon","coordinates":[[[177.121484,-12.505469],[177.082422,-12.515625],[177.019336,-12.507324],[177.00625,-12.491113],[177.026367,-12.4875],[177.067578,-12.476953],[177.118066,-12.482324],[177.126953,-12.492871],[177.121484,-12.505469]]]}},{"type":"Feature","properties":{},"geometry":{"type":"Polygon","coordinates":[[[174.629688,-21.69502],[174.621875,-21.705859],[174.592969,-21.702344],[174.587207,-21.680078],[174.604199,-21.66748],[174.627734,-21.675977],[174.629688,-21.69502]]]}},{"type":"Feature","properties":{},"geometry":{"type":"Polygon","coordinates":[[[179.213672,-8.524219],[179.200586,-8.534961],[179.195703,-8.534766],[179.200879,-8.512109],[179.197949,-8.488672],[179.198535,-8.47002],[179.203027,-8.466309],[179.211621,-8.488086],[179.216602,-8.514844],[179.213672,-8.524219]]]}},{"type":"Feature","properties":{},"geometry":{"type":"Polygon","coordinates":[[[178.694824,-7.483496],[178.692871,-7.495117],[178.687109,-7.494043],[178.674219,-7.480176],[178.666699,-7.457813],[178.676855,-7.463184],[178.689844,-7.473828],[178.694824,-7.483496]]]}},{"type":"Feature","properties":{},"geometry":{"type":"Polygon","coordinates":[[[178.389746,-8.045801],[178.377051,-8.068457],[178.370703,-8.060645],[178.379395,-8.04668],[178.387012,-8.031836],[178.389746,-8.045801]]]}},{"type":"Feature","properties":{},"geometry":{"type":"Polygon","coordinates":[[[169.551074,-0.87373],[169.541699,-0.875977],[169.522949,-0.865625],[169.525586,-0.852637],[169.538672,-0.846875],[169.555273,-0.856543],[169.551074,-0.87373]]]}},{"type":"Feature","properties":{},"geometry":{"type":"Polygon","coordinates":[[[-128.290088,-24.397363],[-128.3,-24.412598],[-128.320654,-24.399707],[-128.342187,-24.370703],[-128.350195,-24.340234],[-128.330127,-24.323242],[-128.303613,-24.333594],[-128.29082,-24.364648],[-128.290088,-24.397363]]]}},{"type":"Feature","properties":{},"geometry":{"type":"Polygon","coordinates":[[[-166.109863,66.227441],[-166.148633,66.221826],[-166.146484,66.237158],[-166.03252,66.277734],[-165.822217,66.328076],[-165.829883,66.317139],[-165.942285,66.278174],[-166.109863,66.227441]]]}},{"type":"Feature","properties":{},"geometry":{"type":"Polygon","coordinates":[[[-86.714014,21.239307],[-86.696289,21.191016],[-86.713623,21.196777],[-86.736377,21.233301],[-86.752881,21.278809],[-86.739062,21.27998],[-86.726904,21.264307],[-86.714014,21.239307]]]}},{"type":"Feature","properties":{},"geometry":{"type":"Polygon","coordinates":[[[54.46543,24.442773],[54.456641,24.42334],[54.428418,24.425098],[54.357715,24.442773],[54.334766,24.471045],[54.378906,24.50459],[54.39834,24.506348],[54.426563,24.471045],[54.46543,24.442773]]]}},{"type":"Feature","properties":{},"geometry":{"type":"Polygon","coordinates":[[[-81.783838,24.54458],[-81.809229,24.542334],[-81.811426,24.557812],[-81.767676,24.576709],[-81.738672,24.575439],[-81.739746,24.554492],[-81.783838,24.54458]]]}},{"type":"Feature","properties":{},"geometry":{"type":"Polygon","coordinates":[[[124.744531,37.980615],[124.755469,37.969824],[124.753711,37.955176],[124.739844,37.947217],[124.71709,37.932861],[124.69668,37.920166],[124.655859,37.924756],[124.625391,37.945215],[124.635938,37.980615],[124.661133,37.973437],[124.716602,37.98877],[124.744531,37.980615]]]}}]}